[     667ms] [ERROR] Failed to load resource: the server responded with a status of 401 (Unauthorized) @ http://localhost:3000/api/auth/ws-ticket:0
[     669ms] [ERROR] Failed to load resource: the server responded with a status of 401 (Unauthorized) @ http://localhost:3000/api/user/state?client_id=08e16c6d-d7b5-4af4-9e6e-7aa845cad4ff:0
[     926ms] [ERROR] Failed to load resource: the server responded with a status of 401 (Unauthorized) @ http://localhost:3000/api/auth/ws-ticket:0
[    2659ms] [ERROR] Failed to load resource: the server responded with a status of 401 (Unauthorized) @ http://localhost:3000/api/user/state?client_id=08e16c6d-d7b5-4af4-9e6e-7aa845cad4ff:0
[    2691ms] [ERROR] Failed to load resource: the server responded with a status of 401 (Unauthorized) @ http://localhost:3000/api/user/state?client_id=08e16c6d-d7b5-4af4-9e6e-7aa845cad4ff:0
[    3759ms] [ERROR] Failed to load resource: the server responded with a status of 401 (Unauthorized) @ http://localhost:3000/api/auth/ws-ticket:0
[    4177ms] [ERROR] Failed to load resource: the server responded with a status of 401 (Unauthorized) @ http://localhost:3000/api/auth/ws-ticket:0
[    4659ms] [ERROR] Failed to load resource: the server responded with a status of 401 (Unauthorized) @ http://localhost:3000/api/user/state?client_id=08e16c6d-d7b5-4af4-9e6e-7aa845cad4ff:0
[    6011ms] [ERROR] Failed to load resource: the server responded with a status of 401 (Unauthorized) @ http://localhost:3000/api/user/state?client_id=08e16c6d-d7b5-4af4-9e6e-7aa845cad4ff:0
[    6652ms] [ERROR] Failed to load resource: the server responded with a status of 401 (Unauthorized) @ http://localhost:3000/api/user/state?client_id=08e16c6d-d7b5-4af4-9e6e-7aa845cad4ff:0
[    7095ms] [ERROR] Failed to load resource: the server responded with a status of 401 (Unauthorized) @ http://localhost:3000/api/auth/ws-ticket:0
[    7345ms] [ERROR] Failed to load resource: the server responded with a status of 401 (Unauthorized) @ http://localhost:3000/api/auth/ws-ticket:0
[    8651ms] [ERROR] Failed to load resource: the server responded with a status of 401 (Unauthorized) @ http://localhost:3000/api/user/state?client_id=08e16c6d-d7b5-4af4-9e6e-7aa845cad4ff:0
[    9197ms] [ERROR] Failed to load resource: the server responded with a status of 401 (Unauthorized) @ http://localhost:3000/api/user/state?client_id=08e16c6d-d7b5-4af4-9e6e-7aa845cad4ff:0
[   10116ms] [ERROR] Failed to load resource: the server responded with a status of 401 (Unauthorized) @ http://localhost:3000/api/auth/ws-ticket:0
[   10682ms] [ERROR] Failed to load resource: the server responded with a status of 401 (Unauthorized) @ http://localhost:3000/api/auth/ws-ticket:0
[   10950ms] [ERROR] Failed to load resource: the server responded with a status of 401 (Unauthorized) @ http://localhost:3000/api/user/state?client_id=08e16c6d-d7b5-4af4-9e6e-7aa845cad4ff:0
[   12220ms] [ERROR] Failed to load resource: the server responded with a status of 401 (Unauthorized) @ http://localhost:3000/api/user/state?client_id=08e16c6d-d7b5-4af4-9e6e-7aa845cad4ff:0
[   12968ms] [ERROR] Failed to load resource: the server responded with a status of 401 (Unauthorized) @ http://localhost:3000/api/user/state?client_id=08e16c6d-d7b5-4af4-9e6e-7aa845cad4ff:0
[   13221ms] [ERROR] Failed to load resource: the server responded with a status of 401 (Unauthorized) @ http://localhost:3000/api/auth/ws-ticket:0
[   13703ms] [ERROR] Failed to load resource: the server responded with a status of 401 (Unauthorized) @ http://localhost:3000/api/auth/ws-ticket:0
[   14020ms] [ERROR] Failed to load resource: the server responded with a status of 401 (Unauthorized) @ http://localhost:3000/api/auth/ws-ticket:0
[   14655ms] [ERROR] Failed to load resource: the server responded with a status of 401 (Unauthorized) @ http://localhost:3000/api/user/state?client_id=08e16c6d-d7b5-4af4-9e6e-7aa845cad4ff:0
[   15848ms] [ERROR] Failed to load resource: the server responded with a status of 401 (Unauthorized) @ http://localhost:3000/api/user/state?client_id=08e16c6d-d7b5-4af4-9e6e-7aa845cad4ff:0
[   16238ms] [ERROR] Failed to load resource: the server responded with a status of 401 (Unauthorized) @ http://localhost:3000/api/auth/ws-ticket:0
[   16974ms] [ERROR] Failed to load resource: the server responded with a status of 401 (Unauthorized) @ http://localhost:3000/api/user/state?client_id=08e16c6d-d7b5-4af4-9e6e-7aa845cad4ff:0
[   17040ms] [ERROR] Failed to load resource: the server responded with a status of 401 (Unauthorized) @ http://localhost:3000/api/auth/ws-ticket:0
[   18594ms] [ERROR] Failed to load resource: the server responded with a status of 401 (Unauthorized) @ http://localhost:3000/api/user/state?client_id=08e16c6d-d7b5-4af4-9e6e-7aa845cad4ff:0
[   18977ms] [ERROR] Failed to load resource: the server responded with a status of 401 (Unauthorized) @ http://localhost:3000/api/user/state?client_id=08e16c6d-d7b5-4af4-9e6e-7aa845cad4ff:0
[   19259ms] [ERROR] Failed to load resource: the server responded with a status of 401 (Unauthorized) @ http://localhost:3000/api/auth/ws-ticket:0
[   20376ms] [ERROR] Failed to load resource: the server responded with a status of 401 (Unauthorized) @ http://localhost:3000/api/auth/ws-ticket:0
[   20662ms] [ERROR] Failed to load resource: the server responded with a status of 401 (Unauthorized) @ http://localhost:3000/api/user/state?client_id=08e16c6d-d7b5-4af4-9e6e-7aa845cad4ff:0
[   22230ms] [ERROR] Failed to load resource: the server responded with a status of 401 (Unauthorized) @ http://localhost:3000/api/user/state?client_id=08e16c6d-d7b5-4af4-9e6e-7aa845cad4ff:0
[   22480ms] [ERROR] Failed to load resource: the server responded with a status of 401 (Unauthorized) @ http://localhost:3000/api/auth/ws-ticket:0
[   22648ms] [ERROR] Failed to load resource: the server responded with a status of 401 (Unauthorized) @ http://localhost:3000/api/user/state?client_id=08e16c6d-d7b5-4af4-9e6e-7aa845cad4ff:0
[   23715ms] [ERROR] Failed to load resource: the server responded with a status of 401 (Unauthorized) @ http://localhost:3000/api/auth/ws-ticket:0
[   24652ms] [ERROR] Failed to load resource: the server responded with a status of 401 (Unauthorized) @ http://localhost:3000/api/user/state?client_id=08e16c6d-d7b5-4af4-9e6e-7aa845cad4ff:0
[   25568ms] [ERROR] Failed to load resource: the server responded with a status of 401 (Unauthorized) @ http://localhost:3000/api/user/state?client_id=08e16c6d-d7b5-4af4-9e6e-7aa845cad4ff:0
[   25818ms] [ERROR] Failed to load resource: the server responded with a status of 401 (Unauthorized) @ http://localhost:3000/api/auth/ws-ticket:0
[   26652ms] [ERROR] Failed to load resource: the server responded with a status of 401 (Unauthorized) @ http://localhost:3000/api/user/state?client_id=08e16c6d-d7b5-4af4-9e6e-7aa845cad4ff:0
[   27051ms] [ERROR] Failed to load resource: the server responded with a status of 401 (Unauthorized) @ http://localhost:3000/api/auth/ws-ticket:0
[   28587ms] [ERROR] Failed to load resource: the server responded with a status of 401 (Unauthorized) @ http://localhost:3000/api/user/state?client_id=08e16c6d-d7b5-4af4-9e6e-7aa845cad4ff:0
[   28955ms] [ERROR] Failed to load resource: the server responded with a status of 401 (Unauthorized) @ http://localhost:3000/api/user/state?client_id=08e16c6d-d7b5-4af4-9e6e-7aa845cad4ff:0
[   29153ms] [ERROR] Failed to load resource: the server responded with a status of 401 (Unauthorized) @ http://localhost:3000/api/auth/ws-ticket:0
[   30074ms] [ERROR] Failed to load resource: the server responded with a status of 401 (Unauthorized) @ http://localhost:3000/api/auth/ws-ticket:0
[   30391ms] [ERROR] Failed to load resource: the server responded with a status of 401 (Unauthorized) @ http://localhost:3000/api/auth/ws-ticket:0
[   30660ms] [ERROR] Failed to load resource: the server responded with a status of 401 (Unauthorized) @ http://localhost:3000/api/user/state?client_id=08e16c6d-d7b5-4af4-9e6e-7aa845cad4ff:0
[   32229ms] [ERROR] Failed to load resource: the server responded with a status of 401 (Unauthorized) @ http://localhost:3000/api/user/state?client_id=08e16c6d-d7b5-4af4-9e6e-7aa845cad4ff:0
[   32479ms] [ERROR] Failed to load resource: the server responded with a status of 401 (Unauthorized) @ http://localhost:3000/api/auth/ws-ticket:0
[   32659ms] [ERROR] Failed to load resource: the server responded with a status of 401 (Unauthorized) @ http://localhost:3000/api/user/state?client_id=08e16c6d-d7b5-4af4-9e6e-7aa845cad4ff:0
[   33426ms] [ERROR] Failed to load resource: the server responded with a status of 401 (Unauthorized) @ http://localhost:3000/api/auth/ws-ticket:0
[   34661ms] [ERROR] Failed to load resource: the server responded with a status of 401 (Unauthorized) @ http://localhost:3000/api/user/state?client_id=08e16c6d-d7b5-4af4-9e6e-7aa845cad4ff:0
[   35295ms] [ERROR] Failed to load resource: the server responded with a status of 401 (Unauthorized) @ http://localhost:3000/api/user/state?client_id=08e16c6d-d7b5-4af4-9e6e-7aa845cad4ff:0
[   35559ms] [ERROR] Failed to load resource: the server responded with a status of 401 (Unauthorized) @ http://localhost:3000/api/auth/ws-ticket:0
[   36445ms] [ERROR] Failed to load resource: the server responded with a status of 401 (Unauthorized) @ http://localhost:3000/api/auth/ws-ticket:0
[   36780ms] [ERROR] Failed to load resource: the server responded with a status of 401 (Unauthorized) @ http://localhost:3000/api/auth/ws-ticket:0
[   36979ms] [ERROR] Failed to load resource: the server responded with a status of 401 (Unauthorized) @ http://localhost:3000/api/user/state?client_id=08e16c6d-d7b5-4af4-9e6e-7aa845cad4ff:0
[   38297ms] [ERROR] Failed to load resource: the server responded with a status of 401 (Unauthorized) @ http://localhost:3000/api/user/state?client_id=08e16c6d-d7b5-4af4-9e6e-7aa845cad4ff:0
[   38898ms] [ERROR] Failed to load resource: the server responded with a status of 401 (Unauthorized) @ http://localhost:3000/api/auth/ws-ticket:0
[   38964ms] [ERROR] Failed to load resource: the server responded with a status of 401 (Unauthorized) @ http://localhost:3000/api/user/state?client_id=08e16c6d-d7b5-4af4-9e6e-7aa845cad4ff:0
[   39466ms] [ERROR] Failed to load resource: the server responded with a status of 401 (Unauthorized) @ http://localhost:3000/api/auth/ws-ticket:0
[   40116ms] [ERROR] Failed to load resource: the server responded with a status of 401 (Unauthorized) @ http://localhost:3000/api/auth/ws-ticket:0
[   40650ms] [ERROR] Failed to load resource: the server responded with a status of 401 (Unauthorized) @ http://localhost:3000/api/user/state?client_id=08e16c6d-d7b5-4af4-9e6e-7aa845cad4ff:0
[   41947ms] [ERROR] Failed to load resource: the server responded with a status of 401 (Unauthorized) @ http://localhost:3000/api/user/state?client_id=08e16c6d-d7b5-4af4-9e6e-7aa845cad4ff:0
[   42202ms] [ERROR] Failed to load resource: the server responded with a status of 401 (Unauthorized) @ http://localhost:3000/api/auth/ws-ticket:0
[   42484ms] [ERROR] Failed to load resource: the server responded with a status of 401 (Unauthorized) @ http://localhost:3000/api/auth/ws-ticket:0
[   42968ms] [ERROR] Failed to load resource: the server responded with a status of 401 (Unauthorized) @ http://localhost:3000/api/user/state?client_id=08e16c6d-d7b5-4af4-9e6e-7aa845cad4ff:0
[   43222ms] [ERROR] Failed to load resource: the server responded with a status of 401 (Unauthorized) @ http://localhost:3000/api/auth/ws-ticket:0
[   44654ms] [ERROR] Failed to load resource: the server responded with a status of 401 (Unauthorized) @ http://localhost:3000/api/user/state?client_id=08e16c6d-d7b5-4af4-9e6e-7aa845cad4ff:0
[   45042ms] [ERROR] Failed to load resource: the server responded with a status of 401 (Unauthorized) @ http://localhost:3000/api/user/state?client_id=08e16c6d-d7b5-4af4-9e6e-7aa845cad4ff:0
[   45307ms] [ERROR] Failed to load resource: the server responded with a status of 401 (Unauthorized) @ http://localhost:3000/api/auth/ws-ticket:0
[   45522ms] [ERROR] Failed to load resource: the server responded with a status of 401 (Unauthorized) @ http://localhost:3000/api/auth/ws-ticket:0
[   46241ms] [ERROR] Failed to load resource: the server responded with a status of 401 (Unauthorized) @ http://localhost:3000/api/auth/ws-ticket:0
[   46974ms] [ERROR] Failed to load resource: the server responded with a status of 401 (Unauthorized) @ http://localhost:3000/api/user/state?client_id=08e16c6d-d7b5-4af4-9e6e-7aa845cad4ff:0
[   47757ms] [ERROR] Failed to load resource: the server responded with a status of 401 (Unauthorized) @ http://localhost:3000/api/user/state?client_id=08e16c6d-d7b5-4af4-9e6e-7aa845cad4ff:0
[   48627ms] [ERROR] Failed to load resource: the server responded with a status of 401 (Unauthorized) @ http://localhost:3000/api/auth/ws-ticket:0
[   48881ms] [ERROR] Failed to load resource: the server responded with a status of 401 (Unauthorized) @ http://localhost:3000/api/user/state?client_id=08e16c6d-d7b5-4af4-9e6e-7aa845cad4ff:0
[   49260ms] [ERROR] Failed to load resource: the server responded with a status of 401 (Unauthorized) @ http://localhost:3000/api/auth/ws-ticket:0
[   50977ms] [ERROR] Failed to load resource: the server responded with a status of 401 (Unauthorized) @ http://localhost:3000/api/user/state?client_id=08e16c6d-d7b5-4af4-9e6e-7aa845cad4ff:0
[   51078ms] [ERROR] Failed to load resource: the server responded with a status of 401 (Unauthorized) @ http://localhost:3000/api/user/state?client_id=08e16c6d-d7b5-4af4-9e6e-7aa845cad4ff:0
[   51645ms] [ERROR] Failed to load resource: the server responded with a status of 401 (Unauthorized) @ http://localhost:3000/api/auth/ws-ticket:0
[   51978ms] [ERROR] Failed to load resource: the server responded with a status of 401 (Unauthorized) @ http://localhost:3000/api/auth/ws-ticket:0
[   52279ms] [ERROR] Failed to load resource: the server responded with a status of 401 (Unauthorized) @ http://localhost:3000/api/auth/ws-ticket:0
[   52965ms] [ERROR] Failed to load resource: the server responded with a status of 401 (Unauthorized) @ http://localhost:3000/api/user/state?client_id=08e16c6d-d7b5-4af4-9e6e-7aa845cad4ff:0
[   53798ms] [ERROR] Failed to load resource: the server responded with a status of 401 (Unauthorized) @ http://localhost:3000/api/user/state?client_id=08e16c6d-d7b5-4af4-9e6e-7aa845cad4ff:0
[   54968ms] [ERROR] Failed to load resource: the server responded with a status of 401 (Unauthorized) @ http://localhost:3000/api/user/state?client_id=08e16c6d-d7b5-4af4-9e6e-7aa845cad4ff:0
[   54968ms] [ERROR] Failed to load resource: the server responded with a status of 401 (Unauthorized) @ http://localhost:3000/api/auth/ws-ticket:0
[   55217ms] [ERROR] Failed to load resource: the server responded with a status of 401 (Unauthorized) @ http://localhost:3000/api/auth/ws-ticket:0
[   55300ms] [ERROR] Failed to load resource: the server responded with a status of 401 (Unauthorized) @ http://localhost:3000/api/auth/ws-ticket:0
[   56651ms] [ERROR] Failed to load resource: the server responded with a status of 401 (Unauthorized) @ http://localhost:3000/api/user/state?client_id=08e16c6d-d7b5-4af4-9e6e-7aa845cad4ff:0
[   57130ms] [ERROR] Failed to load resource: the server responded with a status of 401 (Unauthorized) @ http://localhost:3000/api/user/state?client_id=08e16c6d-d7b5-4af4-9e6e-7aa845cad4ff:0
[   57988ms] [ERROR] Failed to load resource: the server responded with a status of 401 (Unauthorized) @ http://localhost:3000/api/auth/ws-ticket:0
[   58544ms] [ERROR] Failed to load resource: the server responded with a status of 401 (Unauthorized) @ http://localhost:3000/api/auth/ws-ticket:0
[   58808ms] [ERROR] Failed to load resource: the server responded with a status of 401 (Unauthorized) @ http://localhost:3000/api/user/state?client_id=08e16c6d-d7b5-4af4-9e6e-7aa845cad4ff:0
[   60089ms] [ERROR] Failed to load resource: the server responded with a status of 401 (Unauthorized) @ http://localhost:3000/api/user/state?client_id=08e16c6d-d7b5-4af4-9e6e-7aa845cad4ff:0
[   60971ms] [ERROR] Failed to load resource: the server responded with a status of 401 (Unauthorized) @ http://localhost:3000/api/user/state?client_id=08e16c6d-d7b5-4af4-9e6e-7aa845cad4ff:0
[   61216ms] [ERROR] Failed to load resource: the server responded with a status of 401 (Unauthorized) @ http://localhost:3000/api/auth/ws-ticket:0
[   61567ms] [ERROR] Failed to load resource: the server responded with a status of 401 (Unauthorized) @ http://localhost:3000/api/auth/ws-ticket:0
[   61904ms] [ERROR] Failed to load resource: the server responded with a status of 401 (Unauthorized) @ http://localhost:3000/api/auth/ws-ticket:0
[   62657ms] [ERROR] Failed to load resource: the server responded with a status of 401 (Unauthorized) @ http://localhost:3000/api/user/state?client_id=08e16c6d-d7b5-4af4-9e6e-7aa845cad4ff:0
[   63742ms] [ERROR] Failed to load resource: the server responded with a status of 401 (Unauthorized) @ http://localhost:3000/api/user/state?client_id=08e16c6d-d7b5-4af4-9e6e-7aa845cad4ff:0
[   64241ms] [ERROR] Failed to load resource: the server responded with a status of 401 (Unauthorized) @ http://localhost:3000/api/auth/ws-ticket:0
[   64909ms] [ERROR] Failed to load resource: the server responded with a status of 401 (Unauthorized) @ http://localhost:3000/api/auth/ws-ticket:0
[   64962ms] [ERROR] Failed to load resource: the server responded with a status of 401 (Unauthorized) @ http://localhost:3000/api/user/state?client_id=08e16c6d-d7b5-4af4-9e6e-7aa845cad4ff:0
[   65161ms] [ERROR] Failed to load resource: the server responded with a status of 401 (Unauthorized) @ http://localhost:3000/api/auth/ws-ticket:0
[   66648ms] [ERROR] Failed to load resource: the server responded with a status of 401 (Unauthorized) @ http://localhost:3000/api/user/state?client_id=08e16c6d-d7b5-4af4-9e6e-7aa845cad4ff:0
[   66987ms] [ERROR] Failed to load resource: the server responded with a status of 401 (Unauthorized) @ http://localhost:3000/api/user/state?client_id=08e16c6d-d7b5-4af4-9e6e-7aa845cad4ff:0
[   67262ms] [ERROR] Failed to load resource: the server responded with a status of 401 (Unauthorized) @ http://localhost:3000/api/auth/ws-ticket:0
[   68246ms] [ERROR] Failed to load resource: the server responded with a status of 401 (Unauthorized) @ http://localhost:3000/api/auth/ws-ticket:0
[   68648ms] [ERROR] Failed to load resource: the server responded with a status of 401 (Unauthorized) @ http://localhost:3000/api/user/state?client_id=08e16c6d-d7b5-4af4-9e6e-7aa845cad4ff:0
[   70116ms] [ERROR] Failed to load resource: the server responded with a status of 401 (Unauthorized) @ http://localhost:3000/api/user/state?client_id=08e16c6d-d7b5-4af4-9e6e-7aa845cad4ff:0
[   70382ms] [ERROR] Failed to load resource: the server responded with a status of 401 (Unauthorized) @ http://localhost:3000/api/auth/ws-ticket:0
[   70650ms] [ERROR] Failed to load resource: the server responded with a status of 401 (Unauthorized) @ http://localhost:3000/api/user/state?client_id=08e16c6d-d7b5-4af4-9e6e-7aa845cad4ff:0
[   71584ms] [ERROR] Failed to load resource: the server responded with a status of 401 (Unauthorized) @ http://localhost:3000/api/auth/ws-ticket:0
[   72654ms] [ERROR] Failed to load resource: the server responded with a status of 401 (Unauthorized) @ http://localhost:3000/api/user/state?client_id=08e16c6d-d7b5-4af4-9e6e-7aa845cad4ff:0
[   73469ms] [ERROR] Failed to load resource: the server responded with a status of 401 (Unauthorized) @ http://localhost:3000/api/user/state?client_id=08e16c6d-d7b5-4af4-9e6e-7aa845cad4ff:0
[   73705ms] [ERROR] Failed to load resource: the server responded with a status of 401 (Unauthorized) @ http://localhost:3000/api/auth/ws-ticket:0
[   74604ms] [ERROR] Failed to load resource: the server responded with a status of 401 (Unauthorized) @ http://localhost:3000/api/auth/ws-ticket:0
[   74972ms] [ERROR] Failed to load resource: the server responded with a status of 401 (Unauthorized) @ http://localhost:3000/api/user/state?client_id=08e16c6d-d7b5-4af4-9e6e-7aa845cad4ff:0
[   74972ms] [ERROR] Failed to load resource: the server responded with a status of 401 (Unauthorized) @ http://localhost:3000/api/auth/ws-ticket:0
[   76490ms] [ERROR] Failed to load resource: the server responded with a status of 401 (Unauthorized) @ http://localhost:3000/api/user/state?client_id=08e16c6d-d7b5-4af4-9e6e-7aa845cad4ff:0
[   76957ms] [ERROR] Failed to load resource: the server responded with a status of 401 (Unauthorized) @ http://localhost:3000/api/user/state?client_id=08e16c6d-d7b5-4af4-9e6e-7aa845cad4ff:0
[   77040ms] [ERROR] Failed to load resource: the server responded with a status of 401 (Unauthorized) @ http://localhost:3000/api/auth/ws-ticket:0
[   77625ms] [ERROR] Failed to load resource: the server responded with a status of 401 (Unauthorized) @ http://localhost:3000/api/auth/ws-ticket:0
[   78294ms] [ERROR] Failed to load resource: the server responded with a status of 401 (Unauthorized) @ http://localhost:3000/api/auth/ws-ticket:0
[   78658ms] [ERROR] Failed to load resource: the server responded with a status of 401 (Unauthorized) @ http://localhost:3000/api/user/state?client_id=08e16c6d-d7b5-4af4-9e6e-7aa845cad4ff:0
[   80127ms] [ERROR] Failed to load resource: the server responded with a status of 401 (Unauthorized) @ http://localhost:3000/api/user/state?client_id=08e16c6d-d7b5-4af4-9e6e-7aa845cad4ff:0
[   80361ms] [ERROR] Failed to load resource: the server responded with a status of 401 (Unauthorized) @ http://localhost:3000/api/auth/ws-ticket:0
[   80643ms] [ERROR] Failed to load resource: the server responded with a status of 401 (Unauthorized) @ http://localhost:3000/api/auth/ws-ticket:0
[   80961ms] [ERROR] Failed to load resource: the server responded with a status of 401 (Unauthorized) @ http://localhost:3000/api/user/state?client_id=08e16c6d-d7b5-4af4-9e6e-7aa845cad4ff:0
[   81328ms] [ERROR] Failed to load resource: the server responded with a status of 401 (Unauthorized) @ http://localhost:3000/api/auth/ws-ticket:0
[   82966ms] [ERROR] Failed to load resource: the server responded with a status of 401 (Unauthorized) @ http://localhost:3000/api/user/state?client_id=08e16c6d-d7b5-4af4-9e6e-7aa845cad4ff:0
[   83166ms] [ERROR] Failed to load resource: the server responded with a status of 401 (Unauthorized) @ http://localhost:3000/api/user/state?client_id=08e16c6d-d7b5-4af4-9e6e-7aa845cad4ff:0
[   83381ms] [ERROR] Failed to load resource: the server responded with a status of 401 (Unauthorized) @ http://localhost:3000/api/auth/ws-ticket:0
[   84014ms] [ERROR] Failed to load resource: the server responded with a status of 401 (Unauthorized) @ http://localhost:3000/api/auth/ws-ticket:0
[   84349ms] [ERROR] Failed to load resource: the server responded with a status of 401 (Unauthorized) @ http://localhost:3000/api/auth/ws-ticket:0
[   84965ms] [ERROR] Failed to load resource: the server responded with a status of 401 (Unauthorized) @ http://localhost:3000/api/user/state?client_id=08e16c6d-d7b5-4af4-9e6e-7aa845cad4ff:0
[   85867ms] [ERROR] Failed to load resource: the server responded with a status of 401 (Unauthorized) @ http://localhost:3000/api/user/state?client_id=08e16c6d-d7b5-4af4-9e6e-7aa845cad4ff:0
[   86716ms] [ERROR] Failed to load resource: the server responded with a status of 401 (Unauthorized) @ http://localhost:3000/api/auth/ws-ticket:0
[   86968ms] [ERROR] Failed to load resource: the server responded with a status of 401 (Unauthorized) @ http://localhost:3000/api/user/state?client_id=08e16c6d-d7b5-4af4-9e6e-7aa845cad4ff:0
[   87034ms] [ERROR] Failed to load resource: the server responded with a status of 401 (Unauthorized) @ http://localhost:3000/api/auth/ws-ticket:0
[   87668ms] [ERROR] Failed to load resource: the server responded with a status of 401 (Unauthorized) @ http://localhost:3000/api/auth/ws-ticket:0
[   88651ms] [ERROR] Failed to load resource: the server responded with a status of 401 (Unauthorized) @ http://localhost:3000/api/user/state?client_id=08e16c6d-d7b5-4af4-9e6e-7aa845cad4ff:0
[   89489ms] [ERROR] Failed to load resource: the server responded with a status of 401 (Unauthorized) @ http://localhost:3000/api/user/state?client_id=08e16c6d-d7b5-4af4-9e6e-7aa845cad4ff:0
[   89741ms] [ERROR] Failed to load resource: the server responded with a status of 401 (Unauthorized) @ http://localhost:3000/api/auth/ws-ticket:0
[   90057ms] [ERROR] Failed to load resource: the server responded with a status of 401 (Unauthorized) @ http://localhost:3000/api/auth/ws-ticket:0
[   90656ms] [ERROR] Failed to load resource: the server responded with a status of 401 (Unauthorized) @ http://localhost:3000/api/user/state?client_id=08e16c6d-d7b5-4af4-9e6e-7aa845cad4ff:0
[   90989ms] [ERROR] Failed to load resource: the server responded with a status of 401 (Unauthorized) @ http://localhost:3000/api/auth/ws-ticket:0
[   92508ms] [ERROR] Failed to load resource: the server responded with a status of 401 (Unauthorized) @ http://localhost:3000/api/user/state?client_id=08e16c6d-d7b5-4af4-9e6e-7aa845cad4ff:0
[   92974ms] [ERROR] Failed to load resource: the server responded with a status of 401 (Unauthorized) @ http://localhost:3000/api/user/state?client_id=08e16c6d-d7b5-4af4-9e6e-7aa845cad4ff:0
[   93076ms] [ERROR] Failed to load resource: the server responded with a status of 401 (Unauthorized) @ http://localhost:3000/api/auth/ws-ticket:0
[   94008ms] [ERROR] Failed to load resource: the server responded with a status of 401 (Unauthorized) @ http://localhost:3000/api/auth/ws-ticket:0
[   94976ms] [ERROR] Failed to load resource: the server responded with a status of 401 (Unauthorized) @ http://localhost:3000/api/user/state?client_id=08e16c6d-d7b5-4af4-9e6e-7aa845cad4ff:0
[   95530ms] [ERROR] Failed to load resource: the server responded with a status of 401 (Unauthorized) @ http://localhost:3000/api/user/state?client_id=08e16c6d-d7b5-4af4-9e6e-7aa845cad4ff:0
[   96411ms] [ERROR] Failed to load resource: the server responded with a status of 401 (Unauthorized) @ http://localhost:3000/api/auth/ws-ticket:0
[   96654ms] [ERROR] Failed to load resource: the server responded with a status of 401 (Unauthorized) @ http://localhost:3000/api/user/state?client_id=08e16c6d-d7b5-4af4-9e6e-7aa845cad4ff:0
[   97330ms] [ERROR] Failed to load resource: the server responded with a status of 401 (Unauthorized) @ http://localhost:3000/api/auth/ws-ticket:0
[   98651ms] [ERROR] Failed to load resource: the server responded with a status of 401 (Unauthorized) @ http://localhost:3000/api/user/state?client_id=08e16c6d-d7b5-4af4-9e6e-7aa845cad4ff:0
[   99169ms] [ERROR] Failed to load resource: the server responded with a status of 401 (Unauthorized) @ http://localhost:3000/api/user/state?client_id=08e16c6d-d7b5-4af4-9e6e-7aa845cad4ff:0
[   99429ms] [ERROR] Failed to load resource: the server responded with a status of 401 (Unauthorized) @ http://localhost:3000/api/auth/ws-ticket:0
[   99731ms] [ERROR] Failed to load resource: the server responded with a status of 401 (Unauthorized) @ http://localhost:3000/api/auth/ws-ticket:0
[  100349ms] [ERROR] Failed to load resource: the server responded with a status of 401 (Unauthorized) @ http://localhost:3000/api/auth/ws-ticket:0
[  100965ms] [ERROR] Failed to load resource: the server responded with a status of 401 (Unauthorized) @ http://localhost:3000/api/user/state?client_id=08e16c6d-d7b5-4af4-9e6e-7aa845cad4ff:0
[  101868ms] [ERROR] Failed to load resource: the server responded with a status of 401 (Unauthorized) @ http://localhost:3000/api/user/state?client_id=08e16c6d-d7b5-4af4-9e6e-7aa845cad4ff:0
[  102754ms] [ERROR] Failed to load resource: the server responded with a status of 401 (Unauthorized) @ http://localhost:3000/api/auth/ws-ticket:0
[  102953ms] [ERROR] Failed to load resource: the server responded with a status of 401 (Unauthorized) @ http://localhost:3000/api/user/state?client_id=08e16c6d-d7b5-4af4-9e6e-7aa845cad4ff:0
[  103369ms] [ERROR] Failed to load resource: the server responded with a status of 401 (Unauthorized) @ http://localhost:3000/api/auth/ws-ticket:0
[  104970ms] [ERROR] Failed to load resource: the server responded with a status of 401 (Unauthorized) @ http://localhost:3000/api/user/state?client_id=08e16c6d-d7b5-4af4-9e6e-7aa845cad4ff:0
[  105205ms] [ERROR] Failed to load resource: the server responded with a status of 401 (Unauthorized) @ http://localhost:3000/api/user/state?client_id=08e16c6d-d7b5-4af4-9e6e-7aa845cad4ff:0
[  105772ms] [ERROR] Failed to load resource: the server responded with a status of 401 (Unauthorized) @ http://localhost:3000/api/auth/ws-ticket:0
[  106088ms] [ERROR] Failed to load resource: the server responded with a status of 401 (Unauthorized) @ http://localhost:3000/api/auth/ws-ticket:0
[  106388ms] [ERROR] Failed to load resource: the server responded with a status of 401 (Unauthorized) @ http://localhost:3000/api/auth/ws-ticket:0
[  106957ms] [ERROR] Failed to load resource: the server responded with a status of 401 (Unauthorized) @ http://localhost:3000/api/user/state?client_id=08e16c6d-d7b5-4af4-9e6e-7aa845cad4ff:0
[  107906ms] [ERROR] Failed to load resource: the server responded with a status of 401 (Unauthorized) @ http://localhost:3000/api/user/state?client_id=08e16c6d-d7b5-4af4-9e6e-7aa845cad4ff:0
[  108973ms] [ERROR] Failed to load resource: the server responded with a status of 401 (Unauthorized) @ http://localhost:3000/api/user/state?client_id=08e16c6d-d7b5-4af4-9e6e-7aa845cad4ff:0
[  109097ms] [ERROR] Failed to load resource: the server responded with a status of 401 (Unauthorized) @ http://localhost:3000/api/auth/ws-ticket:0
[  109224ms] [ERROR] Failed to load resource: the server responded with a status of 401 (Unauthorized) @ http://localhost:3000/api/auth/ws-ticket:0
[  109409ms] [ERROR] Failed to load resource: the server responded with a status of 401 (Unauthorized) @ http://localhost:3000/api/auth/ws-ticket:0
[  110663ms] [ERROR] Failed to load resource: the server responded with a status of 401 (Unauthorized) @ http://localhost:3000/api/user/state?client_id=08e16c6d-d7b5-4af4-9e6e-7aa845cad4ff:0
[  111246ms] [ERROR] Failed to load resource: the server responded with a status of 401 (Unauthorized) @ http://localhost:3000/api/user/state?client_id=08e16c6d-d7b5-4af4-9e6e-7aa845cad4ff:0
[  112112ms] [ERROR] Failed to load resource: the server responded with a status of 401 (Unauthorized) @ http://localhost:3000/api/auth/ws-ticket:0
[  112562ms] [ERROR] Failed to load resource: the server responded with a status of 401 (Unauthorized) @ http://localhost:3000/api/auth/ws-ticket:0
[  112812ms] [ERROR] Failed to load resource: the server responded with a status of 401 (Unauthorized) @ http://localhost:3000/api/user/state?client_id=08e16c6d-d7b5-4af4-9e6e-7aa845cad4ff:0
[  114115ms] [ERROR] Failed to load resource: the server responded with a status of 401 (Unauthorized) @ http://localhost:3000/api/user/state?client_id=08e16c6d-d7b5-4af4-9e6e-7aa845cad4ff:0
[  114964ms] [ERROR] Failed to load resource: the server responded with a status of 401 (Unauthorized) @ http://localhost:3000/api/user/state?client_id=08e16c6d-d7b5-4af4-9e6e-7aa845cad4ff:0
[  115217ms] [ERROR] Failed to load resource: the server responded with a status of 401 (Unauthorized) @ http://localhost:3000/api/auth/ws-ticket:0
[  115583ms] [ERROR] Failed to load resource: the server responded with a status of 401 (Unauthorized) @ http://localhost:3000/api/auth/ws-ticket:0
[  115918ms] [ERROR] Failed to load resource: the server responded with a status of 401 (Unauthorized) @ http://localhost:3000/api/auth/ws-ticket:0
[  116650ms] [ERROR] Failed to load resource: the server responded with a status of 401 (Unauthorized) @ http://localhost:3000/api/user/state?client_id=08e16c6d-d7b5-4af4-9e6e-7aa845cad4ff:0
[  117751ms] [ERROR] Failed to load resource: the server responded with a status of 401 (Unauthorized) @ http://localhost:3000/api/user/state?client_id=08e16c6d-d7b5-4af4-9e6e-7aa845cad4ff:0
[  118234ms] [ERROR] Failed to load resource: the server responded with a status of 401 (Unauthorized) @ http://localhost:3000/api/auth/ws-ticket:0
[  118920ms] [ERROR] Failed to load resource: the server responded with a status of 401 (Unauthorized) @ http://localhost:3000/api/auth/ws-ticket:0
[  118957ms] [ERROR] Failed to load resource: the server responded with a status of 401 (Unauthorized) @ http://localhost:3000/api/user/state?client_id=08e16c6d-d7b5-4af4-9e6e-7aa845cad4ff:0
[  119173ms] [ERROR] Failed to load resource: the server responded with a status of 401 (Unauthorized) @ http://localhost:3000/api/auth/ws-ticket:0
[  120655ms] [ERROR] Failed to load resource: the server responded with a status of 401 (Unauthorized) @ http://localhost:3000/api/user/state?client_id=08e16c6d-d7b5-4af4-9e6e-7aa845cad4ff:0
[  120997ms] [ERROR] Failed to load resource: the server responded with a status of 401 (Unauthorized) @ http://localhost:3000/api/user/state?client_id=08e16c6d-d7b5-4af4-9e6e-7aa845cad4ff:0
[  121256ms] [ERROR] Failed to load resource: the server responded with a status of 401 (Unauthorized) @ http://localhost:3000/api/auth/ws-ticket:0
[  121940ms] [ERROR] Failed to load resource: the server responded with a status of 401 (Unauthorized) @ http://localhost:3000/api/auth/ws-ticket:0
[  122507ms] [ERROR] Failed to load resource: the server responded with a status of 401 (Unauthorized) @ http://localhost:3000/api/auth/ws-ticket:0
[  122757ms] [ERROR] Failed to load resource: the server responded with a status of 401 (Unauthorized) @ http://localhost:3000/api/user/state?client_id=08e16c6d-d7b5-4af4-9e6e-7aa845cad4ff:0
[  124026ms] [ERROR] Failed to load resource: the server responded with a status of 401 (Unauthorized) @ http://localhost:3000/api/user/state?client_id=08e16c6d-d7b5-4af4-9e6e-7aa845cad4ff:0
[  124577ms] [ERROR] Failed to load resource: the server responded with a status of 401 (Unauthorized) @ http://localhost:3000/api/auth/ws-ticket:0
[  124844ms] [ERROR] Failed to load resource: the server responded with a status of 401 (Unauthorized) @ http://localhost:3000/api/user/state?client_id=08e16c6d-d7b5-4af4-9e6e-7aa845cad4ff:0
[  124960ms] [ERROR] Failed to load resource: the server responded with a status of 401 (Unauthorized) @ http://localhost:3000/api/auth/ws-ticket:0
[  125526ms] [ERROR] Failed to load resource: the server responded with a status of 401 (Unauthorized) @ http://localhost:3000/api/auth/ws-ticket:0
[  126960ms] [ERROR] Failed to load resource: the server responded with a status of 401 (Unauthorized) @ http://localhost:3000/api/user/state?client_id=08e16c6d-d7b5-4af4-9e6e-7aa845cad4ff:0
[  127229ms] [ERROR] Failed to load resource: the server responded with a status of 401 (Unauthorized) @ http://localhost:3000/api/user/state?client_id=08e16c6d-d7b5-4af4-9e6e-7aa845cad4ff:0
[  127595ms] [ERROR] Failed to load resource: the server responded with a status of 401 (Unauthorized) @ http://localhost:3000/api/auth/ws-ticket:0
[  128296ms] [ERROR] Failed to load resource: the server responded with a status of 401 (Unauthorized) @ http://localhost:3000/api/auth/ws-ticket:0
[  128548ms] [ERROR] Failed to load resource: the server responded with a status of 401 (Unauthorized) @ http://localhost:3000/api/auth/ws-ticket:0
[  128849ms] [ERROR] Failed to load resource: the server responded with a status of 401 (Unauthorized) @ http://localhost:3000/api/user/state?client_id=08e16c6d-d7b5-4af4-9e6e-7aa845cad4ff:0
[  130065ms] [ERROR] Failed to load resource: the server responded with a status of 401 (Unauthorized) @ http://localhost:3000/api/user/state?client_id=08e16c6d-d7b5-4af4-9e6e-7aa845cad4ff:0
[  130917ms] [ERROR] Failed to load resource: the server responded with a status of 401 (Unauthorized) @ http://localhost:3000/api/auth/ws-ticket:0
[  130969ms] [ERROR] Failed to load resource: the server responded with a status of 401 (Unauthorized) @ http://localhost:3000/api/user/state?client_id=08e16c6d-d7b5-4af4-9e6e-7aa845cad4ff:0
[  131316ms] [ERROR] Failed to load resource: the server responded with a status of 401 (Unauthorized) @ http://localhost:3000/api/auth/ws-ticket:0
[  131877ms] [ERROR] Failed to load resource: the server responded with a status of 401 (Unauthorized) @ http://localhost:3000/api/auth/ws-ticket:0
[  132653ms] [ERROR] Failed to load resource: the server responded with a status of 401 (Unauthorized) @ http://localhost:3000/api/user/state?client_id=08e16c6d-d7b5-4af4-9e6e-7aa845cad4ff:0
[  133705ms] [ERROR] Failed to load resource: the server responded with a status of 401 (Unauthorized) @ http://localhost:3000/api/user/state?client_id=08e16c6d-d7b5-4af4-9e6e-7aa845cad4ff:0
[  133971ms] [ERROR] Failed to load resource: the server responded with a status of 401 (Unauthorized) @ http://localhost:3000/api/auth/ws-ticket:0
[  134335ms] [ERROR] Failed to load resource: the server responded with a status of 401 (Unauthorized) @ http://localhost:3000/api/auth/ws-ticket:0
[  134957ms] [ERROR] Failed to load resource: the server responded with a status of 401 (Unauthorized) @ http://localhost:3000/api/user/state?client_id=08e16c6d-d7b5-4af4-9e6e-7aa845cad4ff:0
[  135207ms] [ERROR] Failed to load resource: the server responded with a status of 401 (Unauthorized) @ http://localhost:3000/api/auth/ws-ticket:0
[  136656ms] [ERROR] Failed to load resource: the server responded with a status of 401 (Unauthorized) @ http://localhost:3000/api/user/state?client_id=08e16c6d-d7b5-4af4-9e6e-7aa845cad4ff:0
[  137024ms] [ERROR] Failed to load resource: the server responded with a status of 401 (Unauthorized) @ http://localhost:3000/api/user/state?client_id=08e16c6d-d7b5-4af4-9e6e-7aa845cad4ff:0
[  137290ms] [ERROR] Failed to load resource: the server responded with a status of 401 (Unauthorized) @ http://localhost:3000/api/auth/ws-ticket:0
[  137359ms] [ERROR] Failed to load resource: the server responded with a status of 401 (Unauthorized) @ http://localhost:3000/api/auth/ws-ticket:0
[  138541ms] [ERROR] Failed to load resource: the server responded with a status of 401 (Unauthorized) @ http://localhost:3000/api/auth/ws-ticket:0
[  138776ms] [ERROR] Failed to load resource: the server responded with a status of 401 (Unauthorized) @ http://localhost:3000/api/user/state?client_id=08e16c6d-d7b5-4af4-9e6e-7aa845cad4ff:0
[  140059ms] [ERROR] Failed to load resource: the server responded with a status of 401 (Unauthorized) @ http://localhost:3000/api/user/state?client_id=08e16c6d-d7b5-4af4-9e6e-7aa845cad4ff:0
[  140611ms] [ERROR] Failed to load resource: the server responded with a status of 401 (Unauthorized) @ http://localhost:3000/api/auth/ws-ticket:0
[  140878ms] [ERROR] Failed to load resource: the server responded with a status of 401 (Unauthorized) @ http://localhost:3000/api/user/state?client_id=08e16c6d-d7b5-4af4-9e6e-7aa845cad4ff:0
[  141560ms] [ERROR] Failed to load resource: the server responded with a status of 401 (Unauthorized) @ http://localhost:3000/api/auth/ws-ticket:0
[  142979ms] [ERROR] Failed to load resource: the server responded with a status of 401 (Unauthorized) @ http://localhost:3000/api/user/state?client_id=08e16c6d-d7b5-4af4-9e6e-7aa845cad4ff:0
[  143231ms] [ERROR] Failed to load resource: the server responded with a status of 401 (Unauthorized) @ http://localhost:3000/api/user/state?client_id=08e16c6d-d7b5-4af4-9e6e-7aa845cad4ff:0
[  143630ms] [ERROR] Failed to load resource: the server responded with a status of 401 (Unauthorized) @ http://localhost:3000/api/auth/ws-ticket:0
[  143981ms] [ERROR] Failed to load resource: the server responded with a status of 401 (Unauthorized) @ http://localhost:3000/api/auth/ws-ticket:0
[  144581ms] [ERROR] Failed to load resource: the server responded with a status of 401 (Unauthorized) @ http://localhost:3000/api/auth/ws-ticket:0
[  144965ms] [ERROR] Failed to load resource: the server responded with a status of 401 (Unauthorized) @ http://localhost:3000/api/user/state?client_id=08e16c6d-d7b5-4af4-9e6e-7aa845cad4ff:0
[  146100ms] [ERROR] Failed to load resource: the server responded with a status of 401 (Unauthorized) @ http://localhost:3000/api/user/state?client_id=08e16c6d-d7b5-4af4-9e6e-7aa845cad4ff:0
[  146969ms] [ERROR] Failed to load resource: the server responded with a status of 401 (Unauthorized) @ http://localhost:3000/api/user/state?client_id=08e16c6d-d7b5-4af4-9e6e-7aa845cad4ff:0
[  146969ms] [ERROR] Failed to load resource: the server responded with a status of 401 (Unauthorized) @ http://localhost:3000/api/auth/ws-ticket:0
[  147233ms] [ERROR] Failed to load resource: the server responded with a status of 401 (Unauthorized) @ http://localhost:3000/api/auth/ws-ticket:0
[  147601ms] [ERROR] Failed to load resource: the server responded with a status of 401 (Unauthorized) @ http://localhost:3000/api/auth/ws-ticket:0
[  148968ms] [ERROR] Failed to load resource: the server responded with a status of 401 (Unauthorized) @ http://localhost:3000/api/user/state?client_id=08e16c6d-d7b5-4af4-9e6e-7aa845cad4ff:0
[  149220ms] [ERROR] Failed to load resource: the server responded with a status of 401 (Unauthorized) @ http://localhost:3000/api/user/state?client_id=08e16c6d-d7b5-4af4-9e6e-7aa845cad4ff:0
[  149987ms] [ERROR] Failed to load resource: the server responded with a status of 401 (Unauthorized) @ http://localhost:3000/api/auth/ws-ticket:0
[  150571ms] [ERROR] Failed to load resource: the server responded with a status of 401 (Unauthorized) @ http://localhost:3000/api/auth/ws-ticket:0
[  150821ms] [ERROR] Failed to load resource: the server responded with a status of 401 (Unauthorized) @ http://localhost:3000/api/auth/ws-ticket:0
[  150937ms] [ERROR] Failed to load resource: the server responded with a status of 401 (Unauthorized) @ http://localhost:3000/api/user/state?client_id=08e16c6d-d7b5-4af4-9e6e-7aa845cad4ff:0
[  152339ms] [ERROR] Failed to load resource: the server responded with a status of 401 (Unauthorized) @ http://localhost:3000/api/user/state?client_id=08e16c6d-d7b5-4af4-9e6e-7aa845cad4ff:0
[  152975ms] [ERROR] Failed to load resource: the server responded with a status of 401 (Unauthorized) @ http://localhost:3000/api/user/state?client_id=08e16c6d-d7b5-4af4-9e6e-7aa845cad4ff:0
[  153224ms] [ERROR] Failed to load resource: the server responded with a status of 401 (Unauthorized) @ http://localhost:3000/api/auth/ws-ticket:0
[  153592ms] [ERROR] Failed to load resource: the server responded with a status of 401 (Unauthorized) @ http://localhost:3000/api/auth/ws-ticket:0
[  154154ms] [ERROR] Failed to load resource: the server responded with a status of 401 (Unauthorized) @ http://localhost:3000/api/auth/ws-ticket:0
[  154660ms] [ERROR] Failed to load resource: the server responded with a status of 401 (Unauthorized) @ http://localhost:3000/api/user/state?client_id=08e16c6d-d7b5-4af4-9e6e-7aa845cad4ff:0
[  155978ms] [ERROR] Failed to load resource: the server responded with a status of 401 (Unauthorized) @ http://localhost:3000/api/user/state?client_id=08e16c6d-d7b5-4af4-9e6e-7aa845cad4ff:0
[  156245ms] [ERROR] Failed to load resource: the server responded with a status of 401 (Unauthorized) @ http://localhost:3000/api/auth/ws-ticket:0
[  156612ms] [ERROR] Failed to load resource: the server responded with a status of 401 (Unauthorized) @ http://localhost:3000/api/auth/ws-ticket:0
[  156962ms] [ERROR] Failed to load resource: the server responded with a status of 401 (Unauthorized) @ http://localhost:3000/api/user/state?client_id=08e16c6d-d7b5-4af4-9e6e-7aa845cad4ff:0
[  157227ms] [ERROR] Failed to load resource: the server responded with a status of 401 (Unauthorized) @ http://localhost:3000/api/auth/ws-ticket:0
[  158651ms] [ERROR] Failed to load resource: the server responded with a status of 401 (Unauthorized) @ http://localhost:3000/api/user/state?client_id=08e16c6d-d7b5-4af4-9e6e-7aa845cad4ff:0
[  159052ms] [ERROR] Failed to load resource: the server responded with a status of 401 (Unauthorized) @ http://localhost:3000/api/user/state?client_id=08e16c6d-d7b5-4af4-9e6e-7aa845cad4ff:0
[  159332ms] [ERROR] Failed to load resource: the server responded with a status of 401 (Unauthorized) @ http://localhost:3000/api/auth/ws-ticket:0
[  159633ms] [ERROR] Failed to load resource: the server responded with a status of 401 (Unauthorized) @ http://localhost:3000/api/auth/ws-ticket:0
[  160554ms] [ERROR] Failed to load resource: the server responded with a status of 401 (Unauthorized) @ http://localhost:3000/api/auth/ws-ticket:0
[  160815ms] [ERROR] Failed to load resource: the server responded with a status of 401 (Unauthorized) @ http://localhost:3000/api/user/state?client_id=08e16c6d-d7b5-4af4-9e6e-7aa845cad4ff:0
[  162073ms] [ERROR] Failed to load resource: the server responded with a status of 401 (Unauthorized) @ http://localhost:3000/api/user/state?client_id=08e16c6d-d7b5-4af4-9e6e-7aa845cad4ff:0
[  162653ms] [ERROR] Failed to load resource: the server responded with a status of 401 (Unauthorized) @ http://localhost:3000/api/auth/ws-ticket:0
[  162907ms] [ERROR] Failed to load resource: the server responded with a status of 401 (Unauthorized) @ http://localhost:3000/api/user/state?client_id=08e16c6d-d7b5-4af4-9e6e-7aa845cad4ff:0
[  163571ms] [ERROR] Failed to load resource: the server responded with a status of 401 (Unauthorized) @ http://localhost:3000/api/auth/ws-ticket:0
[  164957ms] [ERROR] Failed to load resource: the server responded with a status of 401 (Unauthorized) @ http://localhost:3000/api/user/state?client_id=08e16c6d-d7b5-4af4-9e6e-7aa845cad4ff:0
[  165223ms] [ERROR] Failed to load resource: the server responded with a status of 401 (Unauthorized) @ http://localhost:3000/api/user/state?client_id=08e16c6d-d7b5-4af4-9e6e-7aa845cad4ff:0
[  165673ms] [ERROR] Failed to load resource: the server responded with a status of 401 (Unauthorized) @ http://localhost:3000/api/auth/ws-ticket:0
[  166004ms] [ERROR] Failed to load resource: the server responded with a status of 401 (Unauthorized) @ http://localhost:3000/api/auth/ws-ticket:0
[  166588ms] [ERROR] Failed to load resource: the server responded with a status of 401 (Unauthorized) @ http://localhost:3000/api/auth/ws-ticket:0
[  166962ms] [ERROR] Failed to load resource: the server responded with a status of 401 (Unauthorized) @ http://localhost:3000/api/user/state?client_id=08e16c6d-d7b5-4af4-9e6e-7aa845cad4ff:0
[  168107ms] [ERROR] Failed to load resource: the server responded with a status of 401 (Unauthorized) @ http://localhost:3000/api/user/state?client_id=08e16c6d-d7b5-4af4-9e6e-7aa845cad4ff:0
[  168960ms] [ERROR] Failed to load resource: the server responded with a status of 401 (Unauthorized) @ http://localhost:3000/api/user/state?client_id=08e16c6d-d7b5-4af4-9e6e-7aa845cad4ff:0
[  168993ms] [ERROR] Failed to load resource: the server responded with a status of 401 (Unauthorized) @ http://localhost:3000/api/auth/ws-ticket:0
[  169210ms] [ERROR] Failed to load resource: the server responded with a status of 401 (Unauthorized) @ http://localhost:3000/api/auth/ws-ticket:0
[  169609ms] [ERROR] Failed to load resource: the server responded with a status of 401 (Unauthorized) @ http://localhost:3000/api/auth/ws-ticket:0
[  170960ms] [ERROR] Failed to load resource: the server responded with a status of 401 (Unauthorized) @ http://localhost:3000/api/user/state?client_id=08e16c6d-d7b5-4af4-9e6e-7aa845cad4ff:0
[  171210ms] [ERROR] Failed to load resource: the server responded with a status of 401 (Unauthorized) @ http://localhost:3000/api/user/state?client_id=08e16c6d-d7b5-4af4-9e6e-7aa845cad4ff:0
[  172013ms] [ERROR] Failed to load resource: the server responded with a status of 401 (Unauthorized) @ http://localhost:3000/api/auth/ws-ticket:0
[  172546ms] [ERROR] Failed to load resource: the server responded with a status of 401 (Unauthorized) @ http://localhost:3000/api/auth/ws-ticket:0
[  172798ms] [ERROR] Failed to load resource: the server responded with a status of 401 (Unauthorized) @ http://localhost:3000/api/auth/ws-ticket:0
[  172937ms] [ERROR] Failed to load resource: the server responded with a status of 401 (Unauthorized) @ http://localhost:3000/api/user/state?client_id=08e16c6d-d7b5-4af4-9e6e-7aa845cad4ff:0
[  174314ms] [ERROR] Failed to load resource: the server responded with a status of 401 (Unauthorized) @ http://localhost:3000/api/user/state?client_id=08e16c6d-d7b5-4af4-9e6e-7aa845cad4ff:0
[  174950ms] [ERROR] Failed to load resource: the server responded with a status of 401 (Unauthorized) @ http://localhost:3000/api/user/state?client_id=08e16c6d-d7b5-4af4-9e6e-7aa845cad4ff:0
[  175217ms] [ERROR] Failed to load resource: the server responded with a status of 401 (Unauthorized) @ http://localhost:3000/api/auth/ws-ticket:0
[  175583ms] [ERROR] Failed to load resource: the server responded with a status of 401 (Unauthorized) @ http://localhost:3000/api/auth/ws-ticket:0
[  176118ms] [ERROR] Failed to load resource: the server responded with a status of 401 (Unauthorized) @ http://localhost:3000/api/auth/ws-ticket:0
[  176651ms] [ERROR] Failed to load resource: the server responded with a status of 401 (Unauthorized) @ http://localhost:3000/api/user/state?client_id=08e16c6d-d7b5-4af4-9e6e-7aa845cad4ff:0
[  177943ms] [ERROR] Failed to load resource: the server responded with a status of 401 (Unauthorized) @ http://localhost:3000/api/user/state?client_id=08e16c6d-d7b5-4af4-9e6e-7aa845cad4ff:0
[  178234ms] [ERROR] Failed to load resource: the server responded with a status of 401 (Unauthorized) @ http://localhost:3000/api/auth/ws-ticket:0
[  178920ms] [ERROR] Failed to load resource: the server responded with a status of 401 (Unauthorized) @ http://localhost:3000/api/auth/ws-ticket:0
[  178955ms] [ERROR] Failed to load resource: the server responded with a status of 401 (Unauthorized) @ http://localhost:3000/api/user/state?client_id=08e16c6d-d7b5-4af4-9e6e-7aa845cad4ff:0
[  179170ms] [ERROR] Failed to load resource: the server responded with a status of 401 (Unauthorized) @ http://localhost:3000/api/auth/ws-ticket:0
[  180648ms] [ERROR] Failed to load resource: the server responded with a status of 401 (Unauthorized) @ http://localhost:3000/api/user/state?client_id=08e16c6d-d7b5-4af4-9e6e-7aa845cad4ff:0
[  180990ms] [ERROR] Failed to load resource: the server responded with a status of 401 (Unauthorized) @ http://localhost:3000/api/user/state?client_id=08e16c6d-d7b5-4af4-9e6e-7aa845cad4ff:0
[  181255ms] [ERROR] Failed to load resource: the server responded with a status of 401 (Unauthorized) @ http://localhost:3000/api/auth/ws-ticket:0
[  181939ms] [ERROR] Failed to load resource: the server responded with a status of 401 (Unauthorized) @ http://localhost:3000/api/auth/ws-ticket:0
[  182490ms] [ERROR] Failed to load resource: the server responded with a status of 401 (Unauthorized) @ http://localhost:3000/api/auth/ws-ticket:0
[  182743ms] [ERROR] Failed to load resource: the server responded with a status of 401 (Unauthorized) @ http://localhost:3000/api/user/state?client_id=08e16c6d-d7b5-4af4-9e6e-7aa845cad4ff:0
[  184008ms] [ERROR] Failed to load resource: the server responded with a status of 401 (Unauthorized) @ http://localhost:3000/api/user/state?client_id=08e16c6d-d7b5-4af4-9e6e-7aa845cad4ff:0
[  184578ms] [ERROR] Failed to load resource: the server responded with a status of 401 (Unauthorized) @ http://localhost:3000/api/auth/ws-ticket:0
[  184842ms] [ERROR] Failed to load resource: the server responded with a status of 401 (Unauthorized) @ http://localhost:3000/api/user/state?client_id=08e16c6d-d7b5-4af4-9e6e-7aa845cad4ff:0
[  184962ms] [ERROR] Failed to load resource: the server responded with a status of 401 (Unauthorized) @ http://localhost:3000/api/auth/ws-ticket:0
[  185510ms] [ERROR] Failed to load resource: the server responded with a status of 401 (Unauthorized) @ http://localhost:3000/api/auth/ws-ticket:0
[  186962ms] [ERROR] Failed to load resource: the server responded with a status of 401 (Unauthorized) @ http://localhost:3000/api/user/state?client_id=08e16c6d-d7b5-4af4-9e6e-7aa845cad4ff:0
[  187229ms] [ERROR] Failed to load resource: the server responded with a status of 401 (Unauthorized) @ http://localhost:3000/api/user/state?client_id=08e16c6d-d7b5-4af4-9e6e-7aa845cad4ff:0
[  187594ms] [ERROR] Failed to load resource: the server responded with a status of 401 (Unauthorized) @ http://localhost:3000/api/auth/ws-ticket:0
[  188297ms] [ERROR] Failed to load resource: the server responded with a status of 401 (Unauthorized) @ http://localhost:3000/api/auth/ws-ticket:0
[  188548ms] [ERROR] Failed to load resource: the server responded with a status of 401 (Unauthorized) @ http://localhost:3000/api/auth/ws-ticket:0
[  188832ms] [ERROR] Failed to load resource: the server responded with a status of 401 (Unauthorized) @ http://localhost:3000/api/user/state?client_id=08e16c6d-d7b5-4af4-9e6e-7aa845cad4ff:0
[  190063ms] [ERROR] Failed to load resource: the server responded with a status of 401 (Unauthorized) @ http://localhost:3000/api/user/state?client_id=08e16c6d-d7b5-4af4-9e6e-7aa845cad4ff:0
[  190916ms] [ERROR] Failed to load resource: the server responded with a status of 401 (Unauthorized) @ http://localhost:3000/api/auth/ws-ticket:0
[  190952ms] [ERROR] Failed to load resource: the server responded with a status of 401 (Unauthorized) @ http://localhost:3000/api/user/state?client_id=08e16c6d-d7b5-4af4-9e6e-7aa845cad4ff:0
[  191316ms] [ERROR] Failed to load resource: the server responded with a status of 401 (Unauthorized) @ http://localhost:3000/api/auth/ws-ticket:0
[  191883ms] [ERROR] Failed to load resource: the server responded with a status of 401 (Unauthorized) @ http://localhost:3000/api/auth/ws-ticket:0
[  192653ms] [ERROR] Failed to load resource: the server responded with a status of 401 (Unauthorized) @ http://localhost:3000/api/user/state?client_id=08e16c6d-d7b5-4af4-9e6e-7aa845cad4ff:0
[  193720ms] [ERROR] Failed to load resource: the server responded with a status of 401 (Unauthorized) @ http://localhost:3000/api/user/state?client_id=08e16c6d-d7b5-4af4-9e6e-7aa845cad4ff:0
[  193971ms] [ERROR] Failed to load resource: the server responded with a status of 401 (Unauthorized) @ http://localhost:3000/api/auth/ws-ticket:0
[  194340ms] [ERROR] Failed to load resource: the server responded with a status of 401 (Unauthorized) @ http://localhost:3000/api/auth/ws-ticket:0
[  194956ms] [ERROR] Failed to load resource: the server responded with a status of 401 (Unauthorized) @ http://localhost:3000/api/user/state?client_id=08e16c6d-d7b5-4af4-9e6e-7aa845cad4ff:0
[  195220ms] [ERROR] Failed to load resource: the server responded with a status of 401 (Unauthorized) @ http://localhost:3000/api/auth/ws-ticket:0
[  196656ms] [ERROR] Failed to load resource: the server responded with a status of 401 (Unauthorized) @ http://localhost:3000/api/user/state?client_id=08e16c6d-d7b5-4af4-9e6e-7aa845cad4ff:0
[  197055ms] [ERROR] Failed to load resource: the server responded with a status of 401 (Unauthorized) @ http://localhost:3000/api/user/state?client_id=08e16c6d-d7b5-4af4-9e6e-7aa845cad4ff:0
[  197290ms] [ERROR] Failed to load resource: the server responded with a status of 401 (Unauthorized) @ http://localhost:3000/api/auth/ws-ticket:0
[  197372ms] [ERROR] Failed to load resource: the server responded with a status of 401 (Unauthorized) @ http://localhost:3000/api/auth/ws-ticket:0
[  198557ms] [ERROR] Failed to load resource: the server responded with a status of 401 (Unauthorized) @ http://localhost:3000/api/auth/ws-ticket:0
[  198822ms] [ERROR] Failed to load resource: the server responded with a status of 401 (Unauthorized) @ http://localhost:3000/api/user/state?client_id=08e16c6d-d7b5-4af4-9e6e-7aa845cad4ff:0
[  200075ms] [ERROR] Failed to load resource: the server responded with a status of 401 (Unauthorized) @ http://localhost:3000/api/user/state?client_id=08e16c6d-d7b5-4af4-9e6e-7aa845cad4ff:0
[  200626ms] [ERROR] Failed to load resource: the server responded with a status of 401 (Unauthorized) @ http://localhost:3000/api/auth/ws-ticket:0
[  200876ms] [ERROR] Failed to load resource: the server responded with a status of 401 (Unauthorized) @ http://localhost:3000/api/user/state?client_id=08e16c6d-d7b5-4af4-9e6e-7aa845cad4ff:0
[  201577ms] [ERROR] Failed to load resource: the server responded with a status of 401 (Unauthorized) @ http://localhost:3000/api/auth/ws-ticket:0
[  202977ms] [ERROR] Failed to load resource: the server responded with a status of 401 (Unauthorized) @ http://localhost:3000/api/user/state?client_id=08e16c6d-d7b5-4af4-9e6e-7aa845cad4ff:0
[  203227ms] [ERROR] Failed to load resource: the server responded with a status of 401 (Unauthorized) @ http://localhost:3000/api/user/state?client_id=08e16c6d-d7b5-4af4-9e6e-7aa845cad4ff:0
[  203643ms] [ERROR] Failed to load resource: the server responded with a status of 401 (Unauthorized) @ http://localhost:3000/api/auth/ws-ticket:0
[  203996ms] [ERROR] Failed to load resource: the server responded with a status of 401 (Unauthorized) @ http://localhost:3000/api/auth/ws-ticket:0
[  204597ms] [ERROR] Failed to load resource: the server responded with a status of 401 (Unauthorized) @ http://localhost:3000/api/auth/ws-ticket:0
[  204963ms] [ERROR] Failed to load resource: the server responded with a status of 401 (Unauthorized) @ http://localhost:3000/api/user/state?client_id=08e16c6d-d7b5-4af4-9e6e-7aa845cad4ff:0
[  206115ms] [ERROR] Failed to load resource: the server responded with a status of 401 (Unauthorized) @ http://localhost:3000/api/user/state?client_id=08e16c6d-d7b5-4af4-9e6e-7aa845cad4ff:0
[  206964ms] [ERROR] Failed to load resource: the server responded with a status of 401 (Unauthorized) @ http://localhost:3000/api/user/state?client_id=08e16c6d-d7b5-4af4-9e6e-7aa845cad4ff:0
[  206966ms] [ERROR] Failed to load resource: the server responded with a status of 401 (Unauthorized) @ http://localhost:3000/api/auth/ws-ticket:0
[  207232ms] [ERROR] Failed to load resource: the server responded with a status of 401 (Unauthorized) @ http://localhost:3000/api/auth/ws-ticket:0
[  207611ms] [ERROR] Failed to load resource: the server responded with a status of 401 (Unauthorized) @ http://localhost:3000/api/auth/ws-ticket:0
[  208968ms] [ERROR] Failed to load resource: the server responded with a status of 401 (Unauthorized) @ http://localhost:3000/api/user/state?client_id=08e16c6d-d7b5-4af4-9e6e-7aa845cad4ff:0
[  209218ms] [ERROR] Failed to load resource: the server responded with a status of 401 (Unauthorized) @ http://localhost:3000/api/user/state?client_id=08e16c6d-d7b5-4af4-9e6e-7aa845cad4ff:0
[  209986ms] [ERROR] Failed to load resource: the server responded with a status of 401 (Unauthorized) @ http://localhost:3000/api/auth/ws-ticket:0
[  210554ms] [ERROR] Failed to load resource: the server responded with a status of 401 (Unauthorized) @ http://localhost:3000/api/auth/ws-ticket:0
[  210820ms] [ERROR] Failed to load resource: the server responded with a status of 401 (Unauthorized) @ http://localhost:3000/api/auth/ws-ticket:0
[  210937ms] [ERROR] Failed to load resource: the server responded with a status of 401 (Unauthorized) @ http://localhost:3000/api/user/state?client_id=08e16c6d-d7b5-4af4-9e6e-7aa845cad4ff:0
[  212340ms] [ERROR] Failed to load resource: the server responded with a status of 401 (Unauthorized) @ http://localhost:3000/api/user/state?client_id=08e16c6d-d7b5-4af4-9e6e-7aa845cad4ff:0
[  212973ms] [ERROR] Failed to load resource: the server responded with a status of 401 (Unauthorized) @ http://localhost:3000/api/user/state?client_id=08e16c6d-d7b5-4af4-9e6e-7aa845cad4ff:0
[  213223ms] [ERROR] Failed to load resource: the server responded with a status of 401 (Unauthorized) @ http://localhost:3000/api/auth/ws-ticket:0
[  213574ms] [ERROR] Failed to load resource: the server responded with a status of 401 (Unauthorized) @ http://localhost:3000/api/auth/ws-ticket:0
[  214141ms] [ERROR] Failed to load resource: the server responded with a status of 401 (Unauthorized) @ http://localhost:3000/api/auth/ws-ticket:0
[  214658ms] [ERROR] Failed to load resource: the server responded with a status of 401 (Unauthorized) @ http://localhost:3000/api/user/state?client_id=08e16c6d-d7b5-4af4-9e6e-7aa845cad4ff:0
[  215976ms] [ERROR] Failed to load resource: the server responded with a status of 401 (Unauthorized) @ http://localhost:3000/api/user/state?client_id=08e16c6d-d7b5-4af4-9e6e-7aa845cad4ff:0
[  216235ms] [ERROR] Failed to load resource: the server responded with a status of 401 (Unauthorized) @ http://localhost:3000/api/auth/ws-ticket:0
[  216895ms] [ERROR] Failed to load resource: the server responded with a status of 401 (Unauthorized) @ http://localhost:3000/api/auth/ws-ticket:0
[  216976ms] [ERROR] Failed to load resource: the server responded with a status of 401 (Unauthorized) @ http://localhost:3000/api/user/state?client_id=08e16c6d-d7b5-4af4-9e6e-7aa845cad4ff:0
[  217156ms] [ERROR] Failed to load resource: the server responded with a status of 401 (Unauthorized) @ http://localhost:3000/api/auth/ws-ticket:0
[  218970ms] [ERROR] Failed to load resource: the server responded with a status of 401 (Unauthorized) @ http://localhost:3000/api/user/state?client_id=08e16c6d-d7b5-4af4-9e6e-7aa845cad4ff:0
[  218994ms] [ERROR] Failed to load resource: the server responded with a status of 401 (Unauthorized) @ http://localhost:3000/api/user/state?client_id=08e16c6d-d7b5-4af4-9e6e-7aa845cad4ff:0
[  219263ms] [ERROR] Failed to load resource: the server responded with a status of 401 (Unauthorized) @ http://localhost:3000/api/auth/ws-ticket:0
[  220221ms] [ERROR] Failed to load resource: the server responded with a status of 401 (Unauthorized) @ http://localhost:3000/api/auth/ws-ticket:0
[  220651ms] [ERROR] Failed to load resource: the server responded with a status of 401 (Unauthorized) @ http://localhost:3000/api/user/state?client_id=08e16c6d-d7b5-4af4-9e6e-7aa845cad4ff:0
[  222084ms] [ERROR] Failed to load resource: the server responded with a status of 401 (Unauthorized) @ http://localhost:3000/api/user/state?client_id=08e16c6d-d7b5-4af4-9e6e-7aa845cad4ff:0
[  222333ms] [ERROR] Failed to load resource: the server responded with a status of 401 (Unauthorized) @ http://localhost:3000/api/auth/ws-ticket:0
[  222651ms] [ERROR] Failed to load resource: the server responded with a status of 401 (Unauthorized) @ http://localhost:3000/api/user/state?client_id=08e16c6d-d7b5-4af4-9e6e-7aa845cad4ff:0
[  223551ms] [ERROR] Failed to load resource: the server responded with a status of 401 (Unauthorized) @ http://localhost:3000/api/auth/ws-ticket:0
[  224653ms] [ERROR] Failed to load resource: the server responded with a status of 401 (Unauthorized) @ http://localhost:3000/api/user/state?client_id=08e16c6d-d7b5-4af4-9e6e-7aa845cad4ff:0
[  225403ms] [ERROR] Failed to load resource: the server responded with a status of 401 (Unauthorized) @ http://localhost:3000/api/user/state?client_id=08e16c6d-d7b5-4af4-9e6e-7aa845cad4ff:0
[  225654ms] [ERROR] Failed to load resource: the server responded with a status of 401 (Unauthorized) @ http://localhost:3000/api/auth/ws-ticket:0
[  226572ms] [ERROR] Failed to load resource: the server responded with a status of 401 (Unauthorized) @ http://localhost:3000/api/auth/ws-ticket:0
[  226921ms] [ERROR] Failed to load resource: the server responded with a status of 401 (Unauthorized) @ http://localhost:3000/api/auth/ws-ticket:0
[  226955ms] [ERROR] Failed to load resource: the server responded with a status of 401 (Unauthorized) @ http://localhost:3000/api/user/state?client_id=08e16c6d-d7b5-4af4-9e6e-7aa845cad4ff:0
[  228440ms] [ERROR] Failed to load resource: the server responded with a status of 401 (Unauthorized) @ http://localhost:3000/api/user/state?client_id=08e16c6d-d7b5-4af4-9e6e-7aa845cad4ff:0
[  228958ms] [ERROR] Failed to load resource: the server responded with a status of 401 (Unauthorized) @ http://localhost:3000/api/user/state?client_id=08e16c6d-d7b5-4af4-9e6e-7aa845cad4ff:0
[  228988ms] [ERROR] Failed to load resource: the server responded with a status of 401 (Unauthorized) @ http://localhost:3000/api/auth/ws-ticket:0
[  229592ms] [ERROR] Failed to load resource: the server responded with a status of 401 (Unauthorized) @ http://localhost:3000/api/auth/ws-ticket:0
[  230254ms] [ERROR] Failed to load resource: the server responded with a status of 401 (Unauthorized) @ http://localhost:3000/api/auth/ws-ticket:0
[  230660ms] [ERROR] Failed to load resource: the server responded with a status of 401 (Unauthorized) @ http://localhost:3000/api/user/state?client_id=08e16c6d-d7b5-4af4-9e6e-7aa845cad4ff:0
[  232081ms] [ERROR] Failed to load resource: the server responded with a status of 401 (Unauthorized) @ http://localhost:3000/api/user/state?client_id=08e16c6d-d7b5-4af4-9e6e-7aa845cad4ff:0
[  232326ms] [ERROR] Failed to load resource: the server responded with a status of 401 (Unauthorized) @ http://localhost:3000/api/auth/ws-ticket:0
[  232605ms] [ERROR] Failed to load resource: the server responded with a status of 401 (Unauthorized) @ http://localhost:3000/api/auth/ws-ticket:0
[  232965ms] [ERROR] Failed to load resource: the server responded with a status of 401 (Unauthorized) @ http://localhost:3000/api/user/state?client_id=08e16c6d-d7b5-4af4-9e6e-7aa845cad4ff:0
[  233278ms] [ERROR] Failed to load resource: the server responded with a status of 401 (Unauthorized) @ http://localhost:3000/api/auth/ws-ticket:0
[  234981ms] [ERROR] Failed to load resource: the server responded with a status of 401 (Unauthorized) @ http://localhost:3000/api/user/state?client_id=08e16c6d-d7b5-4af4-9e6e-7aa845cad4ff:0
[  235102ms] [ERROR] Failed to load resource: the server responded with a status of 401 (Unauthorized) @ http://localhost:3000/api/user/state?client_id=08e16c6d-d7b5-4af4-9e6e-7aa845cad4ff:0
[  235339ms] [ERROR] Failed to load resource: the server responded with a status of 401 (Unauthorized) @ http://localhost:3000/api/auth/ws-ticket:0
[  235946ms] [ERROR] Failed to load resource: the server responded with a status of 401 (Unauthorized) @ http://localhost:3000/api/auth/ws-ticket:0
[  236298ms] [ERROR] Failed to load resource: the server responded with a status of 401 (Unauthorized) @ http://localhost:3000/api/auth/ws-ticket:0
[  236966ms] [ERROR] Failed to load resource: the server responded with a status of 401 (Unauthorized) @ http://localhost:3000/api/user/state?client_id=08e16c6d-d7b5-4af4-9e6e-7aa845cad4ff:0
[  237816ms] [ERROR] Failed to load resource: the server responded with a status of 401 (Unauthorized) @ http://localhost:3000/api/user/state?client_id=08e16c6d-d7b5-4af4-9e6e-7aa845cad4ff:0
[  238671ms] [ERROR] Failed to load resource: the server responded with a status of 401 (Unauthorized) @ http://localhost:3000/api/auth/ws-ticket:0
[  238934ms] [ERROR] Failed to load resource: the server responded with a status of 401 (Unauthorized) @ http://localhost:3000/api/user/state?client_id=08e16c6d-d7b5-4af4-9e6e-7aa845cad4ff:0
[  238960ms] [ERROR] Failed to load resource: the server responded with a status of 401 (Unauthorized) @ http://localhost:3000/api/auth/ws-ticket:0
[  239318ms] [ERROR] Failed to load resource: the server responded with a status of 401 (Unauthorized) @ http://localhost:3000/api/auth/ws-ticket:0
[  240955ms] [ERROR] Failed to load resource: the server responded with a status of 401 (Unauthorized) @ http://localhost:3000/api/user/state?client_id=08e16c6d-d7b5-4af4-9e6e-7aa845cad4ff:0
[  241143ms] [ERROR] Failed to load resource: the server responded with a status of 401 (Unauthorized) @ http://localhost:3000/api/user/state?client_id=08e16c6d-d7b5-4af4-9e6e-7aa845cad4ff:0
[  241687ms] [ERROR] Failed to load resource: the server responded with a status of 401 (Unauthorized) @ http://localhost:3000/api/auth/ws-ticket:0
[  242300ms] [ERROR] Failed to load resource: the server responded with a status of 401 (Unauthorized) @ http://localhost:3000/api/auth/ws-ticket:0
[  242558ms] [ERROR] Failed to load resource: the server responded with a status of 401 (Unauthorized) @ http://localhost:3000/api/auth/ws-ticket:0
[  242656ms] [ERROR] Failed to load resource: the server responded with a status of 401 (Unauthorized) @ http://localhost:3000/api/user/state?client_id=08e16c6d-d7b5-4af4-9e6e-7aa845cad4ff:0
[  244376ms] [ERROR] Failed to load resource: the server responded with a status of 401 (Unauthorized) @ http://localhost:3000/api/user/state?client_id=08e16c6d-d7b5-4af4-9e6e-7aa845cad4ff:0
[  244658ms] [ERROR] Failed to load resource: the server responded with a status of 401 (Unauthorized) @ http://localhost:3000/api/user/state?client_id=08e16c6d-d7b5-4af4-9e6e-7aa845cad4ff:0
[  245026ms] [ERROR] Failed to load resource: the server responded with a status of 401 (Unauthorized) @ http://localhost:3000/api/auth/ws-ticket:0
[  245325ms] [ERROR] Failed to load resource: the server responded with a status of 401 (Unauthorized) @ http://localhost:3000/api/auth/ws-ticket:0
[  245876ms] [ERROR] Failed to load resource: the server responded with a status of 401 (Unauthorized) @ http://localhost:3000/api/auth/ws-ticket:0
[  246660ms] [ERROR] Failed to load resource: the server responded with a status of 401 (Unauthorized) @ http://localhost:3000/api/user/state?client_id=08e16c6d-d7b5-4af4-9e6e-7aa845cad4ff:0
[  247698ms] [ERROR] Failed to load resource: the server responded with a status of 401 (Unauthorized) @ http://localhost:3000/api/user/state?client_id=08e16c6d-d7b5-4af4-9e6e-7aa845cad4ff:0
[  248045ms] [ERROR] Failed to load resource: the server responded with a status of 401 (Unauthorized) @ http://localhost:3000/api/auth/ws-ticket:0
[  248662ms] [ERROR] Failed to load resource: the server responded with a status of 401 (Unauthorized) @ http://localhost:3000/api/auth/ws-ticket:0
[  248913ms] [ERROR] Failed to load resource: the server responded with a status of 401 (Unauthorized) @ http://localhost:3000/api/user/state?client_id=08e16c6d-d7b5-4af4-9e6e-7aa845cad4ff:0
[  248979ms] [ERROR] Failed to load resource: the server responded with a status of 401 (Unauthorized) @ http://localhost:3000/api/auth/ws-ticket:0
[  250498ms] [ERROR] Failed to load resource: the server responded with a status of 401 (Unauthorized) @ http://localhost:3000/api/user/state?client_id=08e16c6d-d7b5-4af4-9e6e-7aa845cad4ff:0
[  250964ms] [ERROR] Failed to load resource: the server responded with a status of 401 (Unauthorized) @ http://localhost:3000/api/user/state?client_id=08e16c6d-d7b5-4af4-9e6e-7aa845cad4ff:0
[  251214ms] [ERROR] Failed to load resource: the server responded with a status of 401 (Unauthorized) @ http://localhost:3000/api/auth/ws-ticket:0
[  251681ms] [ERROR] Failed to load resource: the server responded with a status of 401 (Unauthorized) @ http://localhost:3000/api/auth/ws-ticket:0
[  252317ms] [ERROR] Failed to load resource: the server responded with a status of 401 (Unauthorized) @ http://localhost:3000/api/auth/ws-ticket:0
[  252653ms] [ERROR] Failed to load resource: the server responded with a status of 401 (Unauthorized) @ http://localhost:3000/api/user/state?client_id=08e16c6d-d7b5-4af4-9e6e-7aa845cad4ff:0
[  254151ms] [ERROR] Failed to load resource: the server responded with a status of 401 (Unauthorized) @ http://localhost:3000/api/user/state?client_id=08e16c6d-d7b5-4af4-9e6e-7aa845cad4ff:0
[  254418ms] [ERROR] Failed to load resource: the server responded with a status of 401 (Unauthorized) @ http://localhost:3000/api/auth/ws-ticket:0
[  254652ms] [ERROR] Failed to load resource: the server responded with a status of 401 (Unauthorized) @ http://localhost:3000/api/user/state?client_id=08e16c6d-d7b5-4af4-9e6e-7aa845cad4ff:0
[  255004ms] [ERROR] Failed to load resource: the server responded with a status of 401 (Unauthorized) @ http://localhost:3000/api/auth/ws-ticket:0
[  255340ms] [ERROR] Failed to load resource: the server responded with a status of 401 (Unauthorized) @ http://localhost:3000/api/auth/ws-ticket:0
[  256956ms] [ERROR] Failed to load resource: the server responded with a status of 401 (Unauthorized) @ http://localhost:3000/api/user/state?client_id=08e16c6d-d7b5-4af4-9e6e-7aa845cad4ff:0
[  257174ms] [ERROR] Failed to load resource: the server responded with a status of 401 (Unauthorized) @ http://localhost:3000/api/user/state?client_id=08e16c6d-d7b5-4af4-9e6e-7aa845cad4ff:0
[  257438ms] [ERROR] Failed to load resource: the server responded with a status of 401 (Unauthorized) @ http://localhost:3000/api/auth/ws-ticket:0
[  258339ms] [ERROR] Failed to load resource: the server responded with a status of 401 (Unauthorized) @ http://localhost:3000/api/auth/ws-ticket:0
[  258591ms] [ERROR] Failed to load resource: the server responded with a status of 401 (Unauthorized) @ http://localhost:3000/api/auth/ws-ticket:0
[  258674ms] [ERROR] Failed to load resource: the server responded with a status of 401 (Unauthorized) @ http://localhost:3000/api/user/state?client_id=08e16c6d-d7b5-4af4-9e6e-7aa845cad4ff:0
[  260109ms] [ERROR] Failed to load resource: the server responded with a status of 401 (Unauthorized) @ http://localhost:3000/api/user/state?client_id=08e16c6d-d7b5-4af4-9e6e-7aa845cad4ff:0
[  260759ms] [ERROR] Failed to load resource: the server responded with a status of 401 (Unauthorized) @ http://localhost:3000/api/auth/ws-ticket:0
[  260976ms] [ERROR] Failed to load resource: the server responded with a status of 401 (Unauthorized) @ http://localhost:3000/api/user/state?client_id=08e16c6d-d7b5-4af4-9e6e-7aa845cad4ff:0
[  261359ms] [ERROR] Failed to load resource: the server responded with a status of 401 (Unauthorized) @ http://localhost:3000/api/auth/ws-ticket:0
[  261926ms] [ERROR] Failed to load resource: the server responded with a status of 401 (Unauthorized) @ http://localhost:3000/api/auth/ws-ticket:0
[  262647ms] [ERROR] Failed to load resource: the server responded with a status of 401 (Unauthorized) @ http://localhost:3000/api/user/state?client_id=08e16c6d-d7b5-4af4-9e6e-7aa845cad4ff:0
[  263747ms] [ERROR] Failed to load resource: the server responded with a status of 401 (Unauthorized) @ http://localhost:3000/api/user/state?client_id=08e16c6d-d7b5-4af4-9e6e-7aa845cad4ff:0
[  264012ms] [ERROR] Failed to load resource: the server responded with a status of 401 (Unauthorized) @ http://localhost:3000/api/auth/ws-ticket:0
[  264378ms] [ERROR] Failed to load resource: the server responded with a status of 401 (Unauthorized) @ http://localhost:3000/api/auth/ws-ticket:0
[  264963ms] [ERROR] Failed to load resource: the server responded with a status of 401 (Unauthorized) @ http://localhost:3000/api/user/state?client_id=08e16c6d-d7b5-4af4-9e6e-7aa845cad4ff:0
[  265215ms] [ERROR] Failed to load resource: the server responded with a status of 401 (Unauthorized) @ http://localhost:3000/api/auth/ws-ticket:0
[  266649ms] [ERROR] Failed to load resource: the server responded with a status of 401 (Unauthorized) @ http://localhost:3000/api/user/state?client_id=08e16c6d-d7b5-4af4-9e6e-7aa845cad4ff:0
[  267033ms] [ERROR] Failed to load resource: the server responded with a status of 401 (Unauthorized) @ http://localhost:3000/api/user/state?client_id=08e16c6d-d7b5-4af4-9e6e-7aa845cad4ff:0
[  267300ms] [ERROR] Failed to load resource: the server responded with a status of 401 (Unauthorized) @ http://localhost:3000/api/auth/ws-ticket:0
[  267400ms] [ERROR] Failed to load resource: the server responded with a status of 401 (Unauthorized) @ http://localhost:3000/api/auth/ws-ticket:0
[  268536ms] [ERROR] Failed to load resource: the server responded with a status of 401 (Unauthorized) @ http://localhost:3000/api/auth/ws-ticket:0
[  268801ms] [ERROR] Failed to load resource: the server responded with a status of 401 (Unauthorized) @ http://localhost:3000/api/user/state?client_id=08e16c6d-d7b5-4af4-9e6e-7aa845cad4ff:0
[  270053ms] [ERROR] Failed to load resource: the server responded with a status of 401 (Unauthorized) @ http://localhost:3000/api/user/state?client_id=08e16c6d-d7b5-4af4-9e6e-7aa845cad4ff:0
[  270650ms] [ERROR] Failed to load resource: the server responded with a status of 401 (Unauthorized) @ http://localhost:3000/api/auth/ws-ticket:0
[  270890ms] [ERROR] Failed to load resource: the server responded with a status of 401 (Unauthorized) @ http://localhost:3000/api/user/state?client_id=08e16c6d-d7b5-4af4-9e6e-7aa845cad4ff:0
[  271554ms] [ERROR] Failed to load resource: the server responded with a status of 401 (Unauthorized) @ http://localhost:3000/api/auth/ws-ticket:0
[  272957ms] [ERROR] Failed to load resource: the server responded with a status of 401 (Unauthorized) @ http://localhost:3000/api/user/state?client_id=08e16c6d-d7b5-4af4-9e6e-7aa845cad4ff:0
[  273223ms] [ERROR] Failed to load resource: the server responded with a status of 401 (Unauthorized) @ http://localhost:3000/api/user/state?client_id=08e16c6d-d7b5-4af4-9e6e-7aa845cad4ff:0
[  273676ms] [ERROR] Failed to load resource: the server responded with a status of 401 (Unauthorized) @ http://localhost:3000/api/auth/ws-ticket:0
[  274007ms] [ERROR] Failed to load resource: the server responded with a status of 401 (Unauthorized) @ http://localhost:3000/api/auth/ws-ticket:0
[  274575ms] [ERROR] Failed to load resource: the server responded with a status of 401 (Unauthorized) @ http://localhost:3000/api/auth/ws-ticket:0
[  274969ms] [ERROR] Failed to load resource: the server responded with a status of 401 (Unauthorized) @ http://localhost:3000/api/user/state?client_id=08e16c6d-d7b5-4af4-9e6e-7aa845cad4ff:0
[  276094ms] [ERROR] Failed to load resource: the server responded with a status of 401 (Unauthorized) @ http://localhost:3000/api/user/state?client_id=08e16c6d-d7b5-4af4-9e6e-7aa845cad4ff:0
[  276961ms] [ERROR] Failed to load resource: the server responded with a status of 401 (Unauthorized) @ http://localhost:3000/api/user/state?client_id=08e16c6d-d7b5-4af4-9e6e-7aa845cad4ff:0
[  277010ms] [ERROR] Failed to load resource: the server responded with a status of 401 (Unauthorized) @ http://localhost:3000/api/auth/ws-ticket:0
[  277227ms] [ERROR] Failed to load resource: the server responded with a status of 401 (Unauthorized) @ http://localhost:3000/api/auth/ws-ticket:0
[  277598ms] [ERROR] Failed to load resource: the server responded with a status of 401 (Unauthorized) @ http://localhost:3000/api/auth/ws-ticket:0
[  278979ms] [ERROR] Failed to load resource: the server responded with a status of 401 (Unauthorized) @ http://localhost:3000/api/user/state?client_id=08e16c6d-d7b5-4af4-9e6e-7aa845cad4ff:0
[  279232ms] [ERROR] Failed to load resource: the server responded with a status of 401 (Unauthorized) @ http://localhost:3000/api/user/state?client_id=08e16c6d-d7b5-4af4-9e6e-7aa845cad4ff:0
[  280022ms] [ERROR] Failed to load resource: the server responded with a status of 401 (Unauthorized) @ http://localhost:3000/api/auth/ws-ticket:0
[  280548ms] [ERROR] Failed to load resource: the server responded with a status of 401 (Unauthorized) @ http://localhost:3000/api/auth/ws-ticket:0
[  280800ms] [ERROR] Failed to load resource: the server responded with a status of 401 (Unauthorized) @ http://localhost:3000/api/auth/ws-ticket:0
[  280931ms] [ERROR] Failed to load resource: the server responded with a status of 401 (Unauthorized) @ http://localhost:3000/api/user/state?client_id=08e16c6d-d7b5-4af4-9e6e-7aa845cad4ff:0
[  282316ms] [ERROR] Failed to load resource: the server responded with a status of 401 (Unauthorized) @ http://localhost:3000/api/user/state?client_id=08e16c6d-d7b5-4af4-9e6e-7aa845cad4ff:0
[  282966ms] [ERROR] Failed to load resource: the server responded with a status of 401 (Unauthorized) @ http://localhost:3000/api/user/state?client_id=08e16c6d-d7b5-4af4-9e6e-7aa845cad4ff:0
[  283221ms] [ERROR] Failed to load resource: the server responded with a status of 401 (Unauthorized) @ http://localhost:3000/api/auth/ws-ticket:0
[  283563ms] [ERROR] Failed to load resource: the server responded with a status of 401 (Unauthorized) @ http://localhost:3000/api/auth/ws-ticket:0
[  284136ms] [ERROR] Failed to load resource: the server responded with a status of 401 (Unauthorized) @ http://localhost:3000/api/auth/ws-ticket:0
[  284654ms] [ERROR] Failed to load resource: the server responded with a status of 401 (Unauthorized) @ http://localhost:3000/api/user/state?client_id=08e16c6d-d7b5-4af4-9e6e-7aa845cad4ff:0
[  285970ms] [ERROR] Failed to load resource: the server responded with a status of 401 (Unauthorized) @ http://localhost:3000/api/user/state?client_id=08e16c6d-d7b5-4af4-9e6e-7aa845cad4ff:0
[  286237ms] [ERROR] Failed to load resource: the server responded with a status of 401 (Unauthorized) @ http://localhost:3000/api/auth/ws-ticket:0
[  286889ms] [ERROR] Failed to load resource: the server responded with a status of 401 (Unauthorized) @ http://localhost:3000/api/auth/ws-ticket:0
[  286972ms] [ERROR] Failed to load resource: the server responded with a status of 401 (Unauthorized) @ http://localhost:3000/api/user/state?client_id=08e16c6d-d7b5-4af4-9e6e-7aa845cad4ff:0
[  287157ms] [ERROR] Failed to load resource: the server responded with a status of 401 (Unauthorized) @ http://localhost:3000/api/auth/ws-ticket:0
[  288657ms] [ERROR] Failed to load resource: the server responded with a status of 401 (Unauthorized) @ http://localhost:3000/api/user/state?client_id=08e16c6d-d7b5-4af4-9e6e-7aa845cad4ff:0
[  288990ms] [ERROR] Failed to load resource: the server responded with a status of 401 (Unauthorized) @ http://localhost:3000/api/user/state?client_id=08e16c6d-d7b5-4af4-9e6e-7aa845cad4ff:0
[  289257ms] [ERROR] Failed to load resource: the server responded with a status of 401 (Unauthorized) @ http://localhost:3000/api/auth/ws-ticket:0
[  290212ms] [ERROR] Failed to load resource: the server responded with a status of 401 (Unauthorized) @ http://localhost:3000/api/auth/ws-ticket:0
[  290659ms] [ERROR] Failed to load resource: the server responded with a status of 401 (Unauthorized) @ http://localhost:3000/api/user/state?client_id=08e16c6d-d7b5-4af4-9e6e-7aa845cad4ff:0
[  292062ms] [ERROR] Failed to load resource: the server responded with a status of 401 (Unauthorized) @ http://localhost:3000/api/user/state?client_id=08e16c6d-d7b5-4af4-9e6e-7aa845cad4ff:0
[  292327ms] [ERROR] Failed to load resource: the server responded with a status of 401 (Unauthorized) @ http://localhost:3000/api/auth/ws-ticket:0
[  292652ms] [ERROR] Failed to load resource: the server responded with a status of 401 (Unauthorized) @ http://localhost:3000/api/user/state?client_id=08e16c6d-d7b5-4af4-9e6e-7aa845cad4ff:0
[  293544ms] [ERROR] Failed to load resource: the server responded with a status of 401 (Unauthorized) @ http://localhost:3000/api/auth/ws-ticket:0
[  294649ms] [ERROR] Failed to load resource: the server responded with a status of 401 (Unauthorized) @ http://localhost:3000/api/user/state?client_id=08e16c6d-d7b5-4af4-9e6e-7aa845cad4ff:0
[  295382ms] [ERROR] Failed to load resource: the server responded with a status of 401 (Unauthorized) @ http://localhost:3000/api/user/state?client_id=08e16c6d-d7b5-4af4-9e6e-7aa845cad4ff:0
[  295647ms] [ERROR] Failed to load resource: the server responded with a status of 401 (Unauthorized) @ http://localhost:3000/api/auth/ws-ticket:0
[  296564ms] [ERROR] Failed to load resource: the server responded with a status of 401 (Unauthorized) @ http://localhost:3000/api/auth/ws-ticket:0
[  296884ms] [ERROR] Failed to load resource: the server responded with a status of 401 (Unauthorized) @ http://localhost:3000/api/auth/ws-ticket:0
[  296965ms] [ERROR] Failed to load resource: the server responded with a status of 401 (Unauthorized) @ http://localhost:3000/api/user/state?client_id=08e16c6d-d7b5-4af4-9e6e-7aa845cad4ff:0
[  298401ms] [ERROR] Failed to load resource: the server responded with a status of 401 (Unauthorized) @ http://localhost:3000/api/user/state?client_id=08e16c6d-d7b5-4af4-9e6e-7aa845cad4ff:0
[  298968ms] [ERROR] Failed to load resource: the server responded with a status of 401 (Unauthorized) @ http://localhost:3000/api/user/state?client_id=08e16c6d-d7b5-4af4-9e6e-7aa845cad4ff:0
[  298971ms] [ERROR] Failed to load resource: the server responded with a status of 401 (Unauthorized) @ http://localhost:3000/api/auth/ws-ticket:0
[  299585ms] [ERROR] Failed to load resource: the server responded with a status of 401 (Unauthorized) @ http://localhost:3000/api/auth/ws-ticket:0
[  300218ms] [ERROR] Failed to load resource: the server responded with a status of 401 (Unauthorized) @ http://localhost:3000/api/auth/ws-ticket:0
[  300654ms] [ERROR] Failed to load resource: the server responded with a status of 401 (Unauthorized) @ http://localhost:3000/api/user/state?client_id=08e16c6d-d7b5-4af4-9e6e-7aa845cad4ff:0
[  302055ms] [ERROR] Failed to load resource: the server responded with a status of 401 (Unauthorized) @ http://localhost:3000/api/user/state?client_id=08e16c6d-d7b5-4af4-9e6e-7aa845cad4ff:0
[  302305ms] [ERROR] Failed to load resource: the server responded with a status of 401 (Unauthorized) @ http://localhost:3000/api/auth/ws-ticket:0
[  302605ms] [ERROR] Failed to load resource: the server responded with a status of 401 (Unauthorized) @ http://localhost:3000/api/auth/ws-ticket:0
[  302968ms] [ERROR] Failed to load resource: the server responded with a status of 401 (Unauthorized) @ http://localhost:3000/api/user/state?client_id=08e16c6d-d7b5-4af4-9e6e-7aa845cad4ff:0
[  303239ms] [ERROR] Failed to load resource: the server responded with a status of 401 (Unauthorized) @ http://localhost:3000/api/auth/ws-ticket:0
[  304658ms] [ERROR] Failed to load resource: the server responded with a status of 401 (Unauthorized) @ http://localhost:3000/api/user/state?client_id=08e16c6d-d7b5-4af4-9e6e-7aa845cad4ff:0
[  305074ms] [ERROR] Failed to load resource: the server responded with a status of 401 (Unauthorized) @ http://localhost:3000/api/user/state?client_id=08e16c6d-d7b5-4af4-9e6e-7aa845cad4ff:0
[  305325ms] [ERROR] Failed to load resource: the server responded with a status of 401 (Unauthorized) @ http://localhost:3000/api/auth/ws-ticket:0
[  305925ms] [ERROR] Failed to load resource: the server responded with a status of 401 (Unauthorized) @ http://localhost:3000/api/auth/ws-ticket:0
[  306260ms] [ERROR] Failed to load resource: the server responded with a status of 401 (Unauthorized) @ http://localhost:3000/api/auth/ws-ticket:0
[  306959ms] [ERROR] Failed to load resource: the server responded with a status of 401 (Unauthorized) @ http://localhost:3000/api/user/state?client_id=08e16c6d-d7b5-4af4-9e6e-7aa845cad4ff:0
[  307778ms] [ERROR] Failed to load resource: the server responded with a status of 401 (Unauthorized) @ http://localhost:3000/api/user/state?client_id=08e16c6d-d7b5-4af4-9e6e-7aa845cad4ff:0
[  308646ms] [ERROR] Failed to load resource: the server responded with a status of 401 (Unauthorized) @ http://localhost:3000/api/auth/ws-ticket:0
[  308913ms] [ERROR] Failed to load resource: the server responded with a status of 401 (Unauthorized) @ http://localhost:3000/api/user/state?client_id=08e16c6d-d7b5-4af4-9e6e-7aa845cad4ff:0
[  308962ms] [ERROR] Failed to load resource: the server responded with a status of 401 (Unauthorized) @ http://localhost:3000/api/auth/ws-ticket:0
[  309279ms] [ERROR] Failed to load resource: the server responded with a status of 401 (Unauthorized) @ http://localhost:3000/api/auth/ws-ticket:0
[  310966ms] [ERROR] Failed to load resource: the server responded with a status of 401 (Unauthorized) @ http://localhost:3000/api/user/state?client_id=08e16c6d-d7b5-4af4-9e6e-7aa845cad4ff:0
[  311114ms] [ERROR] Failed to load resource: the server responded with a status of 401 (Unauthorized) @ http://localhost:3000/api/user/state?client_id=08e16c6d-d7b5-4af4-9e6e-7aa845cad4ff:0
[  311665ms] [ERROR] Failed to load resource: the server responded with a status of 401 (Unauthorized) @ http://localhost:3000/api/auth/ws-ticket:0
[  312285ms] [ERROR] Failed to load resource: the server responded with a status of 401 (Unauthorized) @ http://localhost:3000/api/auth/ws-ticket:0
[  312554ms] [ERROR] Failed to load resource: the server responded with a status of 401 (Unauthorized) @ http://localhost:3000/api/auth/ws-ticket:0
[  312651ms] [ERROR] Failed to load resource: the server responded with a status of 401 (Unauthorized) @ http://localhost:3000/api/user/state?client_id=08e16c6d-d7b5-4af4-9e6e-7aa845cad4ff:0
[  314385ms] [ERROR] Failed to load resource: the server responded with a status of 401 (Unauthorized) @ http://localhost:3000/api/user/state?client_id=08e16c6d-d7b5-4af4-9e6e-7aa845cad4ff:0
[  314652ms] [ERROR] Failed to load resource: the server responded with a status of 401 (Unauthorized) @ http://localhost:3000/api/user/state?client_id=08e16c6d-d7b5-4af4-9e6e-7aa845cad4ff:0
[  314985ms] [ERROR] Failed to load resource: the server responded with a status of 401 (Unauthorized) @ http://localhost:3000/api/auth/ws-ticket:0
[  315302ms] [ERROR] Failed to load resource: the server responded with a status of 401 (Unauthorized) @ http://localhost:3000/api/auth/ws-ticket:0
[  315886ms] [ERROR] Failed to load resource: the server responded with a status of 401 (Unauthorized) @ http://localhost:3000/api/auth/ws-ticket:0
[  316655ms] [ERROR] Failed to load resource: the server responded with a status of 401 (Unauthorized) @ http://localhost:3000/api/user/state?client_id=08e16c6d-d7b5-4af4-9e6e-7aa845cad4ff:0
[  317723ms] [ERROR] Failed to load resource: the server responded with a status of 401 (Unauthorized) @ http://localhost:3000/api/user/state?client_id=08e16c6d-d7b5-4af4-9e6e-7aa845cad4ff:0
[  318005ms] [ERROR] Failed to load resource: the server responded with a status of 401 (Unauthorized) @ http://localhost:3000/api/auth/ws-ticket:0
[  318626ms] [ERROR] Failed to load resource: the server responded with a status of 401 (Unauthorized) @ http://localhost:3000/api/auth/ws-ticket:0
[  318882ms] [ERROR] Failed to load resource: the server responded with a status of 401 (Unauthorized) @ http://localhost:3000/api/user/state?client_id=08e16c6d-d7b5-4af4-9e6e-7aa845cad4ff:0
[  318974ms] [ERROR] Failed to load resource: the server responded with a status of 401 (Unauthorized) @ http://localhost:3000/api/auth/ws-ticket:0
[  320492ms] [ERROR] Failed to load resource: the server responded with a status of 401 (Unauthorized) @ http://localhost:3000/api/user/state?client_id=08e16c6d-d7b5-4af4-9e6e-7aa845cad4ff:0
[  320975ms] [ERROR] Failed to load resource: the server responded with a status of 401 (Unauthorized) @ http://localhost:3000/api/user/state?client_id=08e16c6d-d7b5-4af4-9e6e-7aa845cad4ff:0
[  321225ms] [ERROR] Failed to load resource: the server responded with a status of 401 (Unauthorized) @ http://localhost:3000/api/auth/ws-ticket:0
[  321642ms] [ERROR] Failed to load resource: the server responded with a status of 401 (Unauthorized) @ http://localhost:3000/api/auth/ws-ticket:0
[  322310ms] [ERROR] Failed to load resource: the server responded with a status of 401 (Unauthorized) @ http://localhost:3000/api/auth/ws-ticket:0
[  322661ms] [ERROR] Failed to load resource: the server responded with a status of 401 (Unauthorized) @ http://localhost:3000/api/user/state?client_id=08e16c6d-d7b5-4af4-9e6e-7aa845cad4ff:0
[  324145ms] [ERROR] Failed to load resource: the server responded with a status of 401 (Unauthorized) @ http://localhost:3000/api/user/state?client_id=08e16c6d-d7b5-4af4-9e6e-7aa845cad4ff:0
[  324396ms] [ERROR] Failed to load resource: the server responded with a status of 401 (Unauthorized) @ http://localhost:3000/api/auth/ws-ticket:0
[  324664ms] [ERROR] Failed to load resource: the server responded with a status of 401 (Unauthorized) @ http://localhost:3000/api/user/state?client_id=08e16c6d-d7b5-4af4-9e6e-7aa845cad4ff:0
[  324979ms] [ERROR] Failed to load resource: the server responded with a status of 401 (Unauthorized) @ http://localhost:3000/api/auth/ws-ticket:0
[  325633ms] [ERROR] Failed to load resource: the server responded with a status of 401 (Unauthorized) @ http://localhost:3000/api/auth/ws-ticket:0
[  326649ms] [ERROR] Failed to load resource: the server responded with a status of 401 (Unauthorized) @ http://localhost:3000/api/user/state?client_id=08e16c6d-d7b5-4af4-9e6e-7aa845cad4ff:0
[  327498ms] [ERROR] Failed to load resource: the server responded with a status of 401 (Unauthorized) @ http://localhost:3000/api/user/state?client_id=08e16c6d-d7b5-4af4-9e6e-7aa845cad4ff:0
[  327731ms] [ERROR] Failed to load resource: the server responded with a status of 401 (Unauthorized) @ http://localhost:3000/api/auth/ws-ticket:0
[  327999ms] [ERROR] Failed to load resource: the server responded with a status of 401 (Unauthorized) @ http://localhost:3000/api/auth/ws-ticket:0
[  328967ms] [ERROR] Failed to load resource: the server responded with a status of 401 (Unauthorized) @ http://localhost:3000/api/user/state?client_id=08e16c6d-d7b5-4af4-9e6e-7aa845cad4ff:0
[  328985ms] [ERROR] Failed to load resource: the server responded with a status of 401 (Unauthorized) @ http://localhost:3000/api/auth/ws-ticket:0
[  330503ms] [ERROR] Failed to load resource: the server responded with a status of 401 (Unauthorized) @ http://localhost:3000/api/user/state?client_id=08e16c6d-d7b5-4af4-9e6e-7aa845cad4ff:0
[  330953ms] [ERROR] Failed to load resource: the server responded with a status of 401 (Unauthorized) @ http://localhost:3000/api/user/state?client_id=08e16c6d-d7b5-4af4-9e6e-7aa845cad4ff:0
[  331070ms] [ERROR] Failed to load resource: the server responded with a status of 401 (Unauthorized) @ http://localhost:3000/api/auth/ws-ticket:0
[  332005ms] [ERROR] Failed to load resource: the server responded with a status of 401 (Unauthorized) @ http://localhost:3000/api/auth/ws-ticket:0
[  332972ms] [ERROR] Failed to load resource: the server responded with a status of 401 (Unauthorized) @ http://localhost:3000/api/user/state?client_id=08e16c6d-d7b5-4af4-9e6e-7aa845cad4ff:0
[  333523ms] [ERROR] Failed to load resource: the server responded with a status of 401 (Unauthorized) @ http://localhost:3000/api/user/state?client_id=08e16c6d-d7b5-4af4-9e6e-7aa845cad4ff:0
[  334392ms] [ERROR] Failed to load resource: the server responded with a status of 401 (Unauthorized) @ http://localhost:3000/api/auth/ws-ticket:0
[  334657ms] [ERROR] Failed to load resource: the server responded with a status of 401 (Unauthorized) @ http://localhost:3000/api/user/state?client_id=08e16c6d-d7b5-4af4-9e6e-7aa845cad4ff:0
[  335325ms] [ERROR] Failed to load resource: the server responded with a status of 401 (Unauthorized) @ http://localhost:3000/api/auth/ws-ticket:0
[  336660ms] [ERROR] Failed to load resource: the server responded with a status of 401 (Unauthorized) @ http://localhost:3000/api/user/state?client_id=08e16c6d-d7b5-4af4-9e6e-7aa845cad4ff:0
[  337146ms] [ERROR] Failed to load resource: the server responded with a status of 401 (Unauthorized) @ http://localhost:3000/api/user/state?client_id=08e16c6d-d7b5-4af4-9e6e-7aa845cad4ff:0
[  337411ms] [ERROR] Failed to load resource: the server responded with a status of 401 (Unauthorized) @ http://localhost:3000/api/auth/ws-ticket:0
[  337711ms] [ERROR] Failed to load resource: the server responded with a status of 401 (Unauthorized) @ http://localhost:3000/api/auth/ws-ticket:0
[  338345ms] [ERROR] Failed to load resource: the server responded with a status of 401 (Unauthorized) @ http://localhost:3000/api/auth/ws-ticket:0
[  338978ms] [ERROR] Failed to load resource: the server responded with a status of 401 (Unauthorized) @ http://localhost:3000/api/user/state?client_id=08e16c6d-d7b5-4af4-9e6e-7aa845cad4ff:0
[  339864ms] [ERROR] Failed to load resource: the server responded with a status of 401 (Unauthorized) @ http://localhost:3000/api/user/state?client_id=08e16c6d-d7b5-4af4-9e6e-7aa845cad4ff:0
[  340732ms] [ERROR] Failed to load resource: the server responded with a status of 401 (Unauthorized) @ http://localhost:3000/api/auth/ws-ticket:0
[  340964ms] [ERROR] Failed to load resource: the server responded with a status of 401 (Unauthorized) @ http://localhost:3000/api/user/state?client_id=08e16c6d-d7b5-4af4-9e6e-7aa845cad4ff:0
[  341363ms] [ERROR] Failed to load resource: the server responded with a status of 401 (Unauthorized) @ http://localhost:3000/api/auth/ws-ticket:0
[  342951ms] [ERROR] Failed to load resource: the server responded with a status of 401 (Unauthorized) @ http://localhost:3000/api/user/state?client_id=08e16c6d-d7b5-4af4-9e6e-7aa845cad4ff:0
[  343187ms] [ERROR] Failed to load resource: the server responded with a status of 401 (Unauthorized) @ http://localhost:3000/api/user/state?client_id=08e16c6d-d7b5-4af4-9e6e-7aa845cad4ff:0
[  343742ms] [ERROR] Failed to load resource: the server responded with a status of 401 (Unauthorized) @ http://localhost:3000/api/auth/ws-ticket:0
[  344084ms] [ERROR] Failed to load resource: the server responded with a status of 401 (Unauthorized) @ http://localhost:3000/api/auth/ws-ticket:0
[  344384ms] [ERROR] Failed to load resource: the server responded with a status of 401 (Unauthorized) @ http://localhost:3000/api/auth/ws-ticket:0
[  344968ms] [ERROR] Failed to load resource: the server responded with a status of 401 (Unauthorized) @ http://localhost:3000/api/user/state?client_id=08e16c6d-d7b5-4af4-9e6e-7aa845cad4ff:0
[  345908ms] [ERROR] Failed to load resource: the server responded with a status of 401 (Unauthorized) @ http://localhost:3000/api/user/state?client_id=08e16c6d-d7b5-4af4-9e6e-7aa845cad4ff:0
[  346992ms] [ERROR] Failed to load resource: the server responded with a status of 401 (Unauthorized) @ http://localhost:3000/api/user/state?client_id=08e16c6d-d7b5-4af4-9e6e-7aa845cad4ff:0
[  347102ms] [ERROR] Failed to load resource: the server responded with a status of 401 (Unauthorized) @ http://localhost:3000/api/auth/ws-ticket:0
[  347408ms] [ERROR] Failed to load resource: the server responded with a status of 401 (Unauthorized) @ http://localhost:3000/api/auth/ws-ticket:0
[  348973ms] [ERROR] Failed to load resource: the server responded with a status of 401 (Unauthorized) @ http://localhost:3000/api/user/state?client_id=08e16c6d-d7b5-4af4-9e6e-7aa845cad4ff:0
[  349223ms] [ERROR] Failed to load resource: the server responded with a status of 401 (Unauthorized) @ http://localhost:3000/api/user/state?client_id=08e16c6d-d7b5-4af4-9e6e-7aa845cad4ff:0
[  350127ms] [ERROR] Failed to load resource: the server responded with a status of 401 (Unauthorized) @ http://localhost:3000/api/auth/ws-ticket:0
[  350479ms] [ERROR] Failed to load resource: the server responded with a status of 401 (Unauthorized) @ http://localhost:3000/api/auth/ws-ticket:0
[  350725ms] [ERROR] Failed to load resource: the server responded with a status of 401 (Unauthorized) @ http://localhost:3000/api/user/state?client_id=08e16c6d-d7b5-4af4-9e6e-7aa845cad4ff:0
[  352031ms] [ERROR] Failed to load resource: the server responded with a status of 401 (Unauthorized) @ http://localhost:3000/api/user/state?client_id=08e16c6d-d7b5-4af4-9e6e-7aa845cad4ff:0
[  353015ms] [ERROR] Failed to load resource: the server responded with a status of 401 (Unauthorized) @ http://localhost:3000/api/user/state?client_id=08e16c6d-d7b5-4af4-9e6e-7aa845cad4ff:0
[  353229ms] [ERROR] Failed to load resource: the server responded with a status of 401 (Unauthorized) @ http://localhost:3000/api/auth/ws-ticket:0
[  353512ms] [ERROR] Failed to load resource: the server responded with a status of 401 (Unauthorized) @ http://localhost:3000/api/auth/ws-ticket:0
[  353830ms] [ERROR] Failed to load resource: the server responded with a status of 401 (Unauthorized) @ http://localhost:3000/api/auth/ws-ticket:0
[  354649ms] [ERROR] Failed to load resource: the server responded with a status of 401 (Unauthorized) @ http://localhost:3000/api/user/state?client_id=08e16c6d-d7b5-4af4-9e6e-7aa845cad4ff:0
[  355649ms] [ERROR] Failed to load resource: the server responded with a status of 401 (Unauthorized) @ http://localhost:3000/api/user/state?client_id=08e16c6d-d7b5-4af4-9e6e-7aa845cad4ff:0
[  356248ms] [ERROR] Failed to load resource: the server responded with a status of 401 (Unauthorized) @ http://localhost:3000/api/auth/ws-ticket:0
[  356849ms] [ERROR] Failed to load resource: the server responded with a status of 401 (Unauthorized) @ http://localhost:3000/api/auth/ws-ticket:0
[  356952ms] [ERROR] Failed to load resource: the server responded with a status of 401 (Unauthorized) @ http://localhost:3000/api/user/state?client_id=08e16c6d-d7b5-4af4-9e6e-7aa845cad4ff:0
[  358384ms] [ERROR] Failed to load resource: the server responded with a status of 401 (Unauthorized) @ http://localhost:3000/api/user/state?client_id=08e16c6d-d7b5-4af4-9e6e-7aa845cad4ff:0
[  358967ms] [ERROR] Failed to load resource: the server responded with a status of 401 (Unauthorized) @ http://localhost:3000/api/user/state?client_id=08e16c6d-d7b5-4af4-9e6e-7aa845cad4ff:0
[  359267ms] [ERROR] Failed to load resource: the server responded with a status of 401 (Unauthorized) @ http://localhost:3000/api/auth/ws-ticket:0
[  360184ms] [ERROR] Failed to load resource: the server responded with a status of 401 (Unauthorized) @ http://localhost:3000/api/auth/ws-ticket:0
[  360652ms] [ERROR] Failed to load resource: the server responded with a status of 401 (Unauthorized) @ http://localhost:3000/api/user/state?client_id=08e16c6d-d7b5-4af4-9e6e-7aa845cad4ff:0
[  362039ms] [ERROR] Failed to load resource: the server responded with a status of 401 (Unauthorized) @ http://localhost:3000/api/user/state?client_id=08e16c6d-d7b5-4af4-9e6e-7aa845cad4ff:0
[  362303ms] [ERROR] Failed to load resource: the server responded with a status of 401 (Unauthorized) @ http://localhost:3000/api/auth/ws-ticket:0
[  362654ms] [ERROR] Failed to load resource: the server responded with a status of 401 (Unauthorized) @ http://localhost:3000/api/user/state?client_id=08e16c6d-d7b5-4af4-9e6e-7aa845cad4ff:0
[  363507ms] [ERROR] Failed to load resource: the server responded with a status of 401 (Unauthorized) @ http://localhost:3000/api/auth/ws-ticket:0
[  364656ms] [ERROR] Failed to load resource: the server responded with a status of 401 (Unauthorized) @ http://localhost:3000/api/user/state?client_id=08e16c6d-d7b5-4af4-9e6e-7aa845cad4ff:0
[  365399ms] [ERROR] Failed to load resource: the server responded with a status of 401 (Unauthorized) @ http://localhost:3000/api/user/state?client_id=08e16c6d-d7b5-4af4-9e6e-7aa845cad4ff:0
[  365638ms] [ERROR] Failed to load resource: the server responded with a status of 401 (Unauthorized) @ http://localhost:3000/api/auth/ws-ticket:0
[  366526ms] [ERROR] Failed to load resource: the server responded with a status of 401 (Unauthorized) @ http://localhost:3000/api/auth/ws-ticket:0
[  366876ms] [ERROR] Failed to load resource: the server responded with a status of 401 (Unauthorized) @ http://localhost:3000/api/auth/ws-ticket:0
[  366960ms] [ERROR] Failed to load resource: the server responded with a status of 401 (Unauthorized) @ http://localhost:3000/api/user/state?client_id=08e16c6d-d7b5-4af4-9e6e-7aa845cad4ff:0
[  368394ms] [ERROR] Failed to load resource: the server responded with a status of 401 (Unauthorized) @ http://localhost:3000/api/user/state?client_id=08e16c6d-d7b5-4af4-9e6e-7aa845cad4ff:0
[  368979ms] [ERROR] Failed to load resource: the server responded with a status of 401 (Unauthorized) @ http://localhost:3000/api/user/state?client_id=08e16c6d-d7b5-4af4-9e6e-7aa845cad4ff:0
[  368979ms] [ERROR] Failed to load resource: the server responded with a status of 401 (Unauthorized) @ http://localhost:3000/api/auth/ws-ticket:0
[  369545ms] [ERROR] Failed to load resource: the server responded with a status of 401 (Unauthorized) @ http://localhost:3000/api/auth/ws-ticket:0
[  370196ms] [ERROR] Failed to load resource: the server responded with a status of 401 (Unauthorized) @ http://localhost:3000/api/auth/ws-ticket:0
[  370649ms] [ERROR] Failed to load resource: the server responded with a status of 401 (Unauthorized) @ http://localhost:3000/api/user/state?client_id=08e16c6d-d7b5-4af4-9e6e-7aa845cad4ff:0
[  372032ms] [ERROR] Failed to load resource: the server responded with a status of 401 (Unauthorized) @ http://localhost:3000/api/user/state?client_id=08e16c6d-d7b5-4af4-9e6e-7aa845cad4ff:0
[  372299ms] [ERROR] Failed to load resource: the server responded with a status of 401 (Unauthorized) @ http://localhost:3000/api/auth/ws-ticket:0
[  372565ms] [ERROR] Failed to load resource: the server responded with a status of 401 (Unauthorized) @ http://localhost:3000/api/auth/ws-ticket:0
[  372952ms] [ERROR] Failed to load resource: the server responded with a status of 401 (Unauthorized) @ http://localhost:3000/api/user/state?client_id=08e16c6d-d7b5-4af4-9e6e-7aa845cad4ff:0
[  373221ms] [ERROR] Failed to load resource: the server responded with a status of 401 (Unauthorized) @ http://localhost:3000/api/auth/ws-ticket:0
[  374654ms] [ERROR] Failed to load resource: the server responded with a status of 401 (Unauthorized) @ http://localhost:3000/api/user/state?client_id=08e16c6d-d7b5-4af4-9e6e-7aa845cad4ff:0
[  375058ms] [ERROR] Failed to load resource: the server responded with a status of 401 (Unauthorized) @ http://localhost:3000/api/user/state?client_id=08e16c6d-d7b5-4af4-9e6e-7aa845cad4ff:0
[  375330ms] [ERROR] Failed to load resource: the server responded with a status of 401 (Unauthorized) @ http://localhost:3000/api/auth/ws-ticket:0
[  375636ms] [ERROR] Failed to load resource: the server responded with a status of 401 (Unauthorized) @ http://localhost:3000/api/auth/ws-ticket:0
[  376254ms] [ERROR] Failed to load resource: the server responded with a status of 401 (Unauthorized) @ http://localhost:3000/api/auth/ws-ticket:0
[  376975ms] [ERROR] Failed to load resource: the server responded with a status of 401 (Unauthorized) @ http://localhost:3000/api/user/state?client_id=08e16c6d-d7b5-4af4-9e6e-7aa845cad4ff:0
[  377772ms] [ERROR] Failed to load resource: the server responded with a status of 401 (Unauthorized) @ http://localhost:3000/api/user/state?client_id=08e16c6d-d7b5-4af4-9e6e-7aa845cad4ff:0
[  378695ms] [ERROR] Failed to load resource: the server responded with a status of 401 (Unauthorized) @ http://localhost:3000/api/auth/ws-ticket:0
[  378961ms] [ERROR] Failed to load resource: the server responded with a status of 401 (Unauthorized) @ http://localhost:3000/api/user/state?client_id=08e16c6d-d7b5-4af4-9e6e-7aa845cad4ff:0
[  379275ms] [ERROR] Failed to load resource: the server responded with a status of 401 (Unauthorized) @ http://localhost:3000/api/auth/ws-ticket:0
[  380974ms] [ERROR] Failed to load resource: the server responded with a status of 401 (Unauthorized) @ http://localhost:3000/api/user/state?client_id=08e16c6d-d7b5-4af4-9e6e-7aa845cad4ff:0
[  381112ms] [ERROR] Failed to load resource: the server responded with a status of 401 (Unauthorized) @ http://localhost:3000/api/user/state?client_id=08e16c6d-d7b5-4af4-9e6e-7aa845cad4ff:0
[  381728ms] [ERROR] Failed to load resource: the server responded with a status of 401 (Unauthorized) @ http://localhost:3000/api/auth/ws-ticket:0
[  382044ms] [ERROR] Failed to load resource: the server responded with a status of 401 (Unauthorized) @ http://localhost:3000/api/auth/ws-ticket:0
[  382309ms] [ERROR] Failed to load resource: the server responded with a status of 401 (Unauthorized) @ http://localhost:3000/api/auth/ws-ticket:0
[  382662ms] [ERROR] Failed to load resource: the server responded with a status of 401 (Unauthorized) @ http://localhost:3000/api/user/state?client_id=08e16c6d-d7b5-4af4-9e6e-7aa845cad4ff:0
[  384145ms] [ERROR] Failed to load resource: the server responded with a status of 401 (Unauthorized) @ http://localhost:3000/api/user/state?client_id=08e16c6d-d7b5-4af4-9e6e-7aa845cad4ff:0
[  384661ms] [ERROR] Failed to load resource: the server responded with a status of 401 (Unauthorized) @ http://localhost:3000/api/user/state?client_id=08e16c6d-d7b5-4af4-9e6e-7aa845cad4ff:0
[  385063ms] [ERROR] Failed to load resource: the server responded with a status of 401 (Unauthorized) @ http://localhost:3000/api/auth/ws-ticket:0
[  385327ms] [ERROR] Failed to load resource: the server responded with a status of 401 (Unauthorized) @ http://localhost:3000/api/auth/ws-ticket:0
[  386950ms] [ERROR] Failed to load resource: the server responded with a status of 401 (Unauthorized) @ http://localhost:3000/api/user/state?client_id=08e16c6d-d7b5-4af4-9e6e-7aa845cad4ff:0
[  387150ms] [ERROR] Failed to load resource: the server responded with a status of 401 (Unauthorized) @ http://localhost:3000/api/user/state?client_id=08e16c6d-d7b5-4af4-9e6e-7aa845cad4ff:0
[  388086ms] [ERROR] Failed to load resource: the server responded with a status of 401 (Unauthorized) @ http://localhost:3000/api/auth/ws-ticket:0
[  388414ms] [ERROR] Failed to load resource: the server responded with a status of 401 (Unauthorized) @ http://localhost:3000/api/auth/ws-ticket:0
[  388680ms] [ERROR] Failed to load resource: the server responded with a status of 401 (Unauthorized) @ http://localhost:3000/api/user/state?client_id=08e16c6d-d7b5-4af4-9e6e-7aa845cad4ff:0
[  389952ms] [ERROR] Failed to load resource: the server responded with a status of 401 (Unauthorized) @ http://localhost:3000/api/user/state?client_id=08e16c6d-d7b5-4af4-9e6e-7aa845cad4ff:0
[  390955ms] [ERROR] Failed to load resource: the server responded with a status of 401 (Unauthorized) @ http://localhost:3000/api/user/state?client_id=08e16c6d-d7b5-4af4-9e6e-7aa845cad4ff:0
[  391219ms] [ERROR] Failed to load resource: the server responded with a status of 401 (Unauthorized) @ http://localhost:3000/api/auth/ws-ticket:0
[  391436ms] [ERROR] Failed to load resource: the server responded with a status of 401 (Unauthorized) @ http://localhost:3000/api/auth/ws-ticket:0
[  391753ms] [ERROR] Failed to load resource: the server responded with a status of 401 (Unauthorized) @ http://localhost:3000/api/auth/ws-ticket:0
[  392655ms] [ERROR] Failed to load resource: the server responded with a status of 401 (Unauthorized) @ http://localhost:3000/api/user/state?client_id=08e16c6d-d7b5-4af4-9e6e-7aa845cad4ff:0
[  393587ms] [ERROR] Failed to load resource: the server responded with a status of 401 (Unauthorized) @ http://localhost:3000/api/user/state?client_id=08e16c6d-d7b5-4af4-9e6e-7aa845cad4ff:0
[  394241ms] [ERROR] Failed to load resource: the server responded with a status of 401 (Unauthorized) @ http://localhost:3000/api/auth/ws-ticket:0
[  394758ms] [ERROR] Failed to load resource: the server responded with a status of 401 (Unauthorized) @ http://localhost:3000/api/auth/ws-ticket:0
[  394974ms] [ERROR] Failed to load resource: the server responded with a status of 401 (Unauthorized) @ http://localhost:3000/api/user/state?client_id=08e16c6d-d7b5-4af4-9e6e-7aa845cad4ff:0
[  395037ms] [ERROR] Failed to load resource: the server responded with a status of 401 (Unauthorized) @ http://localhost:3000/api/auth/ws-ticket:0
