
> vivutrade@0.1.0 dev
> next dev

▲ Next.js 16.1.6 (Turbopack)
- Local:         http://localhost:3000
- Network:       http://192.168.1.41:3000
- Environments: .env.local

✓ Starting...
✓ Ready in 1393ms
 GET /vi/chart 200 in 2.2s (compile: 1627ms, proxy.ts: 166ms, render: 385ms)
 GET /vi/chart 200 in 145ms (compile: 21ms, proxy.ts: 12ms, render: 112ms)
 GET /manifest.webmanifest 200 in 157ms (compile: 140ms, render: 17ms)
 GET /api/auth/google-config 200 in 76ms (compile: 59ms, render: 17ms)
 GET /api/user/state/public?client_id=e01a34cb-8384-4a83-af30-cbd1fd56495c 502 in 881ms (compile: 862ms, render: 19ms)
 GET /vi/chart 200 in 628ms (compile: 46ms, proxy.ts: 18ms, render: 564ms)
 GET /api/auth/google-config 200 in 51ms (compile: 30ms, render: 22ms)
 GET /api/user/state/public?client_id=48e835cc-f914-4a99-8985-068ab4ecc5a9 502 in 59ms (compile: 32ms, render: 27ms)
 PUT /api/user/state/public?client_id=48e835cc-f914-4a99-8985-068ab4ecc5a9 502 in 38ms (compile: 14ms, render: 23ms)
 PUT /api/user/state/public?client_id=48e835cc-f914-4a99-8985-068ab4ecc5a9 502 in 30ms (compile: 14ms, render: 16ms)
 PUT /api/user/state/public?client_id=48e835cc-f914-4a99-8985-068ab4ecc5a9 502 in 55ms (compile: 24ms, render: 31ms)
 PUT /api/user/state/public?client_id=48e835cc-f914-4a99-8985-068ab4ecc5a9 200 in 556ms (compile: 27ms, render: 528ms)
 PUT /api/user/state/public?client_id=48e835cc-f914-4a99-8985-068ab4ecc5a9 200 in 421ms (compile: 26ms, render: 395ms)
 PUT /api/user/state/public?client_id=e01a34cb-8384-4a83-af30-cbd1fd56495c 200 in 198ms (compile: 28ms, render: 170ms)
 PUT /api/user/state/public?client_id=e01a34cb-8384-4a83-af30-cbd1fd56495c 200 in 206ms (compile: 31ms, render: 175ms)
 PUT /api/user/state/public?client_id=48e835cc-f914-4a99-8985-068ab4ecc5a9 200 in 301ms (compile: 12ms, render: 290ms)
 PUT /api/user/state/public?client_id=e01a34cb-8384-4a83-af30-cbd1fd56495c 200 in 213ms (compile: 20ms, render: 193ms)
 PUT /api/user/state/public?client_id=e01a34cb-8384-4a83-af30-cbd1fd56495c 200 in 175ms (compile: 19ms, render: 156ms)
 GET /api/user/trade-stats/public?strategy_id=hull-ha-gold-scalper 200 in 233ms (compile: 28ms, render: 204ms)
 POST /api/user/trade-logs/public 201 in 129ms (compile: 13ms, render: 116ms)
 POST /api/telegram/signal 200 in 1964ms (compile: 144ms, render: 1820ms)
 GET /api/user/trade-stats/public?strategy_id=hull-ha-gold-scalper 200 in 152ms (compile: 18ms, render: 134ms)
 PATCH /api/user/trade-logs/public 200 in 148ms (compile: 11ms, render: 137ms)
 POST /api/user/trade-logs/public 201 in 75ms (compile: 8ms, render: 68ms)
 POST /api/telegram/signal 200 in 856ms (compile: 6ms, render: 850ms)
 POST /api/telegram/signal 200 in 1110ms (compile: 5ms, render: 1105ms)
 PUT /api/user/state/public?client_id=48e835cc-f914-4a99-8985-068ab4ecc5a9 200 in 402ms (compile: 23ms, render: 379ms)
 PUT /api/user/state/public?client_id=48e835cc-f914-4a99-8985-068ab4ecc5a9 200 in 343ms (compile: 30ms, render: 314ms)
 PUT /api/user/state/public?client_id=e01a34cb-8384-4a83-af30-cbd1fd56495c 200 in 164ms (compile: 18ms, render: 146ms)
 PUT /api/user/state/public?client_id=e01a34cb-8384-4a83-af30-cbd1fd56495c 200 in 172ms (compile: 15ms, render: 157ms)
 PUT /api/user/state/public?client_id=e01a34cb-8384-4a83-af30-cbd1fd56495c 200 in 152ms (compile: 17ms, render: 134ms)
 PATCH /api/user/trade-logs/public 200 in 138ms (compile: 17ms, render: 121ms)
 POST /api/telegram/signal 200 in 1752ms (compile: 6ms, render: 1746ms)
 PUT /api/user/state/public?client_id=48e835cc-f914-4a99-8985-068ab4ecc5a9 200 in 258ms (compile: 13ms, render: 245ms)
 PUT /api/user/state/public?client_id=48e835cc-f914-4a99-8985-068ab4ecc5a9 200 in 245ms (compile: 17ms, render: 228ms)
 PUT /api/user/state/public?client_id=e01a34cb-8384-4a83-af30-cbd1fd56495c 200 in 132ms (compile: 13ms, render: 119ms)
 PUT /api/user/state/public?client_id=e01a34cb-8384-4a83-af30-cbd1fd56495c 200 in 181ms (compile: 25ms, render: 156ms)
 PUT /api/user/state/public?client_id=48e835cc-f914-4a99-8985-068ab4ecc5a9 200 in 275ms (compile: 17ms, render: 257ms)
 PUT /api/user/state/public?client_id=48e835cc-f914-4a99-8985-068ab4ecc5a9 200 in 271ms (compile: 17ms, render: 255ms)
 PUT /api/user/state/public?client_id=e01a34cb-8384-4a83-af30-cbd1fd56495c 200 in 158ms (compile: 17ms, render: 142ms)
 PUT /api/user/state/public?client_id=e01a34cb-8384-4a83-af30-cbd1fd56495c 200 in 183ms (compile: 25ms, render: 159ms)
 PUT /api/user/state/public?client_id=e01a34cb-8384-4a83-af30-cbd1fd56495c 200 in 225ms (compile: 28ms, render: 197ms)
 POST /api/telegram/signal 200 in 1442ms (compile: 33ms, render: 1409ms)
 PUT /api/user/state/public?client_id=48e835cc-f914-4a99-8985-068ab4ecc5a9 200 in 267ms (compile: 21ms, render: 245ms)
 PUT /api/user/state/public?client_id=48e835cc-f914-4a99-8985-068ab4ecc5a9 200 in 280ms (compile: 19ms, render: 261ms)
 PUT /api/user/state/public?client_id=e01a34cb-8384-4a83-af30-cbd1fd56495c 200 in 148ms (compile: 19ms, render: 129ms)
✓ Compiled in 1148ms
 GET /vi/chart 200 in 1235ms (compile: 71ms, proxy.ts: 52ms, render: 1112ms)
 GET /vi/chart 200 in 854ms (compile: 114ms, proxy.ts: 168ms, render: 572ms)
 GET /manifest.webmanifest 200 in 26ms (compile: 10ms, render: 15ms)
 GET /api/auth/google-config 200 in 29ms (compile: 18ms, render: 10ms)
 GET /api/user/state/public?client_id=48e835cc-f914-4a99-8985-068ab4ecc5a9 200 in 266ms (compile: 30ms, render: 236ms)
 GET /api/auth/google-config 200 in 15ms (compile: 7ms, render: 8ms)
 GET /api/user/state/public?client_id=e01a34cb-8384-4a83-af30-cbd1fd56495c 200 in 134ms (compile: 8ms, render: 126ms)
 PATCH /api/user/trade-logs/public 200 in 183ms (compile: 25ms, render: 158ms)
 POST /api/telegram/signal 200 in 1202ms (compile: 6ms, render: 1197ms)
 PUT /api/user/state/public?client_id=48e835cc-f914-4a99-8985-068ab4ecc5a9 200 in 176ms (compile: 26ms, render: 150ms)
 PUT /api/user/state/public?client_id=e01a34cb-8384-4a83-af30-cbd1fd56495c 200 in 156ms (compile: 7ms, render: 149ms)
 PUT /api/user/state/public?client_id=48e835cc-f914-4a99-8985-068ab4ecc5a9 200 in 167ms (compile: 19ms, render: 148ms)
 GET /vi/chart 200 in 328ms (compile: 35ms, proxy.ts: 17ms, render: 275ms)
 GET /manifest.webmanifest 200 in 26ms (compile: 11ms, render: 14ms)
 GET /api/auth/google-config 200 in 23ms (compile: 11ms, render: 12ms)
 GET /api/user/state/public?client_id=e01a34cb-8384-4a83-af30-cbd1fd56495c 200 in 242ms (compile: 33ms, render: 210ms)
 PUT /api/user/state/public?client_id=48e835cc-f914-4a99-8985-068ab4ecc5a9 200 in 180ms (compile: 20ms, render: 160ms)
 PUT /api/user/state/public?client_id=e01a34cb-8384-4a83-af30-cbd1fd56495c 200 in 172ms (compile: 18ms, render: 155ms)
 GET /vi/chart 200 in 408ms (compile: 34ms, proxy.ts: 13ms, render: 361ms)
 GET /manifest.webmanifest 200 in 48ms (compile: 32ms, render: 16ms)
 GET /api/auth/google-config 200 in 16ms (compile: 5ms, render: 11ms)
 GET /api/user/state/public?client_id=e01a34cb-8384-4a83-af30-cbd1fd56495c 200 in 211ms (compile: 52ms, render: 159ms)
 PUT /api/user/state/public?client_id=e01a34cb-8384-4a83-af30-cbd1fd56495c 200 in 180ms (compile: 20ms, render: 159ms)
 PUT /api/user/state/public?client_id=e01a34cb-8384-4a83-af30-cbd1fd56495c 200 in 179ms (compile: 23ms, render: 156ms)
 PUT /api/user/state/public?client_id=e01a34cb-8384-4a83-af30-cbd1fd56495c 200 in 160ms (compile: 18ms, render: 142ms)
 PATCH /api/user/trade-logs/public 200 in 161ms (compile: 23ms, render: 139ms)
 POST /api/telegram/signal 200 in 1128ms (compile: 11ms, render: 1118ms)
 PUT /api/user/state/public?client_id=e01a34cb-8384-4a83-af30-cbd1fd56495c 200 in 160ms (compile: 17ms, render: 143ms)
 PUT /api/user/state/public?client_id=48e835cc-f914-4a99-8985-068ab4ecc5a9 200 in 162ms (compile: 15ms, render: 146ms)
 PUT /api/user/state/public?client_id=48e835cc-f914-4a99-8985-068ab4ecc5a9 200 in 158ms (compile: 18ms, render: 140ms)
 PUT /api/user/state/public?client_id=e01a34cb-8384-4a83-af30-cbd1fd56495c 200 in 179ms (compile: 21ms, render: 158ms)
 PUT /api/user/state/public?client_id=e01a34cb-8384-4a83-af30-cbd1fd56495c 200 in 203ms (compile: 28ms, render: 175ms)
 PUT /api/user/state/public?client_id=e01a34cb-8384-4a83-af30-cbd1fd56495c 200 in 161ms (compile: 20ms, render: 141ms)
 PUT /api/user/state/public?client_id=e01a34cb-8384-4a83-af30-cbd1fd56495c 200 in 191ms (compile: 22ms, render: 168ms)
 PATCH /api/user/trade-logs/public 200 in 277ms (compile: 23ms, render: 254ms)
 POST /api/telegram/signal 200 in 2.1s (compile: 6ms, render: 2.1s)
 PUT /api/user/state/public?client_id=e01a34cb-8384-4a83-af30-cbd1fd56495c 200 in 331ms (compile: 113ms, render: 218ms)
 PUT /api/user/state/public?client_id=48e835cc-f914-4a99-8985-068ab4ecc5a9 200 in 195ms (compile: 27ms, render: 168ms)
 PUT /api/user/state/public?client_id=48e835cc-f914-4a99-8985-068ab4ecc5a9 200 in 162ms (compile: 18ms, render: 144ms)
 PUT /api/user/state/public?client_id=e01a34cb-8384-4a83-af30-cbd1fd56495c 200 in 200ms (compile: 32ms, render: 168ms)
 PUT /api/user/state/public?client_id=e01a34cb-8384-4a83-af30-cbd1fd56495c 200 in 168ms (compile: 19ms, render: 149ms)
 PUT /api/user/state/public?client_id=e01a34cb-8384-4a83-af30-cbd1fd56495c 200 in 180ms (compile: 25ms, render: 155ms)
 PUT /api/user/state/public?client_id=e01a34cb-8384-4a83-af30-cbd1fd56495c 200 in 174ms (compile: 22ms, render: 152ms)
 PATCH /api/user/trade-logs/public 200 in 190ms (compile: 29ms, render: 162ms)
 PUT /api/user/state/public?client_id=48e835cc-f914-4a99-8985-068ab4ecc5a9 200 in 159ms (compile: 18ms, render: 141ms)
 POST /api/telegram/signal 200 in 897ms (compile: 29ms, render: 868ms)
 PUT /api/user/state/public?client_id=e01a34cb-8384-4a83-af30-cbd1fd56495c 200 in 176ms (compile: 18ms, render: 158ms)
 PUT /api/user/state/public?client_id=e01a34cb-8384-4a83-af30-cbd1fd56495c 200 in 173ms (compile: 25ms, render: 148ms)
 GET /api/user/trade-stats/public?strategy_id=hull-ha-gold-scalper 200 in 171ms (compile: 22ms, render: 149ms)
 POST /api/user/trade-logs/public 201 in 92ms (compile: 8ms, render: 85ms)
 POST /api/telegram/signal 200 in 973ms (compile: 9ms, render: 964ms)
 PATCH /api/user/trade-logs/public 200 in 170ms (compile: 17ms, render: 153ms)
 POST /api/telegram/signal 200 in 471ms (compile: 24ms, render: 447ms)
 PUT /api/user/state/public?client_id=e01a34cb-8384-4a83-af30-cbd1fd56495c 200 in 201ms (compile: 24ms, render: 176ms)
 PUT /api/user/state/public?client_id=48e835cc-f914-4a99-8985-068ab4ecc5a9 200 in 189ms (compile: 19ms, render: 170ms)
 PUT /api/user/state/public?client_id=e01a34cb-8384-4a83-af30-cbd1fd56495c 200 in 187ms (compile: 22ms, render: 165ms)
 PUT /api/user/state/public?client_id=e01a34cb-8384-4a83-af30-cbd1fd56495c 200 in 184ms (compile: 19ms, render: 165ms)
 PUT /api/user/state/public?client_id=e01a34cb-8384-4a83-af30-cbd1fd56495c 200 in 174ms (compile: 20ms, render: 154ms)
 PUT /api/user/state/public?client_id=e01a34cb-8384-4a83-af30-cbd1fd56495c 200 in 170ms (compile: 20ms, render: 150ms)
 PUT /api/user/state/public?client_id=e01a34cb-8384-4a83-af30-cbd1fd56495c 200 in 166ms (compile: 18ms, render: 148ms)
 PATCH /api/user/trade-logs/public 200 in 155ms (compile: 21ms, render: 134ms)
 POST /api/telegram/signal 200 in 886ms (compile: 7ms, render: 879ms)
 PUT /api/user/state/public?client_id=e01a34cb-8384-4a83-af30-cbd1fd56495c 200 in 175ms (compile: 21ms, render: 155ms)
 PUT /api/user/state/public?client_id=48e835cc-f914-4a99-8985-068ab4ecc5a9 200 in 179ms (compile: 25ms, render: 154ms)
 PUT /api/user/state/public?client_id=e01a34cb-8384-4a83-af30-cbd1fd56495c 200 in 168ms (compile: 19ms, render: 149ms)
 PUT /api/user/state/public?client_id=e01a34cb-8384-4a83-af30-cbd1fd56495c 200 in 165ms (compile: 20ms, render: 146ms)
 PATCH /api/user/trade-logs/public 200 in 136ms (compile: 15ms, render: 121ms)
 POST /api/telegram/signal 200 in 846ms (compile: 2ms, render: 844ms)
 PUT /api/user/state/public?client_id=e01a34cb-8384-4a83-af30-cbd1fd56495c 200 in 138ms (compile: 8ms, render: 129ms)
 PUT /api/user/state/public?client_id=e01a34cb-8384-4a83-af30-cbd1fd56495c 200 in 170ms (compile: 19ms, render: 150ms)
 PUT /api/user/state/public?client_id=e01a34cb-8384-4a83-af30-cbd1fd56495c 200 in 168ms (compile: 16ms, render: 151ms)
 PATCH /api/user/trade-logs/public 200 in 158ms (compile: 22ms, render: 136ms)
 PUT /api/user/state/public?client_id=48e835cc-f914-4a99-8985-068ab4ecc5a9 200 in 141ms (compile: 6ms, render: 136ms)
 POST /api/telegram/signal 200 in 1855ms (compile: 7ms, render: 1848ms)
 PUT /api/user/state/public?client_id=e01a34cb-8384-4a83-af30-cbd1fd56495c 200 in 394ms (compile: 206ms, render: 188ms)
 PUT /api/user/state/public?client_id=e01a34cb-8384-4a83-af30-cbd1fd56495c 200 in 154ms (compile: 13ms, render: 141ms)
 GET /api/user/trade-stats/public?strategy_id=hull-ha-gold-scalper 200 in 189ms (compile: 43ms, render: 146ms)
 PATCH /api/user/trade-logs/public 404 in 94ms (compile: 22ms, render: 71ms)
 POST /api/user/trade-logs/public 201 in 191ms (compile: 29ms, render: 161ms)
 POST /api/telegram/signal 200 in 1097ms (compile: 73ms, render: 1024ms)
 POST /api/telegram/signal 200 in 2.0s (compile: 45ms, render: 1995ms)
 PUT /api/user/state/public?client_id=e01a34cb-8384-4a83-af30-cbd1fd56495c 200 in 168ms (compile: 31ms, render: 137ms)
 PUT /api/user/state/public?client_id=e01a34cb-8384-4a83-af30-cbd1fd56495c 200 in 142ms (compile: 18ms, render: 124ms)
 PUT /api/user/state/public?client_id=48e835cc-f914-4a99-8985-068ab4ecc5a9 200 in 156ms (compile: 27ms, render: 129ms)
 PUT /api/user/state/public?client_id=48e835cc-f914-4a99-8985-068ab4ecc5a9 200 in 141ms (compile: 21ms, render: 120ms)
 PUT /api/user/state/public?client_id=48e835cc-f914-4a99-8985-068ab4ecc5a9 200 in 113ms (compile: 8ms, render: 104ms)
 PUT /api/user/state/public?client_id=48e835cc-f914-4a99-8985-068ab4ecc5a9 200 in 156ms (compile: 19ms, render: 137ms)
 PUT /api/user/state/public?client_id=e01a34cb-8384-4a83-af30-cbd1fd56495c 200 in 153ms (compile: 15ms, render: 138ms)
 PUT /api/user/state/public?client_id=e01a34cb-8384-4a83-af30-cbd1fd56495c 200 in 133ms (compile: 16ms, render: 116ms)
 PUT /api/user/state/public?client_id=48e835cc-f914-4a99-8985-068ab4ecc5a9 200 in 133ms (compile: 18ms, render: 115ms)
 PUT /api/user/state/public?client_id=48e835cc-f914-4a99-8985-068ab4ecc5a9 200 in 132ms (compile: 7ms, render: 125ms)
 PUT /api/user/state/public?client_id=48e835cc-f914-4a99-8985-068ab4ecc5a9 200 in 128ms (compile: 7ms, render: 121ms)
 PUT /api/user/state/public?client_id=48e835cc-f914-4a99-8985-068ab4ecc5a9 200 in 138ms (compile: 7ms, render: 131ms)
 PUT /api/user/state/public?client_id=48e835cc-f914-4a99-8985-068ab4ecc5a9 200 in 130ms (compile: 7ms, render: 123ms)
 PUT /api/user/state/public?client_id=48e835cc-f914-4a99-8985-068ab4ecc5a9 200 in 129ms (compile: 7ms, render: 122ms)
 PUT /api/user/state/public?client_id=48e835cc-f914-4a99-8985-068ab4ecc5a9 200 in 127ms (compile: 7ms, render: 120ms)
 PUT /api/user/state/public?client_id=48e835cc-f914-4a99-8985-068ab4ecc5a9 200 in 136ms (compile: 8ms, render: 129ms)
 PUT /api/user/state/public?client_id=48e835cc-f914-4a99-8985-068ab4ecc5a9 200 in 128ms (compile: 7ms, render: 121ms)
 PUT /api/user/state/public?client_id=48e835cc-f914-4a99-8985-068ab4ecc5a9 200 in 133ms (compile: 7ms, render: 125ms)
 PUT /api/user/state/public?client_id=48e835cc-f914-4a99-8985-068ab4ecc5a9 200 in 147ms (compile: 7ms, render: 140ms)
 PUT /api/user/state/public?client_id=48e835cc-f914-4a99-8985-068ab4ecc5a9 200 in 131ms (compile: 8ms, render: 124ms)
 PUT /api/user/state/public?client_id=48e835cc-f914-4a99-8985-068ab4ecc5a9 200 in 137ms (compile: 7ms, render: 130ms)
 PUT /api/user/state/public?client_id=48e835cc-f914-4a99-8985-068ab4ecc5a9 200 in 128ms (compile: 7ms, render: 121ms)
 PUT /api/user/state/public?client_id=48e835cc-f914-4a99-8985-068ab4ecc5a9 200 in 128ms (compile: 7ms, render: 121ms)
 PUT /api/user/state/public?client_id=48e835cc-f914-4a99-8985-068ab4ecc5a9 200 in 142ms (compile: 7ms, render: 135ms)
 PUT /api/user/state/public?client_id=48e835cc-f914-4a99-8985-068ab4ecc5a9 200 in 126ms (compile: 7ms, render: 120ms)
 PUT /api/user/state/public?client_id=48e835cc-f914-4a99-8985-068ab4ecc5a9 200 in 134ms (compile: 9ms, render: 125ms)
 PUT /api/user/state/public?client_id=48e835cc-f914-4a99-8985-068ab4ecc5a9 200 in 141ms (compile: 7ms, render: 134ms)
 PUT /api/user/state/public?client_id=48e835cc-f914-4a99-8985-068ab4ecc5a9 200 in 145ms (compile: 8ms, render: 137ms)
 PUT /api/user/state/public?client_id=48e835cc-f914-4a99-8985-068ab4ecc5a9 200 in 132ms (compile: 7ms, render: 125ms)
 PUT /api/user/state/public?client_id=48e835cc-f914-4a99-8985-068ab4ecc5a9 200 in 140ms (compile: 8ms, render: 132ms)
 PUT /api/user/state/public?client_id=48e835cc-f914-4a99-8985-068ab4ecc5a9 200 in 129ms (compile: 8ms, render: 122ms)
 PUT /api/user/state/public?client_id=48e835cc-f914-4a99-8985-068ab4ecc5a9 200 in 133ms (compile: 7ms, render: 126ms)
 PUT /api/user/state/public?client_id=48e835cc-f914-4a99-8985-068ab4ecc5a9 200 in 140ms (compile: 8ms, render: 131ms)
 PUT /api/user/state/public?client_id=48e835cc-f914-4a99-8985-068ab4ecc5a9 200 in 133ms (compile: 7ms, render: 126ms)
 PUT /api/user/state/public?client_id=48e835cc-f914-4a99-8985-068ab4ecc5a9 200 in 126ms (compile: 7ms, render: 119ms)
 PUT /api/user/state/public?client_id=48e835cc-f914-4a99-8985-068ab4ecc5a9 200 in 128ms (compile: 8ms, render: 120ms)
 PUT /api/user/state/public?client_id=48e835cc-f914-4a99-8985-068ab4ecc5a9 200 in 126ms (compile: 7ms, render: 119ms)
 PUT /api/user/state/public?client_id=48e835cc-f914-4a99-8985-068ab4ecc5a9 200 in 145ms (compile: 8ms, render: 137ms)
 PUT /api/user/state/public?client_id=48e835cc-f914-4a99-8985-068ab4ecc5a9 200 in 132ms (compile: 7ms, render: 124ms)
 PUT /api/user/state/public?client_id=48e835cc-f914-4a99-8985-068ab4ecc5a9 200 in 129ms (compile: 8ms, render: 122ms)
 PUT /api/user/state/public?client_id=48e835cc-f914-4a99-8985-068ab4ecc5a9 200 in 125ms (compile: 8ms, render: 118ms)
 PUT /api/user/state/public?client_id=48e835cc-f914-4a99-8985-068ab4ecc5a9 200 in 130ms (compile: 6ms, render: 124ms)
 PUT /api/user/state/public?client_id=48e835cc-f914-4a99-8985-068ab4ecc5a9 200 in 146ms (compile: 7ms, render: 139ms)
 PUT /api/user/state/public?client_id=48e835cc-f914-4a99-8985-068ab4ecc5a9 200 in 135ms (compile: 10ms, render: 125ms)
 PUT /api/user/state/public?client_id=48e835cc-f914-4a99-8985-068ab4ecc5a9 200 in 129ms (compile: 8ms, render: 121ms)
 PUT /api/user/state/public?client_id=48e835cc-f914-4a99-8985-068ab4ecc5a9 200 in 133ms (compile: 7ms, render: 127ms)
 PUT /api/user/state/public?client_id=48e835cc-f914-4a99-8985-068ab4ecc5a9 200 in 129ms (compile: 7ms, render: 122ms)
 PUT /api/user/state/public?client_id=48e835cc-f914-4a99-8985-068ab4ecc5a9 200 in 129ms (compile: 7ms, render: 122ms)
 PUT /api/user/state/public?client_id=48e835cc-f914-4a99-8985-068ab4ecc5a9 200 in 135ms (compile: 7ms, render: 128ms)
 PUT /api/user/state/public?client_id=48e835cc-f914-4a99-8985-068ab4ecc5a9 200 in 131ms (compile: 7ms, render: 125ms)
 PUT /api/user/state/public?client_id=48e835cc-f914-4a99-8985-068ab4ecc5a9 200 in 135ms (compile: 7ms, render: 127ms)
 PUT /api/user/state/public?client_id=48e835cc-f914-4a99-8985-068ab4ecc5a9 200 in 131ms (compile: 6ms, render: 125ms)
 PUT /api/user/state/public?client_id=48e835cc-f914-4a99-8985-068ab4ecc5a9 200 in 137ms (compile: 7ms, render: 130ms)
 PUT /api/user/state/public?client_id=48e835cc-f914-4a99-8985-068ab4ecc5a9 200 in 126ms (compile: 6ms, render: 119ms)
 PUT /api/user/state/public?client_id=48e835cc-f914-4a99-8985-068ab4ecc5a9 200 in 132ms (compile: 8ms, render: 124ms)
 PUT /api/user/state/public?client_id=48e835cc-f914-4a99-8985-068ab4ecc5a9 200 in 125ms (compile: 8ms, render: 117ms)
 PUT /api/user/state/public?client_id=48e835cc-f914-4a99-8985-068ab4ecc5a9 200 in 131ms (compile: 7ms, render: 123ms)
 PUT /api/user/state/public?client_id=48e835cc-f914-4a99-8985-068ab4ecc5a9 200 in 137ms (compile: 7ms, render: 130ms)
 PUT /api/user/state/public?client_id=48e835cc-f914-4a99-8985-068ab4ecc5a9 200 in 131ms (compile: 7ms, render: 124ms)
 PUT /api/user/state/public?client_id=48e835cc-f914-4a99-8985-068ab4ecc5a9 200 in 131ms (compile: 7ms, render: 124ms)
 PUT /api/user/state/public?client_id=48e835cc-f914-4a99-8985-068ab4ecc5a9 200 in 124ms (compile: 7ms, render: 117ms)
 PUT /api/user/state/public?client_id=48e835cc-f914-4a99-8985-068ab4ecc5a9 200 in 144ms (compile: 7ms, render: 136ms)
 PUT /api/user/state/public?client_id=48e835cc-f914-4a99-8985-068ab4ecc5a9 200 in 221ms (compile: 7ms, render: 214ms)
 PUT /api/user/state/public?client_id=48e835cc-f914-4a99-8985-068ab4ecc5a9 200 in 146ms (compile: 8ms, render: 138ms)
 PUT /api/user/state/public?client_id=48e835cc-f914-4a99-8985-068ab4ecc5a9 200 in 159ms (compile: 6ms, render: 152ms)
 PUT /api/user/state/public?client_id=48e835cc-f914-4a99-8985-068ab4ecc5a9 200 in 411ms (compile: 7ms, render: 403ms)
 PUT /api/user/state/public?client_id=48e835cc-f914-4a99-8985-068ab4ecc5a9 200 in 157ms (compile: 7ms, render: 150ms)
 PUT /api/user/state/public?client_id=48e835cc-f914-4a99-8985-068ab4ecc5a9 200 in 163ms (compile: 7ms, render: 156ms)
 PUT /api/user/state/public?client_id=48e835cc-f914-4a99-8985-068ab4ecc5a9 200 in 304ms (compile: 7ms, render: 297ms)
 PUT /api/user/state/public?client_id=48e835cc-f914-4a99-8985-068ab4ecc5a9 200 in 224ms (compile: 7ms, render: 217ms)
 PUT /api/user/state/public?client_id=48e835cc-f914-4a99-8985-068ab4ecc5a9 200 in 172ms (compile: 9ms, render: 163ms)
 PUT /api/user/state/public?client_id=48e835cc-f914-4a99-8985-068ab4ecc5a9 200 in 165ms (compile: 7ms, render: 158ms)
 PUT /api/user/state/public?client_id=48e835cc-f914-4a99-8985-068ab4ecc5a9 200 in 166ms (compile: 7ms, render: 159ms)
 PUT /api/user/state/public?client_id=48e835cc-f914-4a99-8985-068ab4ecc5a9 200 in 169ms (compile: 7ms, render: 162ms)
 PUT /api/user/state/public?client_id=48e835cc-f914-4a99-8985-068ab4ecc5a9 200 in 167ms (compile: 7ms, render: 159ms)
 PUT /api/user/state/public?client_id=48e835cc-f914-4a99-8985-068ab4ecc5a9 200 in 158ms (compile: 7ms, render: 152ms)
 PUT /api/user/state/public?client_id=48e835cc-f914-4a99-8985-068ab4ecc5a9 200 in 172ms (compile: 7ms, render: 165ms)
 PUT /api/user/state/public?client_id=48e835cc-f914-4a99-8985-068ab4ecc5a9 200 in 165ms (compile: 7ms, render: 158ms)
 PUT /api/user/state/public?client_id=48e835cc-f914-4a99-8985-068ab4ecc5a9 200 in 160ms (compile: 7ms, render: 153ms)
 PUT /api/user/state/public?client_id=48e835cc-f914-4a99-8985-068ab4ecc5a9 200 in 173ms (compile: 7ms, render: 166ms)
 PUT /api/user/state/public?client_id=48e835cc-f914-4a99-8985-068ab4ecc5a9 200 in 169ms (compile: 8ms, render: 161ms)
 PUT /api/user/state/public?client_id=48e835cc-f914-4a99-8985-068ab4ecc5a9 200 in 163ms (compile: 8ms, render: 155ms)
 PUT /api/user/state/public?client_id=48e835cc-f914-4a99-8985-068ab4ecc5a9 200 in 288ms (compile: 6ms, render: 282ms)
 PUT /api/user/state/public?client_id=48e835cc-f914-4a99-8985-068ab4ecc5a9 200 in 674ms (compile: 7ms, render: 667ms)
 PUT /api/user/state/public?client_id=48e835cc-f914-4a99-8985-068ab4ecc5a9 200 in 277ms (compile: 7ms, render: 271ms)
 PUT /api/user/state/public?client_id=48e835cc-f914-4a99-8985-068ab4ecc5a9 200 in 244ms (compile: 7ms, render: 237ms)
 PUT /api/user/state/public?client_id=48e835cc-f914-4a99-8985-068ab4ecc5a9 200 in 219ms (compile: 8ms, render: 211ms)
 PUT /api/user/state/public?client_id=48e835cc-f914-4a99-8985-068ab4ecc5a9 200 in 352ms (compile: 8ms, render: 344ms)
 PUT /api/user/state/public?client_id=48e835cc-f914-4a99-8985-068ab4ecc5a9 200 in 219ms (compile: 7ms, render: 212ms)
 PUT /api/user/state/public?client_id=48e835cc-f914-4a99-8985-068ab4ecc5a9 200 in 884ms (compile: 7ms, render: 878ms)
 PUT /api/user/state/public?client_id=48e835cc-f914-4a99-8985-068ab4ecc5a9 200 in 275ms (compile: 6ms, render: 269ms)
 PUT /api/user/state/public?client_id=48e835cc-f914-4a99-8985-068ab4ecc5a9 200 in 570ms (compile: 7ms, render: 564ms)
 PUT /api/user/state/public?client_id=48e835cc-f914-4a99-8985-068ab4ecc5a9 200 in 569ms (compile: 6ms, render: 562ms)
 PUT /api/user/state/public?client_id=48e835cc-f914-4a99-8985-068ab4ecc5a9 200 in 288ms (compile: 9ms, render: 279ms)
 PUT /api/user/state/public?client_id=48e835cc-f914-4a99-8985-068ab4ecc5a9 200 in 370ms (compile: 9ms, render: 361ms)
 PUT /api/user/state/public?client_id=48e835cc-f914-4a99-8985-068ab4ecc5a9 200 in 290ms (compile: 7ms, render: 283ms)
 PUT /api/user/state/public?client_id=48e835cc-f914-4a99-8985-068ab4ecc5a9 200 in 306ms (compile: 7ms, render: 299ms)
 PUT /api/user/state/public?client_id=48e835cc-f914-4a99-8985-068ab4ecc5a9 200 in 1405ms (compile: 7ms, render: 1398ms)
 PUT /api/user/state/public?client_id=48e835cc-f914-4a99-8985-068ab4ecc5a9 200 in 418ms (compile: 7ms, render: 410ms)
 PUT /api/user/state/public?client_id=48e835cc-f914-4a99-8985-068ab4ecc5a9 200 in 357ms (compile: 7ms, render: 350ms)
 PUT /api/user/state/public?client_id=48e835cc-f914-4a99-8985-068ab4ecc5a9 200 in 774ms (compile: 7ms, render: 767ms)
 PUT /api/user/state/public?client_id=48e835cc-f914-4a99-8985-068ab4ecc5a9 200 in 801ms (compile: 8ms, render: 794ms)
 PUT /api/user/state/public?client_id=48e835cc-f914-4a99-8985-068ab4ecc5a9 200 in 347ms (compile: 7ms, render: 340ms)
 PUT /api/user/state/public?client_id=48e835cc-f914-4a99-8985-068ab4ecc5a9 200 in 232ms (compile: 7ms, render: 225ms)
 PUT /api/user/state/public?client_id=48e835cc-f914-4a99-8985-068ab4ecc5a9 200 in 623ms (compile: 8ms, render: 615ms)
 PUT /api/user/state/public?client_id=48e835cc-f914-4a99-8985-068ab4ecc5a9 200 in 294ms (compile: 6ms, render: 287ms)
 PUT /api/user/state/public?client_id=48e835cc-f914-4a99-8985-068ab4ecc5a9 200 in 236ms (compile: 8ms, render: 229ms)
 PUT /api/user/state/public?client_id=48e835cc-f914-4a99-8985-068ab4ecc5a9 200 in 369ms (compile: 6ms, render: 362ms)
 PUT /api/user/state/public?client_id=48e835cc-f914-4a99-8985-068ab4ecc5a9 200 in 230ms (compile: 7ms, render: 223ms)
 PUT /api/user/state/public?client_id=48e835cc-f914-4a99-8985-068ab4ecc5a9 200 in 248ms (compile: 8ms, render: 239ms)
 PUT /api/user/state/public?client_id=48e835cc-f914-4a99-8985-068ab4ecc5a9 200 in 349ms (compile: 7ms, render: 341ms)
 PUT /api/user/state/public?client_id=48e835cc-f914-4a99-8985-068ab4ecc5a9 200 in 301ms (compile: 7ms, render: 295ms)
 PUT /api/user/state/public?client_id=48e835cc-f914-4a99-8985-068ab4ecc5a9 200 in 222ms (compile: 7ms, render: 215ms)
 PUT /api/user/state/public?client_id=48e835cc-f914-4a99-8985-068ab4ecc5a9 200 in 222ms (compile: 6ms, render: 216ms)
 PUT /api/user/state/public?client_id=48e835cc-f914-4a99-8985-068ab4ecc5a9 200 in 92ms (compile: 7ms, render: 85ms)
 PUT /api/user/state/public?client_id=48e835cc-f914-4a99-8985-068ab4ecc5a9 200 in 108ms (compile: 8ms, render: 100ms)
 PUT /api/user/state/public?client_id=48e835cc-f914-4a99-8985-068ab4ecc5a9 200 in 343ms (compile: 207ms, render: 137ms)
 PUT /api/user/state/public?client_id=48e835cc-f914-4a99-8985-068ab4ecc5a9 200 in 83ms (compile: 1799µs, render: 82ms)
 PUT /api/user/state/public?client_id=48e835cc-f914-4a99-8985-068ab4ecc5a9 200 in 105ms (compile: 7ms, render: 98ms)
 PUT /api/user/state/public?client_id=48e835cc-f914-4a99-8985-068ab4ecc5a9 200 in 120ms (compile: 7ms, render: 112ms)
 PUT /api/user/state/public?client_id=48e835cc-f914-4a99-8985-068ab4ecc5a9 200 in 124ms (compile: 7ms, render: 116ms)
 PUT /api/user/state/public?client_id=48e835cc-f914-4a99-8985-068ab4ecc5a9 200 in 110ms (compile: 7ms, render: 103ms)
 PUT /api/user/state/public?client_id=48e835cc-f914-4a99-8985-068ab4ecc5a9 200 in 135ms (compile: 7ms, render: 128ms)
 PUT /api/user/state/public?client_id=48e835cc-f914-4a99-8985-068ab4ecc5a9 200 in 127ms (compile: 7ms, render: 120ms)
 PUT /api/user/state/public?client_id=48e835cc-f914-4a99-8985-068ab4ecc5a9 200 in 164ms (compile: 7ms, render: 157ms)
 PUT /api/user/state/public?client_id=48e835cc-f914-4a99-8985-068ab4ecc5a9 200 in 264ms (compile: 7ms, render: 257ms)
 PUT /api/user/state/public?client_id=48e835cc-f914-4a99-8985-068ab4ecc5a9 200 in 177ms (compile: 7ms, render: 170ms)
 PUT /api/user/state/public?client_id=48e835cc-f914-4a99-8985-068ab4ecc5a9 200 in 228ms (compile: 7ms, render: 221ms)
 PUT /api/user/state/public?client_id=48e835cc-f914-4a99-8985-068ab4ecc5a9 200 in 287ms (compile: 7ms, render: 280ms)
 PUT /api/user/state/public?client_id=48e835cc-f914-4a99-8985-068ab4ecc5a9 200 in 326ms (compile: 7ms, render: 319ms)
 PUT /api/user/state/public?client_id=48e835cc-f914-4a99-8985-068ab4ecc5a9 200 in 859ms (compile: 7ms, render: 852ms)
 PUT /api/user/state/public?client_id=48e835cc-f914-4a99-8985-068ab4ecc5a9 200 in 249ms (compile: 8ms, render: 241ms)
 PUT /api/user/state/public?client_id=48e835cc-f914-4a99-8985-068ab4ecc5a9 200 in 198ms (compile: 9ms, render: 189ms)
 PUT /api/user/state/public?client_id=48e835cc-f914-4a99-8985-068ab4ecc5a9 200 in 216ms (compile: 8ms, render: 208ms)
 PUT /api/user/state/public?client_id=48e835cc-f914-4a99-8985-068ab4ecc5a9 200 in 292ms (compile: 7ms, render: 284ms)
 PUT /api/user/state/public?client_id=48e835cc-f914-4a99-8985-068ab4ecc5a9 200 in 829ms (compile: 8ms, render: 820ms)
 PUT /api/user/state/public?client_id=48e835cc-f914-4a99-8985-068ab4ecc5a9 200 in 318ms (compile: 6ms, render: 312ms)
 PUT /api/user/state/public?client_id=48e835cc-f914-4a99-8985-068ab4ecc5a9 200 in 300ms (compile: 8ms, render: 293ms)
 PUT /api/user/state/public?client_id=48e835cc-f914-4a99-8985-068ab4ecc5a9 200 in 349ms (compile: 7ms, render: 342ms)
 PUT /api/user/state/public?client_id=48e835cc-f914-4a99-8985-068ab4ecc5a9 200 in 378ms (compile: 7ms, render: 371ms)
 PUT /api/user/state/public?client_id=48e835cc-f914-4a99-8985-068ab4ecc5a9 200 in 699ms (compile: 8ms, render: 691ms)
 PUT /api/user/state/public?client_id=48e835cc-f914-4a99-8985-068ab4ecc5a9 200 in 250ms (compile: 7ms, render: 243ms)
 PUT /api/user/state/public?client_id=48e835cc-f914-4a99-8985-068ab4ecc5a9 200 in 253ms (compile: 8ms, render: 245ms)
 PUT /api/user/state/public?client_id=48e835cc-f914-4a99-8985-068ab4ecc5a9 200 in 258ms (compile: 6ms, render: 252ms)
 PUT /api/user/state/public?client_id=48e835cc-f914-4a99-8985-068ab4ecc5a9 200 in 249ms (compile: 7ms, render: 242ms)
 PUT /api/user/state/public?client_id=48e835cc-f914-4a99-8985-068ab4ecc5a9 200 in 258ms (compile: 7ms, render: 251ms)
 PUT /api/user/state/public?client_id=48e835cc-f914-4a99-8985-068ab4ecc5a9 200 in 199ms (compile: 8ms, render: 192ms)
 PUT /api/user/state/public?client_id=48e835cc-f914-4a99-8985-068ab4ecc5a9 200 in 198ms (compile: 7ms, render: 191ms)
 PUT /api/user/state/public?client_id=48e835cc-f914-4a99-8985-068ab4ecc5a9 200 in 552ms (compile: 8ms, render: 544ms)
 PUT /api/user/state/public?client_id=48e835cc-f914-4a99-8985-068ab4ecc5a9 200 in 257ms (compile: 7ms, render: 251ms)
 PUT /api/user/state/public?client_id=48e835cc-f914-4a99-8985-068ab4ecc5a9 200 in 143ms (compile: 7ms, render: 136ms)
 PUT /api/user/state/public?client_id=48e835cc-f914-4a99-8985-068ab4ecc5a9 200 in 148ms (compile: 7ms, render: 141ms)
 PUT /api/user/state/public?client_id=48e835cc-f914-4a99-8985-068ab4ecc5a9 200 in 201ms (compile: 6ms, render: 195ms)
 PUT /api/user/state/public?client_id=48e835cc-f914-4a99-8985-068ab4ecc5a9 200 in 205ms (compile: 7ms, render: 198ms)
 PUT /api/user/state/public?client_id=48e835cc-f914-4a99-8985-068ab4ecc5a9 200 in 141ms (compile: 7ms, render: 134ms)
 PUT /api/user/state/public?client_id=48e835cc-f914-4a99-8985-068ab4ecc5a9 200 in 127ms (compile: 8ms, render: 120ms)
 PUT /api/user/state/public?client_id=48e835cc-f914-4a99-8985-068ab4ecc5a9 200 in 95ms (compile: 7ms, render: 88ms)
 PUT /api/user/state/public?client_id=48e835cc-f914-4a99-8985-068ab4ecc5a9 200 in 99ms (compile: 8ms, render: 91ms)
 PUT /api/user/state/public?client_id=48e835cc-f914-4a99-8985-068ab4ecc5a9 200 in 163ms (compile: 6ms, render: 156ms)
 PUT /api/user/state/public?client_id=48e835cc-f914-4a99-8985-068ab4ecc5a9 200 in 142ms (compile: 7ms, render: 135ms)
 PUT /api/user/state/public?client_id=48e835cc-f914-4a99-8985-068ab4ecc5a9 200 in 133ms (compile: 7ms, render: 126ms)
 PUT /api/user/state/public?client_id=48e835cc-f914-4a99-8985-068ab4ecc5a9 200 in 114ms (compile: 7ms, render: 107ms)
 PUT /api/user/state/public?client_id=48e835cc-f914-4a99-8985-068ab4ecc5a9 200 in 143ms (compile: 8ms, render: 135ms)
 PUT /api/user/state/public?client_id=48e835cc-f914-4a99-8985-068ab4ecc5a9 200 in 135ms (compile: 7ms, render: 127ms)
 PUT /api/user/state/public?client_id=48e835cc-f914-4a99-8985-068ab4ecc5a9 200 in 92ms (compile: 7ms, render: 85ms)
 PUT /api/user/state/public?client_id=48e835cc-f914-4a99-8985-068ab4ecc5a9 200 in 96ms (compile: 8ms, render: 87ms)
 PUT /api/user/state/public?client_id=48e835cc-f914-4a99-8985-068ab4ecc5a9 200 in 102ms (compile: 8ms, render: 94ms)
 PUT /api/user/state/public?client_id=48e835cc-f914-4a99-8985-068ab4ecc5a9 200 in 92ms (compile: 7ms, render: 85ms)
 PUT /api/user/state/public?client_id=48e835cc-f914-4a99-8985-068ab4ecc5a9 200 in 90ms (compile: 7ms, render: 83ms)
 PUT /api/user/state/public?client_id=48e835cc-f914-4a99-8985-068ab4ecc5a9 200 in 95ms (compile: 6ms, render: 89ms)
 PUT /api/user/state/public?client_id=48e835cc-f914-4a99-8985-068ab4ecc5a9 200 in 94ms (compile: 7ms, render: 87ms)
 PUT /api/user/state/public?client_id=48e835cc-f914-4a99-8985-068ab4ecc5a9 200 in 118ms (compile: 7ms, render: 111ms)
 PUT /api/user/state/public?client_id=48e835cc-f914-4a99-8985-068ab4ecc5a9 200 in 101ms (compile: 7ms, render: 95ms)
 PUT /api/user/state/public?client_id=48e835cc-f914-4a99-8985-068ab4ecc5a9 200 in 95ms (compile: 7ms, render: 88ms)
 PUT /api/user/state/public?client_id=48e835cc-f914-4a99-8985-068ab4ecc5a9 200 in 98ms (compile: 7ms, render: 92ms)
 PUT /api/user/state/public?client_id=48e835cc-f914-4a99-8985-068ab4ecc5a9 200 in 100ms (compile: 7ms, render: 93ms)
 PUT /api/user/state/public?client_id=48e835cc-f914-4a99-8985-068ab4ecc5a9 200 in 91ms (compile: 7ms, render: 84ms)
 PUT /api/user/state/public?client_id=48e835cc-f914-4a99-8985-068ab4ecc5a9 200 in 97ms (compile: 7ms, render: 90ms)
 PUT /api/user/state/public?client_id=48e835cc-f914-4a99-8985-068ab4ecc5a9 200 in 94ms (compile: 7ms, render: 87ms)
 PUT /api/user/state/public?client_id=48e835cc-f914-4a99-8985-068ab4ecc5a9 200 in 90ms (compile: 7ms, render: 83ms)
 PUT /api/user/state/public?client_id=48e835cc-f914-4a99-8985-068ab4ecc5a9 200 in 91ms (compile: 10ms, render: 81ms)
 PUT /api/user/state/public?client_id=48e835cc-f914-4a99-8985-068ab4ecc5a9 200 in 102ms (compile: 7ms, render: 95ms)
 PUT /api/user/state/public?client_id=48e835cc-f914-4a99-8985-068ab4ecc5a9 200 in 147ms (compile: 7ms, render: 140ms)
 PUT /api/user/state/public?client_id=48e835cc-f914-4a99-8985-068ab4ecc5a9 200 in 131ms (compile: 7ms, render: 124ms)
 PUT /api/user/state/public?client_id=48e835cc-f914-4a99-8985-068ab4ecc5a9 200 in 137ms (compile: 7ms, render: 130ms)
 PUT /api/user/state/public?client_id=48e835cc-f914-4a99-8985-068ab4ecc5a9 200 in 162ms (compile: 6ms, render: 155ms)
 PUT /api/user/state/public?client_id=48e835cc-f914-4a99-8985-068ab4ecc5a9 200 in 126ms (compile: 7ms, render: 119ms)
 PUT /api/user/state/public?client_id=48e835cc-f914-4a99-8985-068ab4ecc5a9 200 in 113ms (compile: 11ms, render: 102ms)
 PUT /api/user/state/public?client_id=48e835cc-f914-4a99-8985-068ab4ecc5a9 200 in 94ms (compile: 7ms, render: 86ms)
 PUT /api/user/state/public?client_id=48e835cc-f914-4a99-8985-068ab4ecc5a9 200 in 99ms (compile: 7ms, render: 92ms)
 PUT /api/user/state/public?client_id=48e835cc-f914-4a99-8985-068ab4ecc5a9 200 in 103ms (compile: 7ms, render: 96ms)
 PUT /api/user/state/public?client_id=48e835cc-f914-4a99-8985-068ab4ecc5a9 200 in 115ms (compile: 7ms, render: 108ms)
 PUT /api/user/state/public?client_id=48e835cc-f914-4a99-8985-068ab4ecc5a9 200 in 92ms (compile: 8ms, render: 84ms)
 PUT /api/user/state/public?client_id=48e835cc-f914-4a99-8985-068ab4ecc5a9 200 in 99ms (compile: 7ms, render: 92ms)
 PUT /api/user/state/public?client_id=48e835cc-f914-4a99-8985-068ab4ecc5a9 200 in 94ms (compile: 7ms, render: 88ms)
 PUT /api/user/state/public?client_id=48e835cc-f914-4a99-8985-068ab4ecc5a9 200 in 132ms (compile: 7ms, render: 125ms)
 PUT /api/user/state/public?client_id=48e835cc-f914-4a99-8985-068ab4ecc5a9 200 in 138ms (compile: 7ms, render: 131ms)
 PUT /api/user/state/public?client_id=48e835cc-f914-4a99-8985-068ab4ecc5a9 200 in 207ms (compile: 12ms, render: 195ms)
 PUT /api/user/state/public?client_id=48e835cc-f914-4a99-8985-068ab4ecc5a9 200 in 128ms (compile: 6ms, render: 122ms)
 PUT /api/user/state/public?client_id=48e835cc-f914-4a99-8985-068ab4ecc5a9 200 in 139ms (compile: 9ms, render: 130ms)
 PUT /api/user/state/public?client_id=48e835cc-f914-4a99-8985-068ab4ecc5a9 200 in 142ms (compile: 7ms, render: 135ms)
 PUT /api/user/state/public?client_id=48e835cc-f914-4a99-8985-068ab4ecc5a9 200 in 129ms (compile: 9ms, render: 120ms)
 PUT /api/user/state/public?client_id=48e835cc-f914-4a99-8985-068ab4ecc5a9 200 in 143ms (compile: 7ms, render: 136ms)
 PUT /api/user/state/public?client_id=48e835cc-f914-4a99-8985-068ab4ecc5a9 200 in 135ms (compile: 7ms, render: 128ms)
 PUT /api/user/state/public?client_id=48e835cc-f914-4a99-8985-068ab4ecc5a9 200 in 130ms (compile: 7ms, render: 122ms)
 PUT /api/user/state/public?client_id=48e835cc-f914-4a99-8985-068ab4ecc5a9 200 in 174ms (compile: 7ms, render: 167ms)
 PUT /api/user/state/public?client_id=48e835cc-f914-4a99-8985-068ab4ecc5a9 200 in 125ms (compile: 7ms, render: 118ms)
 PUT /api/user/state/public?client_id=48e835cc-f914-4a99-8985-068ab4ecc5a9 200 in 131ms (compile: 8ms, render: 123ms)
 PUT /api/user/state/public?client_id=48e835cc-f914-4a99-8985-068ab4ecc5a9 200 in 134ms (compile: 7ms, render: 127ms)
 PUT /api/user/state/public?client_id=48e835cc-f914-4a99-8985-068ab4ecc5a9 200 in 165ms (compile: 7ms, render: 158ms)
 PUT /api/user/state/public?client_id=48e835cc-f914-4a99-8985-068ab4ecc5a9 200 in 130ms (compile: 7ms, render: 123ms)
 PUT /api/user/state/public?client_id=48e835cc-f914-4a99-8985-068ab4ecc5a9 200 in 131ms (compile: 7ms, render: 124ms)
 PUT /api/user/state/public?client_id=48e835cc-f914-4a99-8985-068ab4ecc5a9 200 in 140ms (compile: 7ms, render: 133ms)
 PUT /api/user/state/public?client_id=48e835cc-f914-4a99-8985-068ab4ecc5a9 200 in 134ms (compile: 8ms, render: 126ms)
 PUT /api/user/state/public?client_id=48e835cc-f914-4a99-8985-068ab4ecc5a9 200 in 134ms (compile: 8ms, render: 125ms)
 PUT /api/user/state/public?client_id=48e835cc-f914-4a99-8985-068ab4ecc5a9 200 in 139ms (compile: 7ms, render: 132ms)
 PUT /api/user/state/public?client_id=48e835cc-f914-4a99-8985-068ab4ecc5a9 200 in 130ms (compile: 7ms, render: 123ms)
 PUT /api/user/state/public?client_id=48e835cc-f914-4a99-8985-068ab4ecc5a9 200 in 126ms (compile: 7ms, render: 120ms)
 PUT /api/user/state/public?client_id=48e835cc-f914-4a99-8985-068ab4ecc5a9 200 in 95ms (compile: 6ms, render: 89ms)
 PUT /api/user/state/public?client_id=48e835cc-f914-4a99-8985-068ab4ecc5a9 200 in 100ms (compile: 7ms, render: 93ms)
 PUT /api/user/state/public?client_id=48e835cc-f914-4a99-8985-068ab4ecc5a9 200 in 90ms (compile: 7ms, render: 83ms)
 PUT /api/user/state/public?client_id=48e835cc-f914-4a99-8985-068ab4ecc5a9 200 in 96ms (compile: 6ms, render: 89ms)
 PUT /api/user/state/public?client_id=48e835cc-f914-4a99-8985-068ab4ecc5a9 200 in 99ms (compile: 7ms, render: 92ms)
 PUT /api/user/state/public?client_id=48e835cc-f914-4a99-8985-068ab4ecc5a9 200 in 101ms (compile: 7ms, render: 94ms)
 PUT /api/user/state/public?client_id=48e835cc-f914-4a99-8985-068ab4ecc5a9 200 in 176ms (compile: 7ms, render: 169ms)
 PUT /api/user/state/public?client_id=48e835cc-f914-4a99-8985-068ab4ecc5a9 200 in 126ms (compile: 6ms, render: 119ms)
 PUT /api/user/state/public?client_id=48e835cc-f914-4a99-8985-068ab4ecc5a9 200 in 97ms (compile: 7ms, render: 89ms)
 PUT /api/user/state/public?client_id=48e835cc-f914-4a99-8985-068ab4ecc5a9 200 in 144ms (compile: 6ms, render: 138ms)
 PUT /api/user/state/public?client_id=48e835cc-f914-4a99-8985-068ab4ecc5a9 200 in 128ms (compile: 6ms, render: 122ms)
 PUT /api/user/state/public?client_id=48e835cc-f914-4a99-8985-068ab4ecc5a9 200 in 129ms (compile: 7ms, render: 122ms)
 PUT /api/user/state/public?client_id=48e835cc-f914-4a99-8985-068ab4ecc5a9 200 in 130ms (compile: 8ms, render: 122ms)
 PUT /api/user/state/public?client_id=48e835cc-f914-4a99-8985-068ab4ecc5a9 200 in 131ms (compile: 7ms, render: 125ms)
 PUT /api/user/state/public?client_id=48e835cc-f914-4a99-8985-068ab4ecc5a9 200 in 132ms (compile: 7ms, render: 125ms)
 PUT /api/user/state/public?client_id=48e835cc-f914-4a99-8985-068ab4ecc5a9 200 in 133ms (compile: 10ms, render: 123ms)
 PUT /api/user/state/public?client_id=48e835cc-f914-4a99-8985-068ab4ecc5a9 200 in 128ms (compile: 7ms, render: 122ms)
 PUT /api/user/state/public?client_id=48e835cc-f914-4a99-8985-068ab4ecc5a9 200 in 116ms (compile: 7ms, render: 109ms)
 PUT /api/user/state/public?client_id=48e835cc-f914-4a99-8985-068ab4ecc5a9 200 in 106ms (compile: 7ms, render: 99ms)
 PUT /api/user/state/public?client_id=48e835cc-f914-4a99-8985-068ab4ecc5a9 200 in 106ms (compile: 7ms, render: 99ms)
 PUT /api/user/state/public?client_id=48e835cc-f914-4a99-8985-068ab4ecc5a9 200 in 116ms (compile: 7ms, render: 110ms)
 PUT /api/user/state/public?client_id=48e835cc-f914-4a99-8985-068ab4ecc5a9 200 in 96ms (compile: 6ms, render: 90ms)
 PUT /api/user/state/public?client_id=48e835cc-f914-4a99-8985-068ab4ecc5a9 200 in 118ms (compile: 7ms, render: 111ms)
 PUT /api/user/state/public?client_id=48e835cc-f914-4a99-8985-068ab4ecc5a9 200 in 94ms (compile: 7ms, render: 87ms)
 PUT /api/user/state/public?client_id=48e835cc-f914-4a99-8985-068ab4ecc5a9 200 in 97ms (compile: 8ms, render: 90ms)
 PUT /api/user/state/public?client_id=48e835cc-f914-4a99-8985-068ab4ecc5a9 200 in 94ms (compile: 7ms, render: 87ms)
 PUT /api/user/state/public?client_id=48e835cc-f914-4a99-8985-068ab4ecc5a9 200 in 95ms (compile: 7ms, render: 89ms)
 PUT /api/user/state/public?client_id=48e835cc-f914-4a99-8985-068ab4ecc5a9 200 in 90ms (compile: 7ms, render: 83ms)
 PUT /api/user/state/public?client_id=48e835cc-f914-4a99-8985-068ab4ecc5a9 200 in 115ms (compile: 10ms, render: 105ms)
 PUT /api/user/state/public?client_id=48e835cc-f914-4a99-8985-068ab4ecc5a9 200 in 97ms (compile: 10ms, render: 87ms)
 PUT /api/user/state/public?client_id=48e835cc-f914-4a99-8985-068ab4ecc5a9 200 in 93ms (compile: 8ms, render: 85ms)
 PUT /api/user/state/public?client_id=48e835cc-f914-4a99-8985-068ab4ecc5a9 200 in 105ms (compile: 7ms, render: 99ms)
 PUT /api/user/state/public?client_id=48e835cc-f914-4a99-8985-068ab4ecc5a9 200 in 139ms (compile: 8ms, render: 131ms)
 PUT /api/user/state/public?client_id=48e835cc-f914-4a99-8985-068ab4ecc5a9 200 in 132ms (compile: 7ms, render: 126ms)
 PUT /api/user/state/public?client_id=48e835cc-f914-4a99-8985-068ab4ecc5a9 200 in 131ms (compile: 7ms, render: 124ms)
 PUT /api/user/state/public?client_id=48e835cc-f914-4a99-8985-068ab4ecc5a9 200 in 133ms (compile: 7ms, render: 126ms)
 PUT /api/user/state/public?client_id=48e835cc-f914-4a99-8985-068ab4ecc5a9 200 in 133ms (compile: 7ms, render: 127ms)
 PUT /api/user/state/public?client_id=48e835cc-f914-4a99-8985-068ab4ecc5a9 200 in 133ms (compile: 7ms, render: 126ms)
 PUT /api/user/state/public?client_id=48e835cc-f914-4a99-8985-068ab4ecc5a9 200 in 140ms (compile: 7ms, render: 133ms)
 PUT /api/user/state/public?client_id=48e835cc-f914-4a99-8985-068ab4ecc5a9 200 in 133ms (compile: 7ms, render: 126ms)
 PUT /api/user/state/public?client_id=48e835cc-f914-4a99-8985-068ab4ecc5a9 200 in 137ms (compile: 6ms, render: 131ms)
 PUT /api/user/state/public?client_id=48e835cc-f914-4a99-8985-068ab4ecc5a9 200 in 138ms (compile: 7ms, render: 131ms)
 PUT /api/user/state/public?client_id=48e835cc-f914-4a99-8985-068ab4ecc5a9 200 in 129ms (compile: 8ms, render: 121ms)
 PUT /api/user/state/public?client_id=48e835cc-f914-4a99-8985-068ab4ecc5a9 200 in 100ms (compile: 7ms, render: 92ms)
 PUT /api/user/state/public?client_id=48e835cc-f914-4a99-8985-068ab4ecc5a9 200 in 96ms (compile: 7ms, render: 89ms)
 PUT /api/user/state/public?client_id=48e835cc-f914-4a99-8985-068ab4ecc5a9 200 in 104ms (compile: 7ms, render: 97ms)
 PUT /api/user/state/public?client_id=48e835cc-f914-4a99-8985-068ab4ecc5a9 200 in 90ms (compile: 6ms, render: 84ms)
 PUT /api/user/state/public?client_id=48e835cc-f914-4a99-8985-068ab4ecc5a9 200 in 95ms (compile: 7ms, render: 89ms)
 PUT /api/user/state/public?client_id=48e835cc-f914-4a99-8985-068ab4ecc5a9 200 in 95ms (compile: 7ms, render: 88ms)
 PUT /api/user/state/public?client_id=48e835cc-f914-4a99-8985-068ab4ecc5a9 200 in 108ms (compile: 10ms, render: 98ms)
 PUT /api/user/state/public?client_id=48e835cc-f914-4a99-8985-068ab4ecc5a9 200 in 94ms (compile: 8ms, render: 86ms)
 PUT /api/user/state/public?client_id=48e835cc-f914-4a99-8985-068ab4ecc5a9 200 in 99ms (compile: 8ms, render: 91ms)
 PUT /api/user/state/public?client_id=48e835cc-f914-4a99-8985-068ab4ecc5a9 200 in 116ms (compile: 7ms, render: 109ms)
 PUT /api/user/state/public?client_id=48e835cc-f914-4a99-8985-068ab4ecc5a9 200 in 96ms (compile: 8ms, render: 89ms)
 PUT /api/user/state/public?client_id=48e835cc-f914-4a99-8985-068ab4ecc5a9 200 in 93ms (compile: 7ms, render: 85ms)
 PUT /api/user/state/public?client_id=48e835cc-f914-4a99-8985-068ab4ecc5a9 200 in 94ms (compile: 7ms, render: 87ms)
 PUT /api/user/state/public?client_id=48e835cc-f914-4a99-8985-068ab4ecc5a9 200 in 96ms (compile: 8ms, render: 88ms)
 PUT /api/user/state/public?client_id=48e835cc-f914-4a99-8985-068ab4ecc5a9 200 in 100ms (compile: 7ms, render: 93ms)
 PUT /api/user/state/public?client_id=48e835cc-f914-4a99-8985-068ab4ecc5a9 200 in 100ms (compile: 7ms, render: 93ms)
 PUT /api/user/state/public?client_id=48e835cc-f914-4a99-8985-068ab4ecc5a9 200 in 89ms (compile: 6ms, render: 83ms)
 PUT /api/user/state/public?client_id=48e835cc-f914-4a99-8985-068ab4ecc5a9 200 in 146ms (compile: 8ms, render: 138ms)
 PUT /api/user/state/public?client_id=48e835cc-f914-4a99-8985-068ab4ecc5a9 200 in 94ms (compile: 7ms, render: 87ms)
 PUT /api/user/state/public?client_id=48e835cc-f914-4a99-8985-068ab4ecc5a9 200 in 89ms (compile: 7ms, render: 82ms)
 PUT /api/user/state/public?client_id=48e835cc-f914-4a99-8985-068ab4ecc5a9 200 in 91ms (compile: 6ms, render: 84ms)
 PUT /api/user/state/public?client_id=48e835cc-f914-4a99-8985-068ab4ecc5a9 200 in 103ms (compile: 6ms, render: 97ms)
 PUT /api/user/state/public?client_id=48e835cc-f914-4a99-8985-068ab4ecc5a9 200 in 93ms (compile: 7ms, render: 86ms)
 PUT /api/user/state/public?client_id=48e835cc-f914-4a99-8985-068ab4ecc5a9 200 in 89ms (compile: 7ms, render: 82ms)
 PUT /api/user/state/public?client_id=48e835cc-f914-4a99-8985-068ab4ecc5a9 200 in 104ms (compile: 7ms, render: 98ms)
 PUT /api/user/state/public?client_id=48e835cc-f914-4a99-8985-068ab4ecc5a9 200 in 92ms (compile: 7ms, render: 85ms)
 PUT /api/user/state/public?client_id=48e835cc-f914-4a99-8985-068ab4ecc5a9 200 in 90ms (compile: 6ms, render: 84ms)
 PUT /api/user/state/public?client_id=48e835cc-f914-4a99-8985-068ab4ecc5a9 200 in 104ms (compile: 7ms, render: 98ms)
 PUT /api/user/state/public?client_id=48e835cc-f914-4a99-8985-068ab4ecc5a9 200 in 98ms (compile: 8ms, render: 90ms)
 PUT /api/user/state/public?client_id=48e835cc-f914-4a99-8985-068ab4ecc5a9 200 in 95ms (compile: 7ms, render: 88ms)
 PUT /api/user/state/public?client_id=48e835cc-f914-4a99-8985-068ab4ecc5a9 200 in 105ms (compile: 7ms, render: 98ms)
 PUT /api/user/state/public?client_id=48e835cc-f914-4a99-8985-068ab4ecc5a9 200 in 88ms (compile: 7ms, render: 81ms)
 PUT /api/user/state/public?client_id=48e835cc-f914-4a99-8985-068ab4ecc5a9 200 in 101ms (compile: 7ms, render: 94ms)
 PUT /api/user/state/public?client_id=48e835cc-f914-4a99-8985-068ab4ecc5a9 200 in 98ms (compile: 7ms, render: 91ms)
 PUT /api/user/state/public?client_id=48e835cc-f914-4a99-8985-068ab4ecc5a9 200 in 99ms (compile: 7ms, render: 92ms)
 PUT /api/user/state/public?client_id=48e835cc-f914-4a99-8985-068ab4ecc5a9 200 in 95ms (compile: 7ms, render: 89ms)
 PUT /api/user/state/public?client_id=48e835cc-f914-4a99-8985-068ab4ecc5a9 200 in 100ms (compile: 7ms, render: 93ms)
 PUT /api/user/state/public?client_id=48e835cc-f914-4a99-8985-068ab4ecc5a9 200 in 89ms (compile: 6ms, render: 83ms)
 PUT /api/user/state/public?client_id=48e835cc-f914-4a99-8985-068ab4ecc5a9 200 in 111ms (compile: 7ms, render: 104ms)
 PUT /api/user/state/public?client_id=48e835cc-f914-4a99-8985-068ab4ecc5a9 200 in 91ms (compile: 7ms, render: 84ms)
 PUT /api/user/state/public?client_id=48e835cc-f914-4a99-8985-068ab4ecc5a9 200 in 91ms (compile: 7ms, render: 85ms)
 PUT /api/user/state/public?client_id=48e835cc-f914-4a99-8985-068ab4ecc5a9 200 in 93ms (compile: 7ms, render: 86ms)
 PUT /api/user/state/public?client_id=48e835cc-f914-4a99-8985-068ab4ecc5a9 200 in 101ms (compile: 7ms, render: 94ms)
 PUT /api/user/state/public?client_id=48e835cc-f914-4a99-8985-068ab4ecc5a9 200 in 93ms (compile: 7ms, render: 86ms)
 PUT /api/user/state/public?client_id=48e835cc-f914-4a99-8985-068ab4ecc5a9 200 in 89ms (compile: 7ms, render: 82ms)
 PUT /api/user/state/public?client_id=48e835cc-f914-4a99-8985-068ab4ecc5a9 200 in 105ms (compile: 6ms, render: 99ms)
 PUT /api/user/state/public?client_id=48e835cc-f914-4a99-8985-068ab4ecc5a9 200 in 94ms (compile: 6ms, render: 88ms)
 PUT /api/user/state/public?client_id=48e835cc-f914-4a99-8985-068ab4ecc5a9 200 in 96ms (compile: 9ms, render: 87ms)
 PUT /api/user/state/public?client_id=48e835cc-f914-4a99-8985-068ab4ecc5a9 200 in 91ms (compile: 7ms, render: 84ms)
 PUT /api/user/state/public?client_id=48e835cc-f914-4a99-8985-068ab4ecc5a9 200 in 116ms (compile: 7ms, render: 109ms)
 PUT /api/user/state/public?client_id=48e835cc-f914-4a99-8985-068ab4ecc5a9 200 in 91ms (compile: 8ms, render: 83ms)
 PUT /api/user/state/public?client_id=48e835cc-f914-4a99-8985-068ab4ecc5a9 200 in 93ms (compile: 8ms, render: 85ms)
 PUT /api/user/state/public?client_id=48e835cc-f914-4a99-8985-068ab4ecc5a9 200 in 89ms (compile: 6ms, render: 83ms)
 PUT /api/user/state/public?client_id=48e835cc-f914-4a99-8985-068ab4ecc5a9 200 in 104ms (compile: 8ms, render: 96ms)
 PUT /api/user/state/public?client_id=48e835cc-f914-4a99-8985-068ab4ecc5a9 200 in 95ms (compile: 6ms, render: 88ms)
 PUT /api/user/state/public?client_id=48e835cc-f914-4a99-8985-068ab4ecc5a9 200 in 93ms (compile: 7ms, render: 87ms)
 PUT /api/user/state/public?client_id=48e835cc-f914-4a99-8985-068ab4ecc5a9 200 in 89ms (compile: 7ms, render: 83ms)
 PUT /api/user/state/public?client_id=48e835cc-f914-4a99-8985-068ab4ecc5a9 200 in 98ms (compile: 8ms, render: 90ms)
 PUT /api/user/state/public?client_id=48e835cc-f914-4a99-8985-068ab4ecc5a9 200 in 93ms (compile: 8ms, render: 86ms)
 PUT /api/user/state/public?client_id=48e835cc-f914-4a99-8985-068ab4ecc5a9 200 in 89ms (compile: 7ms, render: 82ms)
 PUT /api/user/state/public?client_id=48e835cc-f914-4a99-8985-068ab4ecc5a9 200 in 100ms (compile: 7ms, render: 93ms)
 PUT /api/user/state/public?client_id=48e835cc-f914-4a99-8985-068ab4ecc5a9 200 in 94ms (compile: 7ms, render: 87ms)
 PUT /api/user/state/public?client_id=48e835cc-f914-4a99-8985-068ab4ecc5a9 200 in 90ms (compile: 7ms, render: 84ms)
 PUT /api/user/state/public?client_id=48e835cc-f914-4a99-8985-068ab4ecc5a9 200 in 120ms (compile: 11ms, render: 109ms)
 PUT /api/user/state/public?client_id=48e835cc-f914-4a99-8985-068ab4ecc5a9 200 in 97ms (compile: 7ms, render: 90ms)
 PUT /api/user/state/public?client_id=48e835cc-f914-4a99-8985-068ab4ecc5a9 200 in 145ms (compile: 8ms, render: 137ms)
 PUT /api/user/state/public?client_id=48e835cc-f914-4a99-8985-068ab4ecc5a9 200 in 100ms (compile: 7ms, render: 93ms)
 PUT /api/user/state/public?client_id=48e835cc-f914-4a99-8985-068ab4ecc5a9 200 in 99ms (compile: 7ms, render: 93ms)
 PUT /api/user/state/public?client_id=48e835cc-f914-4a99-8985-068ab4ecc5a9 200 in 94ms (compile: 6ms, render: 88ms)
 PUT /api/user/state/public?client_id=48e835cc-f914-4a99-8985-068ab4ecc5a9 200 in 91ms (compile: 7ms, render: 85ms)
 PUT /api/user/state/public?client_id=48e835cc-f914-4a99-8985-068ab4ecc5a9 200 in 99ms (compile: 7ms, render: 92ms)
 PUT /api/user/state/public?client_id=48e835cc-f914-4a99-8985-068ab4ecc5a9 200 in 91ms (compile: 8ms, render: 83ms)
 PUT /api/user/state/public?client_id=48e835cc-f914-4a99-8985-068ab4ecc5a9 200 in 94ms (compile: 7ms, render: 87ms)
 PUT /api/user/state/public?client_id=48e835cc-f914-4a99-8985-068ab4ecc5a9 200 in 104ms (compile: 8ms, render: 97ms)
 PUT /api/user/state/public?client_id=48e835cc-f914-4a99-8985-068ab4ecc5a9 200 in 91ms (compile: 7ms, render: 84ms)
 PUT /api/user/state/public?client_id=48e835cc-f914-4a99-8985-068ab4ecc5a9 200 in 92ms (compile: 7ms, render: 84ms)
 PUT /api/user/state/public?client_id=48e835cc-f914-4a99-8985-068ab4ecc5a9 200 in 89ms (compile: 6ms, render: 82ms)
 PUT /api/user/state/public?client_id=48e835cc-f914-4a99-8985-068ab4ecc5a9 200 in 91ms (compile: 7ms, render: 84ms)
 PUT /api/user/state/public?client_id=48e835cc-f914-4a99-8985-068ab4ecc5a9 200 in 114ms (compile: 7ms, render: 107ms)
 PUT /api/user/state/public?client_id=48e835cc-f914-4a99-8985-068ab4ecc5a9 200 in 101ms (compile: 8ms, render: 93ms)
 PUT /api/user/state/public?client_id=48e835cc-f914-4a99-8985-068ab4ecc5a9 200 in 94ms (compile: 6ms, render: 87ms)
 PUT /api/user/state/public?client_id=48e835cc-f914-4a99-8985-068ab4ecc5a9 200 in 94ms (compile: 7ms, render: 87ms)
 PUT /api/user/state/public?client_id=48e835cc-f914-4a99-8985-068ab4ecc5a9 200 in 105ms (compile: 7ms, render: 98ms)
 PUT /api/user/state/public?client_id=48e835cc-f914-4a99-8985-068ab4ecc5a9 200 in 102ms (compile: 7ms, render: 95ms)
 PUT /api/user/state/public?client_id=48e835cc-f914-4a99-8985-068ab4ecc5a9 200 in 92ms (compile: 6ms, render: 86ms)
 PUT /api/user/state/public?client_id=48e835cc-f914-4a99-8985-068ab4ecc5a9 200 in 102ms (compile: 6ms, render: 96ms)
 PUT /api/user/state/public?client_id=48e835cc-f914-4a99-8985-068ab4ecc5a9 200 in 93ms (compile: 7ms, render: 87ms)
 PUT /api/user/state/public?client_id=48e835cc-f914-4a99-8985-068ab4ecc5a9 200 in 99ms (compile: 8ms, render: 91ms)
 PUT /api/user/state/public?client_id=48e835cc-f914-4a99-8985-068ab4ecc5a9 200 in 105ms (compile: 9ms, render: 95ms)
 PUT /api/user/state/public?client_id=48e835cc-f914-4a99-8985-068ab4ecc5a9 200 in 91ms (compile: 8ms, render: 83ms)
 PUT /api/user/state/public?client_id=48e835cc-f914-4a99-8985-068ab4ecc5a9 200 in 92ms (compile: 8ms, render: 84ms)
 PUT /api/user/state/public?client_id=48e835cc-f914-4a99-8985-068ab4ecc5a9 200 in 88ms (compile: 6ms, render: 81ms)
 PUT /api/user/state/public?client_id=48e835cc-f914-4a99-8985-068ab4ecc5a9 200 in 92ms (compile: 8ms, render: 84ms)
 PUT /api/user/state/public?client_id=48e835cc-f914-4a99-8985-068ab4ecc5a9 200 in 97ms (compile: 7ms, render: 90ms)
 PUT /api/user/state/public?client_id=48e835cc-f914-4a99-8985-068ab4ecc5a9 200 in 94ms (compile: 7ms, render: 87ms)
 PUT /api/user/state/public?client_id=48e835cc-f914-4a99-8985-068ab4ecc5a9 200 in 100ms (compile: 7ms, render: 93ms)
 PUT /api/user/state/public?client_id=48e835cc-f914-4a99-8985-068ab4ecc5a9 200 in 93ms (compile: 8ms, render: 85ms)
 PUT /api/user/state/public?client_id=48e835cc-f914-4a99-8985-068ab4ecc5a9 200 in 94ms (compile: 8ms, render: 86ms)
 PUT /api/user/state/public?client_id=48e835cc-f914-4a99-8985-068ab4ecc5a9 200 in 88ms (compile: 8ms, render: 79ms)
 PUT /api/user/state/public?client_id=48e835cc-f914-4a99-8985-068ab4ecc5a9 200 in 89ms (compile: 7ms, render: 82ms)
 PUT /api/user/state/public?client_id=48e835cc-f914-4a99-8985-068ab4ecc5a9 200 in 99ms (compile: 7ms, render: 91ms)
 PUT /api/user/state/public?client_id=48e835cc-f914-4a99-8985-068ab4ecc5a9 200 in 94ms (compile: 7ms, render: 87ms)
 PUT /api/user/state/public?client_id=48e835cc-f914-4a99-8985-068ab4ecc5a9 200 in 92ms (compile: 7ms, render: 85ms)
 PUT /api/user/state/public?client_id=48e835cc-f914-4a99-8985-068ab4ecc5a9 200 in 102ms (compile: 8ms, render: 95ms)
 PUT /api/user/state/public?client_id=48e835cc-f914-4a99-8985-068ab4ecc5a9 200 in 101ms (compile: 7ms, render: 94ms)
 PUT /api/user/state/public?client_id=48e835cc-f914-4a99-8985-068ab4ecc5a9 200 in 94ms (compile: 8ms, render: 87ms)
 PUT /api/user/state/public?client_id=48e835cc-f914-4a99-8985-068ab4ecc5a9 200 in 97ms (compile: 7ms, render: 90ms)
 PUT /api/user/state/public?client_id=48e835cc-f914-4a99-8985-068ab4ecc5a9 200 in 150ms (compile: 7ms, render: 143ms)
 PUT /api/user/state/public?client_id=48e835cc-f914-4a99-8985-068ab4ecc5a9 200 in 90ms (compile: 7ms, render: 84ms)
 PUT /api/user/state/public?client_id=48e835cc-f914-4a99-8985-068ab4ecc5a9 200 in 106ms (compile: 8ms, render: 98ms)
 PUT /api/user/state/public?client_id=48e835cc-f914-4a99-8985-068ab4ecc5a9 200 in 112ms (compile: 7ms, render: 105ms)
 PUT /api/user/state/public?client_id=48e835cc-f914-4a99-8985-068ab4ecc5a9 200 in 93ms (compile: 7ms, render: 85ms)
 PUT /api/user/state/public?client_id=48e835cc-f914-4a99-8985-068ab4ecc5a9 200 in 93ms (compile: 7ms, render: 86ms)
 PUT /api/user/state/public?client_id=48e835cc-f914-4a99-8985-068ab4ecc5a9 200 in 97ms (compile: 7ms, render: 90ms)
 PUT /api/user/state/public?client_id=48e835cc-f914-4a99-8985-068ab4ecc5a9 200 in 105ms (compile: 8ms, render: 97ms)
 PUT /api/user/state/public?client_id=48e835cc-f914-4a99-8985-068ab4ecc5a9 200 in 93ms (compile: 7ms, render: 87ms)
 PUT /api/user/state/public?client_id=48e835cc-f914-4a99-8985-068ab4ecc5a9 200 in 97ms (compile: 6ms, render: 91ms)
 PUT /api/user/state/public?client_id=48e835cc-f914-4a99-8985-068ab4ecc5a9 200 in 96ms (compile: 6ms, render: 90ms)
 PUT /api/user/state/public?client_id=48e835cc-f914-4a99-8985-068ab4ecc5a9 200 in 88ms (compile: 6ms, render: 82ms)
 PUT /api/user/state/public?client_id=48e835cc-f914-4a99-8985-068ab4ecc5a9 200 in 97ms (compile: 7ms, render: 90ms)
 PUT /api/user/state/public?client_id=48e835cc-f914-4a99-8985-068ab4ecc5a9 200 in 100ms (compile: 6ms, render: 93ms)
 PUT /api/user/state/public?client_id=48e835cc-f914-4a99-8985-068ab4ecc5a9 200 in 92ms (compile: 7ms, render: 85ms)
 PUT /api/user/state/public?client_id=48e835cc-f914-4a99-8985-068ab4ecc5a9 200 in 94ms (compile: 8ms, render: 86ms)
 PUT /api/user/state/public?client_id=48e835cc-f914-4a99-8985-068ab4ecc5a9 200 in 98ms (compile: 7ms, render: 91ms)
 PUT /api/user/state/public?client_id=48e835cc-f914-4a99-8985-068ab4ecc5a9 200 in 92ms (compile: 7ms, render: 85ms)
 PUT /api/user/state/public?client_id=48e835cc-f914-4a99-8985-068ab4ecc5a9 200 in 94ms (compile: 6ms, render: 87ms)
 PUT /api/user/state/public?client_id=48e835cc-f914-4a99-8985-068ab4ecc5a9 200 in 96ms (compile: 7ms, render: 88ms)
 PUT /api/user/state/public?client_id=48e835cc-f914-4a99-8985-068ab4ecc5a9 200 in 101ms (compile: 7ms, render: 94ms)
 PUT /api/user/state/public?client_id=48e835cc-f914-4a99-8985-068ab4ecc5a9 200 in 95ms (compile: 7ms, render: 88ms)
 PUT /api/user/state/public?client_id=48e835cc-f914-4a99-8985-068ab4ecc5a9 200 in 94ms (compile: 7ms, render: 87ms)
 PUT /api/user/state/public?client_id=48e835cc-f914-4a99-8985-068ab4ecc5a9 200 in 99ms (compile: 7ms, render: 92ms)
 PUT /api/user/state/public?client_id=48e835cc-f914-4a99-8985-068ab4ecc5a9 200 in 96ms (compile: 8ms, render: 89ms)
 PUT /api/user/state/public?client_id=48e835cc-f914-4a99-8985-068ab4ecc5a9 200 in 93ms (compile: 7ms, render: 86ms)
 PUT /api/user/state/public?client_id=48e835cc-f914-4a99-8985-068ab4ecc5a9 200 in 98ms (compile: 8ms, render: 90ms)
 PUT /api/user/state/public?client_id=48e835cc-f914-4a99-8985-068ab4ecc5a9 200 in 89ms (compile: 6ms, render: 83ms)
 PUT /api/user/state/public?client_id=48e835cc-f914-4a99-8985-068ab4ecc5a9 200 in 91ms (compile: 7ms, render: 84ms)
 PUT /api/user/state/public?client_id=48e835cc-f914-4a99-8985-068ab4ecc5a9 200 in 96ms (compile: 6ms, render: 90ms)
 PUT /api/user/state/public?client_id=48e835cc-f914-4a99-8985-068ab4ecc5a9 200 in 93ms (compile: 8ms, render: 86ms)
 PUT /api/user/state/public?client_id=48e835cc-f914-4a99-8985-068ab4ecc5a9 200 in 94ms (compile: 7ms, render: 87ms)
 PUT /api/user/state/public?client_id=48e835cc-f914-4a99-8985-068ab4ecc5a9 200 in 111ms (compile: 12ms, render: 99ms)
 PUT /api/user/state/public?client_id=48e835cc-f914-4a99-8985-068ab4ecc5a9 200 in 104ms (compile: 11ms, render: 93ms)
 PUT /api/user/state/public?client_id=48e835cc-f914-4a99-8985-068ab4ecc5a9 200 in 99ms (compile: 7ms, render: 92ms)
 PUT /api/user/state/public?client_id=48e835cc-f914-4a99-8985-068ab4ecc5a9 200 in 102ms (compile: 10ms, render: 92ms)
 PUT /api/user/state/public?client_id=48e835cc-f914-4a99-8985-068ab4ecc5a9 200 in 106ms (compile: 10ms, render: 95ms)
 PUT /api/user/state/public?client_id=48e835cc-f914-4a99-8985-068ab4ecc5a9 200 in 110ms (compile: 9ms, render: 102ms)
 PUT /api/user/state/public?client_id=48e835cc-f914-4a99-8985-068ab4ecc5a9 200 in 145ms (compile: 9ms, render: 136ms)
 PUT /api/user/state/public?client_id=48e835cc-f914-4a99-8985-068ab4ecc5a9 200 in 156ms (compile: 14ms, render: 142ms)
 PUT /api/user/state/public?client_id=48e835cc-f914-4a99-8985-068ab4ecc5a9 200 in 135ms (compile: 13ms, render: 122ms)
 PUT /api/user/state/public?client_id=48e835cc-f914-4a99-8985-068ab4ecc5a9 200 in 147ms (compile: 11ms, render: 135ms)
 PUT /api/user/state/public?client_id=48e835cc-f914-4a99-8985-068ab4ecc5a9 200 in 149ms (compile: 8ms, render: 141ms)
 PUT /api/user/state/public?client_id=48e835cc-f914-4a99-8985-068ab4ecc5a9 200 in 139ms (compile: 10ms, render: 129ms)
 PUT /api/user/state/public?client_id=48e835cc-f914-4a99-8985-068ab4ecc5a9 200 in 139ms (compile: 10ms, render: 128ms)
 PUT /api/user/state/public?client_id=48e835cc-f914-4a99-8985-068ab4ecc5a9 200 in 155ms (compile: 8ms, render: 147ms)
 PUT /api/user/state/public?client_id=48e835cc-f914-4a99-8985-068ab4ecc5a9 200 in 141ms (compile: 8ms, render: 133ms)
 PUT /api/user/state/public?client_id=48e835cc-f914-4a99-8985-068ab4ecc5a9 200 in 146ms (compile: 10ms, render: 137ms)
 PUT /api/user/state/public?client_id=48e835cc-f914-4a99-8985-068ab4ecc5a9 200 in 147ms (compile: 10ms, render: 137ms)
 PUT /api/user/state/public?client_id=48e835cc-f914-4a99-8985-068ab4ecc5a9 200 in 134ms (compile: 10ms, render: 124ms)
 PUT /api/user/state/public?client_id=48e835cc-f914-4a99-8985-068ab4ecc5a9 200 in 158ms (compile: 10ms, render: 147ms)
 PUT /api/user/state/public?client_id=48e835cc-f914-4a99-8985-068ab4ecc5a9 200 in 135ms (compile: 10ms, render: 125ms)
 PUT /api/user/state/public?client_id=48e835cc-f914-4a99-8985-068ab4ecc5a9 200 in 142ms (compile: 13ms, render: 129ms)
 PUT /api/user/state/public?client_id=48e835cc-f914-4a99-8985-068ab4ecc5a9 200 in 148ms (compile: 11ms, render: 138ms)
 PUT /api/user/state/public?client_id=48e835cc-f914-4a99-8985-068ab4ecc5a9 200 in 141ms (compile: 11ms, render: 131ms)
 PUT /api/user/state/public?client_id=48e835cc-f914-4a99-8985-068ab4ecc5a9 200 in 130ms (compile: 12ms, render: 118ms)
 PUT /api/user/state/public?client_id=48e835cc-f914-4a99-8985-068ab4ecc5a9 200 in 115ms (compile: 9ms, render: 105ms)
 PUT /api/user/state/public?client_id=48e835cc-f914-4a99-8985-068ab4ecc5a9 200 in 126ms (compile: 12ms, render: 115ms)
 PUT /api/user/state/public?client_id=48e835cc-f914-4a99-8985-068ab4ecc5a9 200 in 127ms (compile: 9ms, render: 118ms)
 PUT /api/user/state/public?client_id=48e835cc-f914-4a99-8985-068ab4ecc5a9 200 in 126ms (compile: 8ms, render: 118ms)
 PUT /api/user/state/public?client_id=48e835cc-f914-4a99-8985-068ab4ecc5a9 200 in 112ms (compile: 9ms, render: 102ms)
 PUT /api/user/state/public?client_id=48e835cc-f914-4a99-8985-068ab4ecc5a9 200 in 113ms (compile: 10ms, render: 103ms)
 PUT /api/user/state/public?client_id=48e835cc-f914-4a99-8985-068ab4ecc5a9 200 in 110ms (compile: 9ms, render: 101ms)
 PUT /api/user/state/public?client_id=48e835cc-f914-4a99-8985-068ab4ecc5a9 200 in 125ms (compile: 10ms, render: 115ms)
 PUT /api/user/state/public?client_id=48e835cc-f914-4a99-8985-068ab4ecc5a9 200 in 140ms (compile: 11ms, render: 130ms)
 PUT /api/user/state/public?client_id=48e835cc-f914-4a99-8985-068ab4ecc5a9 200 in 122ms (compile: 12ms, render: 110ms)
 PUT /api/user/state/public?client_id=48e835cc-f914-4a99-8985-068ab4ecc5a9 200 in 155ms (compile: 15ms, render: 140ms)
 PUT /api/user/state/public?client_id=48e835cc-f914-4a99-8985-068ab4ecc5a9 200 in 136ms (compile: 7ms, render: 129ms)
 PUT /api/user/state/public?client_id=48e835cc-f914-4a99-8985-068ab4ecc5a9 200 in 126ms (compile: 8ms, render: 119ms)
 PUT /api/user/state/public?client_id=48e835cc-f914-4a99-8985-068ab4ecc5a9 200 in 138ms (compile: 7ms, render: 131ms)
 PUT /api/user/state/public?client_id=48e835cc-f914-4a99-8985-068ab4ecc5a9 200 in 132ms (compile: 7ms, render: 125ms)
 PUT /api/user/state/public?client_id=48e835cc-f914-4a99-8985-068ab4ecc5a9 200 in 123ms (compile: 8ms, render: 116ms)
 PUT /api/user/state/public?client_id=48e835cc-f914-4a99-8985-068ab4ecc5a9 200 in 131ms (compile: 7ms, render: 124ms)
 PUT /api/user/state/public?client_id=48e835cc-f914-4a99-8985-068ab4ecc5a9 200 in 100ms (compile: 9ms, render: 90ms)
 PUT /api/user/state/public?client_id=48e835cc-f914-4a99-8985-068ab4ecc5a9 200 in 90ms (compile: 7ms, render: 82ms)
 PUT /api/user/state/public?client_id=48e835cc-f914-4a99-8985-068ab4ecc5a9 200 in 90ms (compile: 7ms, render: 83ms)
 PUT /api/user/state/public?client_id=48e835cc-f914-4a99-8985-068ab4ecc5a9 200 in 90ms (compile: 6ms, render: 84ms)
 PUT /api/user/state/public?client_id=48e835cc-f914-4a99-8985-068ab4ecc5a9 200 in 103ms (compile: 12ms, render: 91ms)
 PUT /api/user/state/public?client_id=48e835cc-f914-4a99-8985-068ab4ecc5a9 200 in 103ms (compile: 8ms, render: 95ms)
 PUT /api/user/state/public?client_id=48e835cc-f914-4a99-8985-068ab4ecc5a9 200 in 93ms (compile: 8ms, render: 85ms)
 PUT /api/user/state/public?client_id=48e835cc-f914-4a99-8985-068ab4ecc5a9 200 in 92ms (compile: 7ms, render: 84ms)
 PUT /api/user/state/public?client_id=48e835cc-f914-4a99-8985-068ab4ecc5a9 200 in 101ms (compile: 6ms, render: 94ms)
 PUT /api/user/state/public?client_id=48e835cc-f914-4a99-8985-068ab4ecc5a9 200 in 101ms (compile: 8ms, render: 94ms)
 PUT /api/user/state/public?client_id=48e835cc-f914-4a99-8985-068ab4ecc5a9 200 in 89ms (compile: 7ms, render: 82ms)
 PUT /api/user/state/public?client_id=48e835cc-f914-4a99-8985-068ab4ecc5a9 200 in 97ms (compile: 11ms, render: 86ms)
 PUT /api/user/state/public?client_id=48e835cc-f914-4a99-8985-068ab4ecc5a9 200 in 102ms (compile: 7ms, render: 95ms)
 PUT /api/user/state/public?client_id=48e835cc-f914-4a99-8985-068ab4ecc5a9 200 in 104ms (compile: 11ms, render: 93ms)
 PUT /api/user/state/public?client_id=48e835cc-f914-4a99-8985-068ab4ecc5a9 200 in 106ms (compile: 8ms, render: 97ms)
 PUT /api/user/state/public?client_id=48e835cc-f914-4a99-8985-068ab4ecc5a9 200 in 98ms (compile: 8ms, render: 90ms)
 PUT /api/user/state/public?client_id=48e835cc-f914-4a99-8985-068ab4ecc5a9 200 in 94ms (compile: 7ms, render: 86ms)
 PUT /api/user/state/public?client_id=48e835cc-f914-4a99-8985-068ab4ecc5a9 200 in 99ms (compile: 7ms, render: 92ms)
 PUT /api/user/state/public?client_id=48e835cc-f914-4a99-8985-068ab4ecc5a9 200 in 93ms (compile: 9ms, render: 84ms)
 PUT /api/user/state/public?client_id=48e835cc-f914-4a99-8985-068ab4ecc5a9 200 in 95ms (compile: 8ms, render: 88ms)
 PUT /api/user/state/public?client_id=48e835cc-f914-4a99-8985-068ab4ecc5a9 200 in 99ms (compile: 7ms, render: 91ms)
 PUT /api/user/state/public?client_id=48e835cc-f914-4a99-8985-068ab4ecc5a9 200 in 99ms (compile: 7ms, render: 93ms)
 PUT /api/user/state/public?client_id=48e835cc-f914-4a99-8985-068ab4ecc5a9 200 in 101ms (compile: 12ms, render: 88ms)
 PUT /api/user/state/public?client_id=48e835cc-f914-4a99-8985-068ab4ecc5a9 200 in 92ms (compile: 8ms, render: 84ms)
 PUT /api/user/state/public?client_id=48e835cc-f914-4a99-8985-068ab4ecc5a9 200 in 111ms (compile: 16ms, render: 95ms)
 PUT /api/user/state/public?client_id=48e835cc-f914-4a99-8985-068ab4ecc5a9 200 in 101ms (compile: 7ms, render: 93ms)
 PUT /api/user/state/public?client_id=48e835cc-f914-4a99-8985-068ab4ecc5a9 200 in 90ms (compile: 7ms, render: 83ms)
 PUT /api/user/state/public?client_id=48e835cc-f914-4a99-8985-068ab4ecc5a9 200 in 90ms (compile: 7ms, render: 83ms)
 PUT /api/user/state/public?client_id=48e835cc-f914-4a99-8985-068ab4ecc5a9 200 in 90ms (compile: 7ms, render: 83ms)
 PUT /api/user/state/public?client_id=48e835cc-f914-4a99-8985-068ab4ecc5a9 200 in 102ms (compile: 7ms, render: 95ms)
 PUT /api/user/state/public?client_id=48e835cc-f914-4a99-8985-068ab4ecc5a9 200 in 92ms (compile: 8ms, render: 84ms)
 PUT /api/user/state/public?client_id=48e835cc-f914-4a99-8985-068ab4ecc5a9 200 in 98ms (compile: 9ms, render: 90ms)
 PUT /api/user/state/public?client_id=48e835cc-f914-4a99-8985-068ab4ecc5a9 200 in 117ms (compile: 7ms, render: 110ms)
 PUT /api/user/state/public?client_id=48e835cc-f914-4a99-8985-068ab4ecc5a9 200 in 91ms (compile: 8ms, render: 83ms)
 PUT /api/user/state/public?client_id=48e835cc-f914-4a99-8985-068ab4ecc5a9 200 in 92ms (compile: 7ms, render: 85ms)
 PUT /api/user/state/public?client_id=48e835cc-f914-4a99-8985-068ab4ecc5a9 200 in 94ms (compile: 7ms, render: 87ms)
 PUT /api/user/state/public?client_id=48e835cc-f914-4a99-8985-068ab4ecc5a9 200 in 100ms (compile: 7ms, render: 93ms)
 PUT /api/user/state/public?client_id=48e835cc-f914-4a99-8985-068ab4ecc5a9 200 in 90ms (compile: 7ms, render: 83ms)
 PUT /api/user/state/public?client_id=48e835cc-f914-4a99-8985-068ab4ecc5a9 200 in 101ms (compile: 7ms, render: 94ms)
 PUT /api/user/state/public?client_id=48e835cc-f914-4a99-8985-068ab4ecc5a9 200 in 92ms (compile: 7ms, render: 85ms)
 PUT /api/user/state/public?client_id=48e835cc-f914-4a99-8985-068ab4ecc5a9 200 in 89ms (compile: 7ms, render: 82ms)
 PUT /api/user/state/public?client_id=48e835cc-f914-4a99-8985-068ab4ecc5a9 200 in 95ms (compile: 7ms, render: 88ms)
 PUT /api/user/state/public?client_id=48e835cc-f914-4a99-8985-068ab4ecc5a9 200 in 99ms (compile: 8ms, render: 92ms)
 PUT /api/user/state/public?client_id=48e835cc-f914-4a99-8985-068ab4ecc5a9 200 in 95ms (compile: 7ms, render: 88ms)
 PUT /api/user/state/public?client_id=48e835cc-f914-4a99-8985-068ab4ecc5a9 200 in 94ms (compile: 7ms, render: 87ms)
 PUT /api/user/state/public?client_id=48e835cc-f914-4a99-8985-068ab4ecc5a9 200 in 99ms (compile: 7ms, render: 92ms)
 PUT /api/user/state/public?client_id=48e835cc-f914-4a99-8985-068ab4ecc5a9 200 in 92ms (compile: 7ms, render: 85ms)
 PUT /api/user/state/public?client_id=48e835cc-f914-4a99-8985-068ab4ecc5a9 200 in 99ms (compile: 6ms, render: 93ms)
 PUT /api/user/state/public?client_id=48e835cc-f914-4a99-8985-068ab4ecc5a9 200 in 96ms (compile: 9ms, render: 88ms)
 PUT /api/user/state/public?client_id=48e835cc-f914-4a99-8985-068ab4ecc5a9 200 in 92ms (compile: 8ms, render: 84ms)
 PUT /api/user/state/public?client_id=48e835cc-f914-4a99-8985-068ab4ecc5a9 200 in 118ms (compile: 7ms, render: 112ms)
 PUT /api/user/state/public?client_id=48e835cc-f914-4a99-8985-068ab4ecc5a9 200 in 92ms (compile: 8ms, render: 85ms)
 PUT /api/user/state/public?client_id=48e835cc-f914-4a99-8985-068ab4ecc5a9 200 in 99ms (compile: 7ms, render: 92ms)
 PUT /api/user/state/public?client_id=48e835cc-f914-4a99-8985-068ab4ecc5a9 200 in 91ms (compile: 7ms, render: 84ms)
 PUT /api/user/state/public?client_id=48e835cc-f914-4a99-8985-068ab4ecc5a9 200 in 98ms (compile: 8ms, render: 90ms)
 PUT /api/user/state/public?client_id=48e835cc-f914-4a99-8985-068ab4ecc5a9 200 in 89ms (compile: 9ms, render: 80ms)
 PUT /api/user/state/public?client_id=48e835cc-f914-4a99-8985-068ab4ecc5a9 200 in 94ms (compile: 8ms, render: 86ms)
 PUT /api/user/state/public?client_id=48e835cc-f914-4a99-8985-068ab4ecc5a9 200 in 104ms (compile: 7ms, render: 97ms)
 PUT /api/user/state/public?client_id=48e835cc-f914-4a99-8985-068ab4ecc5a9 200 in 103ms (compile: 7ms, render: 96ms)
 PUT /api/user/state/public?client_id=48e835cc-f914-4a99-8985-068ab4ecc5a9 200 in 91ms (compile: 8ms, render: 83ms)
 PUT /api/user/state/public?client_id=48e835cc-f914-4a99-8985-068ab4ecc5a9 200 in 92ms (compile: 8ms, render: 85ms)
 PUT /api/user/state/public?client_id=48e835cc-f914-4a99-8985-068ab4ecc5a9 200 in 92ms (compile: 7ms, render: 85ms)
 PUT /api/user/state/public?client_id=48e835cc-f914-4a99-8985-068ab4ecc5a9 200 in 92ms (compile: 7ms, render: 85ms)
 PUT /api/user/state/public?client_id=48e835cc-f914-4a99-8985-068ab4ecc5a9 200 in 110ms (compile: 7ms, render: 103ms)
 PUT /api/user/state/public?client_id=48e835cc-f914-4a99-8985-068ab4ecc5a9 200 in 100ms (compile: 9ms, render: 91ms)
 PUT /api/user/state/public?client_id=48e835cc-f914-4a99-8985-068ab4ecc5a9 200 in 97ms (compile: 7ms, render: 89ms)
 PUT /api/user/state/public?client_id=48e835cc-f914-4a99-8985-068ab4ecc5a9 200 in 146ms (compile: 8ms, render: 139ms)
 PUT /api/user/state/public?client_id=48e835cc-f914-4a99-8985-068ab4ecc5a9 200 in 112ms (compile: 7ms, render: 105ms)
 PUT /api/user/state/public?client_id=48e835cc-f914-4a99-8985-068ab4ecc5a9 200 in 94ms (compile: 9ms, render: 85ms)
 PUT /api/user/state/public?client_id=48e835cc-f914-4a99-8985-068ab4ecc5a9 200 in 93ms (compile: 6ms, render: 87ms)
 PUT /api/user/state/public?client_id=48e835cc-f914-4a99-8985-068ab4ecc5a9 200 in 91ms (compile: 6ms, render: 84ms)
 PUT /api/user/state/public?client_id=48e835cc-f914-4a99-8985-068ab4ecc5a9 200 in 97ms (compile: 8ms, render: 89ms)
 PUT /api/user/state/public?client_id=48e835cc-f914-4a99-8985-068ab4ecc5a9 200 in 97ms (compile: 7ms, render: 90ms)
 PUT /api/user/state/public?client_id=48e835cc-f914-4a99-8985-068ab4ecc5a9 200 in 91ms (compile: 8ms, render: 82ms)
 PUT /api/user/state/public?client_id=48e835cc-f914-4a99-8985-068ab4ecc5a9 200 in 89ms (compile: 7ms, render: 82ms)
 PUT /api/user/state/public?client_id=48e835cc-f914-4a99-8985-068ab4ecc5a9 200 in 97ms (compile: 7ms, render: 90ms)
 PUT /api/user/state/public?client_id=48e835cc-f914-4a99-8985-068ab4ecc5a9 200 in 94ms (compile: 8ms, render: 87ms)
 PUT /api/user/state/public?client_id=48e835cc-f914-4a99-8985-068ab4ecc5a9 200 in 91ms (compile: 8ms, render: 83ms)
 PUT /api/user/state/public?client_id=48e835cc-f914-4a99-8985-068ab4ecc5a9 200 in 98ms (compile: 7ms, render: 91ms)
 PUT /api/user/state/public?client_id=48e835cc-f914-4a99-8985-068ab4ecc5a9 200 in 92ms (compile: 6ms, render: 86ms)
 PUT /api/user/state/public?client_id=48e835cc-f914-4a99-8985-068ab4ecc5a9 200 in 90ms (compile: 7ms, render: 83ms)
 PUT /api/user/state/public?client_id=48e835cc-f914-4a99-8985-068ab4ecc5a9 200 in 91ms (compile: 7ms, render: 84ms)
 PUT /api/user/state/public?client_id=48e835cc-f914-4a99-8985-068ab4ecc5a9 200 in 105ms (compile: 6ms, render: 98ms)
 PUT /api/user/state/public?client_id=48e835cc-f914-4a99-8985-068ab4ecc5a9 200 in 92ms (compile: 7ms, render: 85ms)
 PUT /api/user/state/public?client_id=48e835cc-f914-4a99-8985-068ab4ecc5a9 200 in 90ms (compile: 7ms, render: 82ms)
 PUT /api/user/state/public?client_id=48e835cc-f914-4a99-8985-068ab4ecc5a9 200 in 106ms (compile: 7ms, render: 99ms)
 PUT /api/user/state/public?client_id=48e835cc-f914-4a99-8985-068ab4ecc5a9 200 in 90ms (compile: 7ms, render: 83ms)
 PUT /api/user/state/public?client_id=48e835cc-f914-4a99-8985-068ab4ecc5a9 200 in 88ms (compile: 6ms, render: 81ms)
 PUT /api/user/state/public?client_id=48e835cc-f914-4a99-8985-068ab4ecc5a9 200 in 95ms (compile: 7ms, render: 88ms)
 PUT /api/user/state/public?client_id=48e835cc-f914-4a99-8985-068ab4ecc5a9 200 in 101ms (compile: 9ms, render: 92ms)
 PUT /api/user/state/public?client_id=48e835cc-f914-4a99-8985-068ab4ecc5a9 200 in 96ms (compile: 7ms, render: 89ms)
 PUT /api/user/state/public?client_id=48e835cc-f914-4a99-8985-068ab4ecc5a9 200 in 99ms (compile: 7ms, render: 92ms)
 PUT /api/user/state/public?client_id=48e835cc-f914-4a99-8985-068ab4ecc5a9 200 in 123ms (compile: 7ms, render: 116ms)
 PUT /api/user/state/public?client_id=48e835cc-f914-4a99-8985-068ab4ecc5a9 200 in 154ms (compile: 9ms, render: 144ms)
 PUT /api/user/state/public?client_id=48e835cc-f914-4a99-8985-068ab4ecc5a9 200 in 98ms (compile: 7ms, render: 91ms)
 PUT /api/user/state/public?client_id=48e835cc-f914-4a99-8985-068ab4ecc5a9 200 in 89ms (compile: 7ms, render: 82ms)
 PUT /api/user/state/public?client_id=48e835cc-f914-4a99-8985-068ab4ecc5a9 200 in 106ms (compile: 8ms, render: 97ms)
 PUT /api/user/state/public?client_id=48e835cc-f914-4a99-8985-068ab4ecc5a9 200 in 101ms (compile: 10ms, render: 91ms)
 PUT /api/user/state/public?client_id=48e835cc-f914-4a99-8985-068ab4ecc5a9 200 in 92ms (compile: 8ms, render: 85ms)
 PUT /api/user/state/public?client_id=48e835cc-f914-4a99-8985-068ab4ecc5a9 200 in 98ms (compile: 9ms, render: 89ms)
 PUT /api/user/state/public?client_id=48e835cc-f914-4a99-8985-068ab4ecc5a9 200 in 92ms (compile: 7ms, render: 85ms)
 PUT /api/user/state/public?client_id=48e835cc-f914-4a99-8985-068ab4ecc5a9 200 in 90ms (compile: 7ms, render: 83ms)
 PUT /api/user/state/public?client_id=48e835cc-f914-4a99-8985-068ab4ecc5a9 200 in 102ms (compile: 7ms, render: 95ms)
 PUT /api/user/state/public?client_id=48e835cc-f914-4a99-8985-068ab4ecc5a9 200 in 91ms (compile: 8ms, render: 83ms)
 PUT /api/user/state/public?client_id=48e835cc-f914-4a99-8985-068ab4ecc5a9 200 in 93ms (compile: 7ms, render: 86ms)
 PUT /api/user/state/public?client_id=48e835cc-f914-4a99-8985-068ab4ecc5a9 200 in 118ms (compile: 7ms, render: 111ms)
 PUT /api/user/state/public?client_id=48e835cc-f914-4a99-8985-068ab4ecc5a9 200 in 92ms (compile: 7ms, render: 84ms)
 PUT /api/user/state/public?client_id=48e835cc-f914-4a99-8985-068ab4ecc5a9 200 in 95ms (compile: 7ms, render: 88ms)
 PUT /api/user/state/public?client_id=48e835cc-f914-4a99-8985-068ab4ecc5a9 200 in 117ms (compile: 9ms, render: 108ms)
 PUT /api/user/state/public?client_id=48e835cc-f914-4a99-8985-068ab4ecc5a9 200 in 90ms (compile: 7ms, render: 83ms)
 PUT /api/user/state/public?client_id=48e835cc-f914-4a99-8985-068ab4ecc5a9 200 in 98ms (compile: 9ms, render: 90ms)
 PUT /api/user/state/public?client_id=48e835cc-f914-4a99-8985-068ab4ecc5a9 200 in 94ms (compile: 7ms, render: 87ms)
 PUT /api/user/state/public?client_id=48e835cc-f914-4a99-8985-068ab4ecc5a9 200 in 151ms (compile: 7ms, render: 145ms)
 PUT /api/user/state/public?client_id=48e835cc-f914-4a99-8985-068ab4ecc5a9 200 in 90ms (compile: 7ms, render: 83ms)
 PUT /api/user/state/public?client_id=48e835cc-f914-4a99-8985-068ab4ecc5a9 200 in 109ms (compile: 7ms, render: 102ms)
 PUT /api/user/state/public?client_id=48e835cc-f914-4a99-8985-068ab4ecc5a9 200 in 103ms (compile: 6ms, render: 97ms)
 PUT /api/user/state/public?client_id=48e835cc-f914-4a99-8985-068ab4ecc5a9 200 in 104ms (compile: 8ms, render: 96ms)
 PUT /api/user/state/public?client_id=48e835cc-f914-4a99-8985-068ab4ecc5a9 200 in 99ms (compile: 8ms, render: 91ms)
 PUT /api/user/state/public?client_id=48e835cc-f914-4a99-8985-068ab4ecc5a9 200 in 101ms (compile: 7ms, render: 94ms)
 PUT /api/user/state/public?client_id=48e835cc-f914-4a99-8985-068ab4ecc5a9 200 in 93ms (compile: 8ms, render: 85ms)
 PUT /api/user/state/public?client_id=48e835cc-f914-4a99-8985-068ab4ecc5a9 200 in 98ms (compile: 8ms, render: 90ms)
 PUT /api/user/state/public?client_id=48e835cc-f914-4a99-8985-068ab4ecc5a9 200 in 106ms (compile: 7ms, render: 100ms)
 PUT /api/user/state/public?client_id=48e835cc-f914-4a99-8985-068ab4ecc5a9 200 in 102ms (compile: 7ms, render: 95ms)
 PUT /api/user/state/public?client_id=48e835cc-f914-4a99-8985-068ab4ecc5a9 200 in 106ms (compile: 8ms, render: 99ms)
 PUT /api/user/state/public?client_id=48e835cc-f914-4a99-8985-068ab4ecc5a9 200 in 95ms (compile: 7ms, render: 88ms)
 PUT /api/user/state/public?client_id=48e835cc-f914-4a99-8985-068ab4ecc5a9 200 in 97ms (compile: 9ms, render: 87ms)
 PUT /api/user/state/public?client_id=48e835cc-f914-4a99-8985-068ab4ecc5a9 200 in 86ms (compile: 7ms, render: 80ms)
 PUT /api/user/state/public?client_id=48e835cc-f914-4a99-8985-068ab4ecc5a9 200 in 89ms (compile: 7ms, render: 82ms)
 PUT /api/user/state/public?client_id=48e835cc-f914-4a99-8985-068ab4ecc5a9 200 in 105ms (compile: 8ms, render: 97ms)
 PUT /api/user/state/public?client_id=48e835cc-f914-4a99-8985-068ab4ecc5a9 200 in 93ms (compile: 7ms, render: 86ms)
 PUT /api/user/state/public?client_id=48e835cc-f914-4a99-8985-068ab4ecc5a9 200 in 90ms (compile: 7ms, render: 83ms)
 PUT /api/user/state/public?client_id=48e835cc-f914-4a99-8985-068ab4ecc5a9 200 in 101ms (compile: 7ms, render: 94ms)
 PUT /api/user/state/public?client_id=48e835cc-f914-4a99-8985-068ab4ecc5a9 200 in 99ms (compile: 7ms, render: 92ms)
 PUT /api/user/state/public?client_id=48e835cc-f914-4a99-8985-068ab4ecc5a9 200 in 92ms (compile: 6ms, render: 85ms)
 PUT /api/user/state/public?client_id=48e835cc-f914-4a99-8985-068ab4ecc5a9 200 in 91ms (compile: 6ms, render: 84ms)
 PUT /api/user/state/public?client_id=48e835cc-f914-4a99-8985-068ab4ecc5a9 200 in 95ms (compile: 8ms, render: 87ms)
 PUT /api/user/state/public?client_id=48e835cc-f914-4a99-8985-068ab4ecc5a9 200 in 110ms (compile: 8ms, render: 102ms)
 PUT /api/user/state/public?client_id=48e835cc-f914-4a99-8985-068ab4ecc5a9 200 in 112ms (compile: 6ms, render: 106ms)
 PUT /api/user/state/public?client_id=48e835cc-f914-4a99-8985-068ab4ecc5a9 200 in 105ms (compile: 8ms, render: 97ms)
 PUT /api/user/state/public?client_id=48e835cc-f914-4a99-8985-068ab4ecc5a9 200 in 92ms (compile: 7ms, render: 85ms)
 PUT /api/user/state/public?client_id=48e835cc-f914-4a99-8985-068ab4ecc5a9 200 in 101ms (compile: 6ms, render: 94ms)
 PUT /api/user/state/public?client_id=48e835cc-f914-4a99-8985-068ab4ecc5a9 200 in 93ms (compile: 8ms, render: 84ms)
 PUT /api/user/state/public?client_id=48e835cc-f914-4a99-8985-068ab4ecc5a9 200 in 95ms (compile: 7ms, render: 88ms)
 PUT /api/user/state/public?client_id=48e835cc-f914-4a99-8985-068ab4ecc5a9 200 in 98ms (compile: 7ms, render: 91ms)
 PUT /api/user/state/public?client_id=48e835cc-f914-4a99-8985-068ab4ecc5a9 200 in 94ms (compile: 7ms, render: 87ms)
 PUT /api/user/state/public?client_id=48e835cc-f914-4a99-8985-068ab4ecc5a9 200 in 93ms (compile: 6ms, render: 86ms)
 PUT /api/user/state/public?client_id=48e835cc-f914-4a99-8985-068ab4ecc5a9 200 in 103ms (compile: 7ms, render: 96ms)
 PUT /api/user/state/public?client_id=48e835cc-f914-4a99-8985-068ab4ecc5a9 200 in 101ms (compile: 8ms, render: 93ms)
 PUT /api/user/state/public?client_id=48e835cc-f914-4a99-8985-068ab4ecc5a9 200 in 94ms (compile: 7ms, render: 86ms)
 PUT /api/user/state/public?client_id=48e835cc-f914-4a99-8985-068ab4ecc5a9 200 in 111ms (compile: 7ms, render: 104ms)
 PUT /api/user/state/public?client_id=48e835cc-f914-4a99-8985-068ab4ecc5a9 200 in 92ms (compile: 6ms, render: 86ms)
 PUT /api/user/state/public?client_id=48e835cc-f914-4a99-8985-068ab4ecc5a9 200 in 92ms (compile: 8ms, render: 84ms)
 PUT /api/user/state/public?client_id=48e835cc-f914-4a99-8985-068ab4ecc5a9 200 in 105ms (compile: 8ms, render: 96ms)
 PUT /api/user/state/public?client_id=48e835cc-f914-4a99-8985-068ab4ecc5a9 200 in 119ms (compile: 10ms, render: 109ms)
 PUT /api/user/state/public?client_id=48e835cc-f914-4a99-8985-068ab4ecc5a9 200 in 108ms (compile: 7ms, render: 102ms)
 PUT /api/user/state/public?client_id=48e835cc-f914-4a99-8985-068ab4ecc5a9 200 in 93ms (compile: 7ms, render: 86ms)
 PUT /api/user/state/public?client_id=48e835cc-f914-4a99-8985-068ab4ecc5a9 200 in 97ms (compile: 7ms, render: 90ms)
 PUT /api/user/state/public?client_id=48e835cc-f914-4a99-8985-068ab4ecc5a9 200 in 102ms (compile: 7ms, render: 95ms)
 PUT /api/user/state/public?client_id=48e835cc-f914-4a99-8985-068ab4ecc5a9 200 in 90ms (compile: 6ms, render: 84ms)
 PUT /api/user/state/public?client_id=48e835cc-f914-4a99-8985-068ab4ecc5a9 200 in 99ms (compile: 8ms, render: 91ms)
 PUT /api/user/state/public?client_id=48e835cc-f914-4a99-8985-068ab4ecc5a9 200 in 89ms (compile: 6ms, render: 82ms)
 PUT /api/user/state/public?client_id=48e835cc-f914-4a99-8985-068ab4ecc5a9 200 in 119ms (compile: 8ms, render: 112ms)
 PUT /api/user/state/public?client_id=48e835cc-f914-4a99-8985-068ab4ecc5a9 200 in 133ms (compile: 8ms, render: 125ms)
 PUT /api/user/state/public?client_id=48e835cc-f914-4a99-8985-068ab4ecc5a9 200 in 94ms (compile: 8ms, render: 86ms)
 PUT /api/user/state/public?client_id=48e835cc-f914-4a99-8985-068ab4ecc5a9 200 in 93ms (compile: 6ms, render: 87ms)
 PUT /api/user/state/public?client_id=48e835cc-f914-4a99-8985-068ab4ecc5a9 200 in 113ms (compile: 7ms, render: 106ms)
 PUT /api/user/state/public?client_id=48e835cc-f914-4a99-8985-068ab4ecc5a9 200 in 90ms (compile: 7ms, render: 83ms)
 PUT /api/user/state/public?client_id=48e835cc-f914-4a99-8985-068ab4ecc5a9 200 in 89ms (compile: 7ms, render: 82ms)
 PUT /api/user/state/public?client_id=48e835cc-f914-4a99-8985-068ab4ecc5a9 200 in 89ms (compile: 6ms, render: 82ms)
 PUT /api/user/state/public?client_id=48e835cc-f914-4a99-8985-068ab4ecc5a9 200 in 101ms (compile: 7ms, render: 93ms)
 PUT /api/user/state/public?client_id=48e835cc-f914-4a99-8985-068ab4ecc5a9 200 in 110ms (compile: 7ms, render: 102ms)
 PUT /api/user/state/public?client_id=48e835cc-f914-4a99-8985-068ab4ecc5a9 200 in 91ms (compile: 7ms, render: 84ms)
 PUT /api/user/state/public?client_id=48e835cc-f914-4a99-8985-068ab4ecc5a9 200 in 94ms (compile: 8ms, render: 86ms)
 PUT /api/user/state/public?client_id=48e835cc-f914-4a99-8985-068ab4ecc5a9 200 in 104ms (compile: 8ms, render: 96ms)
 PUT /api/user/state/public?client_id=48e835cc-f914-4a99-8985-068ab4ecc5a9 200 in 92ms (compile: 8ms, render: 85ms)
 PUT /api/user/state/public?client_id=48e835cc-f914-4a99-8985-068ab4ecc5a9 200 in 93ms (compile: 7ms, render: 86ms)
 PUT /api/user/state/public?client_id=48e835cc-f914-4a99-8985-068ab4ecc5a9 200 in 101ms (compile: 7ms, render: 94ms)
 PUT /api/user/state/public?client_id=48e835cc-f914-4a99-8985-068ab4ecc5a9 200 in 98ms (compile: 8ms, render: 90ms)
 PUT /api/user/state/public?client_id=48e835cc-f914-4a99-8985-068ab4ecc5a9 200 in 95ms (compile: 7ms, render: 88ms)
 PUT /api/user/state/public?client_id=48e835cc-f914-4a99-8985-068ab4ecc5a9 200 in 102ms (compile: 6ms, render: 96ms)
 PUT /api/user/state/public?client_id=48e835cc-f914-4a99-8985-068ab4ecc5a9 200 in 96ms (compile: 7ms, render: 89ms)
 PUT /api/user/state/public?client_id=48e835cc-f914-4a99-8985-068ab4ecc5a9 200 in 98ms (compile: 7ms, render: 91ms)
 PUT /api/user/state/public?client_id=48e835cc-f914-4a99-8985-068ab4ecc5a9 200 in 96ms (compile: 7ms, render: 89ms)
 PUT /api/user/state/public?client_id=48e835cc-f914-4a99-8985-068ab4ecc5a9 200 in 102ms (compile: 6ms, render: 96ms)
 PUT /api/user/state/public?client_id=48e835cc-f914-4a99-8985-068ab4ecc5a9 200 in 93ms (compile: 8ms, render: 85ms)
 PUT /api/user/state/public?client_id=48e835cc-f914-4a99-8985-068ab4ecc5a9 200 in 93ms (compile: 7ms, render: 86ms)
 PUT /api/user/state/public?client_id=48e835cc-f914-4a99-8985-068ab4ecc5a9 200 in 94ms (compile: 7ms, render: 87ms)
 PUT /api/user/state/public?client_id=48e835cc-f914-4a99-8985-068ab4ecc5a9 200 in 94ms (compile: 8ms, render: 86ms)
 PUT /api/user/state/public?client_id=48e835cc-f914-4a99-8985-068ab4ecc5a9 200 in 96ms (compile: 10ms, render: 86ms)
 PUT /api/user/state/public?client_id=48e835cc-f914-4a99-8985-068ab4ecc5a9 200 in 158ms (compile: 10ms, render: 148ms)
 PUT /api/user/state/public?client_id=48e835cc-f914-4a99-8985-068ab4ecc5a9 200 in 91ms (compile: 7ms, render: 84ms)
 PUT /api/user/state/public?client_id=48e835cc-f914-4a99-8985-068ab4ecc5a9 200 in 92ms (compile: 7ms, render: 84ms)
 PUT /api/user/state/public?client_id=48e835cc-f914-4a99-8985-068ab4ecc5a9 200 in 86ms (compile: 6ms, render: 80ms)
 PUT /api/user/state/public?client_id=48e835cc-f914-4a99-8985-068ab4ecc5a9 200 in 104ms (compile: 8ms, render: 96ms)
 PUT /api/user/state/public?client_id=48e835cc-f914-4a99-8985-068ab4ecc5a9 200 in 93ms (compile: 7ms, render: 87ms)
 PUT /api/user/state/public?client_id=48e835cc-f914-4a99-8985-068ab4ecc5a9 200 in 94ms (compile: 8ms, render: 87ms)
 PUT /api/user/state/public?client_id=48e835cc-f914-4a99-8985-068ab4ecc5a9 200 in 100ms (compile: 7ms, render: 93ms)
 PUT /api/user/state/public?client_id=48e835cc-f914-4a99-8985-068ab4ecc5a9 200 in 93ms (compile: 7ms, render: 86ms)
 PUT /api/user/state/public?client_id=48e835cc-f914-4a99-8985-068ab4ecc5a9 200 in 93ms (compile: 6ms, render: 87ms)
 PUT /api/user/state/public?client_id=48e835cc-f914-4a99-8985-068ab4ecc5a9 200 in 98ms (compile: 7ms, render: 91ms)
 PUT /api/user/state/public?client_id=48e835cc-f914-4a99-8985-068ab4ecc5a9 200 in 93ms (compile: 8ms, render: 86ms)
 PUT /api/user/state/public?client_id=48e835cc-f914-4a99-8985-068ab4ecc5a9 200 in 115ms (compile: 7ms, render: 108ms)
 PUT /api/user/state/public?client_id=48e835cc-f914-4a99-8985-068ab4ecc5a9 200 in 97ms (compile: 6ms, render: 90ms)
 PUT /api/user/state/public?client_id=48e835cc-f914-4a99-8985-068ab4ecc5a9 200 in 115ms (compile: 7ms, render: 108ms)
 PUT /api/user/state/public?client_id=48e835cc-f914-4a99-8985-068ab4ecc5a9 200 in 101ms (compile: 7ms, render: 94ms)
 PUT /api/user/state/public?client_id=48e835cc-f914-4a99-8985-068ab4ecc5a9 200 in 111ms (compile: 7ms, render: 104ms)
 PUT /api/user/state/public?client_id=48e835cc-f914-4a99-8985-068ab4ecc5a9 200 in 123ms (compile: 7ms, render: 117ms)
 PUT /api/user/state/public?client_id=48e835cc-f914-4a99-8985-068ab4ecc5a9 200 in 98ms (compile: 7ms, render: 91ms)
 PUT /api/user/state/public?client_id=48e835cc-f914-4a99-8985-068ab4ecc5a9 200 in 97ms (compile: 7ms, render: 90ms)
 PUT /api/user/state/public?client_id=48e835cc-f914-4a99-8985-068ab4ecc5a9 200 in 87ms (compile: 7ms, render: 80ms)
 PUT /api/user/state/public?client_id=48e835cc-f914-4a99-8985-068ab4ecc5a9 200 in 115ms (compile: 7ms, render: 108ms)
 PUT /api/user/state/public?client_id=48e835cc-f914-4a99-8985-068ab4ecc5a9 200 in 109ms (compile: 7ms, render: 102ms)
 PUT /api/user/state/public?client_id=48e835cc-f914-4a99-8985-068ab4ecc5a9 200 in 88ms (compile: 6ms, render: 82ms)
 PUT /api/user/state/public?client_id=48e835cc-f914-4a99-8985-068ab4ecc5a9 200 in 91ms (compile: 6ms, render: 85ms)
 PUT /api/user/state/public?client_id=48e835cc-f914-4a99-8985-068ab4ecc5a9 200 in 98ms (compile: 7ms, render: 91ms)
 PUT /api/user/state/public?client_id=48e835cc-f914-4a99-8985-068ab4ecc5a9 200 in 115ms (compile: 6ms, render: 108ms)
 PUT /api/user/state/public?client_id=48e835cc-f914-4a99-8985-068ab4ecc5a9 200 in 89ms (compile: 7ms, render: 82ms)
 PUT /api/user/state/public?client_id=48e835cc-f914-4a99-8985-068ab4ecc5a9 200 in 104ms (compile: 7ms, render: 97ms)
 PUT /api/user/state/public?client_id=48e835cc-f914-4a99-8985-068ab4ecc5a9 200 in 98ms (compile: 7ms, render: 91ms)
 PUT /api/user/state/public?client_id=48e835cc-f914-4a99-8985-068ab4ecc5a9 200 in 87ms (compile: 7ms, render: 80ms)
 PUT /api/user/state/public?client_id=48e835cc-f914-4a99-8985-068ab4ecc5a9 200 in 88ms (compile: 6ms, render: 82ms)
 PUT /api/user/state/public?client_id=48e835cc-f914-4a99-8985-068ab4ecc5a9 200 in 89ms (compile: 7ms, render: 82ms)
 PUT /api/user/state/public?client_id=48e835cc-f914-4a99-8985-068ab4ecc5a9 200 in 97ms (compile: 7ms, render: 90ms)
 PUT /api/user/state/public?client_id=48e835cc-f914-4a99-8985-068ab4ecc5a9 200 in 94ms (compile: 7ms, render: 87ms)
 PUT /api/user/state/public?client_id=48e835cc-f914-4a99-8985-068ab4ecc5a9 200 in 90ms (compile: 7ms, render: 83ms)
 PUT /api/user/state/public?client_id=48e835cc-f914-4a99-8985-068ab4ecc5a9 200 in 99ms (compile: 7ms, render: 92ms)
 PUT /api/user/state/public?client_id=48e835cc-f914-4a99-8985-068ab4ecc5a9 200 in 89ms (compile: 7ms, render: 82ms)
 PUT /api/user/state/public?client_id=48e835cc-f914-4a99-8985-068ab4ecc5a9 200 in 98ms (compile: 11ms, render: 87ms)
 PUT /api/user/state/public?client_id=48e835cc-f914-4a99-8985-068ab4ecc5a9 200 in 92ms (compile: 7ms, render: 85ms)
 PUT /api/user/state/public?client_id=48e835cc-f914-4a99-8985-068ab4ecc5a9 200 in 97ms (compile: 7ms, render: 90ms)
 PUT /api/user/state/public?client_id=48e835cc-f914-4a99-8985-068ab4ecc5a9 200 in 87ms (compile: 7ms, render: 81ms)
 PUT /api/user/state/public?client_id=48e835cc-f914-4a99-8985-068ab4ecc5a9 200 in 91ms (compile: 6ms, render: 85ms)
 PUT /api/user/state/public?client_id=48e835cc-f914-4a99-8985-068ab4ecc5a9 200 in 94ms (compile: 7ms, render: 87ms)
 PUT /api/user/state/public?client_id=48e835cc-f914-4a99-8985-068ab4ecc5a9 200 in 96ms (compile: 7ms, render: 89ms)
 PUT /api/user/state/public?client_id=48e835cc-f914-4a99-8985-068ab4ecc5a9 200 in 91ms (compile: 7ms, render: 83ms)
 PUT /api/user/state/public?client_id=48e835cc-f914-4a99-8985-068ab4ecc5a9 200 in 92ms (compile: 7ms, render: 85ms)
 PUT /api/user/state/public?client_id=48e835cc-f914-4a99-8985-068ab4ecc5a9 200 in 126ms (compile: 8ms, render: 118ms)
 PUT /api/user/state/public?client_id=48e835cc-f914-4a99-8985-068ab4ecc5a9 200 in 93ms (compile: 8ms, render: 86ms)
 PUT /api/user/state/public?client_id=48e835cc-f914-4a99-8985-068ab4ecc5a9 200 in 123ms (compile: 7ms, render: 115ms)
 PUT /api/user/state/public?client_id=48e835cc-f914-4a99-8985-068ab4ecc5a9 200 in 98ms (compile: 7ms, render: 90ms)
 PUT /api/user/state/public?client_id=48e835cc-f914-4a99-8985-068ab4ecc5a9 200 in 98ms (compile: 7ms, render: 91ms)
 PUT /api/user/state/public?client_id=48e835cc-f914-4a99-8985-068ab4ecc5a9 200 in 88ms (compile: 7ms, render: 82ms)
 PUT /api/user/state/public?client_id=48e835cc-f914-4a99-8985-068ab4ecc5a9 200 in 94ms (compile: 7ms, render: 87ms)
 PUT /api/user/state/public?client_id=48e835cc-f914-4a99-8985-068ab4ecc5a9 200 in 99ms (compile: 7ms, render: 92ms)
 PUT /api/user/state/public?client_id=48e835cc-f914-4a99-8985-068ab4ecc5a9 200 in 88ms (compile: 8ms, render: 80ms)
 PUT /api/user/state/public?client_id=48e835cc-f914-4a99-8985-068ab4ecc5a9 200 in 100ms (compile: 7ms, render: 93ms)
 PUT /api/user/state/public?client_id=48e835cc-f914-4a99-8985-068ab4ecc5a9 200 in 93ms (compile: 8ms, render: 85ms)
 PUT /api/user/state/public?client_id=48e835cc-f914-4a99-8985-068ab4ecc5a9 200 in 93ms (compile: 8ms, render: 85ms)
 PUT /api/user/state/public?client_id=48e835cc-f914-4a99-8985-068ab4ecc5a9 200 in 100ms (compile: 7ms, render: 94ms)
 PUT /api/user/state/public?client_id=48e835cc-f914-4a99-8985-068ab4ecc5a9 200 in 95ms (compile: 6ms, render: 88ms)
 PUT /api/user/state/public?client_id=48e835cc-f914-4a99-8985-068ab4ecc5a9 200 in 99ms (compile: 7ms, render: 92ms)
 PUT /api/user/state/public?client_id=48e835cc-f914-4a99-8985-068ab4ecc5a9 200 in 147ms (compile: 7ms, render: 140ms)
 PUT /api/user/state/public?client_id=48e835cc-f914-4a99-8985-068ab4ecc5a9 200 in 104ms (compile: 9ms, render: 95ms)
 PUT /api/user/state/public?client_id=48e835cc-f914-4a99-8985-068ab4ecc5a9 200 in 94ms (compile: 8ms, render: 86ms)
 PUT /api/user/state/public?client_id=48e835cc-f914-4a99-8985-068ab4ecc5a9 200 in 97ms (compile: 8ms, render: 90ms)
 PUT /api/user/state/public?client_id=48e835cc-f914-4a99-8985-068ab4ecc5a9 200 in 94ms (compile: 7ms, render: 88ms)
 PUT /api/user/state/public?client_id=48e835cc-f914-4a99-8985-068ab4ecc5a9 200 in 91ms (compile: 7ms, render: 84ms)
 PUT /api/user/state/public?client_id=48e835cc-f914-4a99-8985-068ab4ecc5a9 200 in 90ms (compile: 8ms, render: 83ms)
 PUT /api/user/state/public?client_id=48e835cc-f914-4a99-8985-068ab4ecc5a9 200 in 89ms (compile: 6ms, render: 83ms)
 PUT /api/user/state/public?client_id=48e835cc-f914-4a99-8985-068ab4ecc5a9 200 in 102ms (compile: 7ms, render: 95ms)
 PUT /api/user/state/public?client_id=48e835cc-f914-4a99-8985-068ab4ecc5a9 200 in 87ms (compile: 7ms, render: 81ms)
 PUT /api/user/state/public?client_id=48e835cc-f914-4a99-8985-068ab4ecc5a9 200 in 90ms (compile: 7ms, render: 83ms)
 PUT /api/user/state/public?client_id=48e835cc-f914-4a99-8985-068ab4ecc5a9 200 in 94ms (compile: 7ms, render: 87ms)
 PUT /api/user/state/public?client_id=48e835cc-f914-4a99-8985-068ab4ecc5a9 200 in 100ms (compile: 8ms, render: 92ms)
 PUT /api/user/state/public?client_id=48e835cc-f914-4a99-8985-068ab4ecc5a9 200 in 93ms (compile: 8ms, render: 85ms)
 PUT /api/user/state/public?client_id=48e835cc-f914-4a99-8985-068ab4ecc5a9 200 in 94ms (compile: 6ms, render: 87ms)
 PUT /api/user/state/public?client_id=48e835cc-f914-4a99-8985-068ab4ecc5a9 200 in 101ms (compile: 6ms, render: 94ms)
 PUT /api/user/state/public?client_id=48e835cc-f914-4a99-8985-068ab4ecc5a9 200 in 94ms (compile: 7ms, render: 88ms)
 PUT /api/user/state/public?client_id=48e835cc-f914-4a99-8985-068ab4ecc5a9 200 in 93ms (compile: 7ms, render: 86ms)
 PUT /api/user/state/public?client_id=48e835cc-f914-4a99-8985-068ab4ecc5a9 200 in 99ms (compile: 7ms, render: 93ms)
 PUT /api/user/state/public?client_id=48e835cc-f914-4a99-8985-068ab4ecc5a9 200 in 90ms (compile: 7ms, render: 83ms)
 PUT /api/user/state/public?client_id=48e835cc-f914-4a99-8985-068ab4ecc5a9 200 in 93ms (compile: 7ms, render: 86ms)
 PUT /api/user/state/public?client_id=48e835cc-f914-4a99-8985-068ab4ecc5a9 200 in 98ms (compile: 8ms, render: 90ms)
 PUT /api/user/state/public?client_id=48e835cc-f914-4a99-8985-068ab4ecc5a9 200 in 89ms (compile: 7ms, render: 82ms)
 PUT /api/user/state/public?client_id=48e835cc-f914-4a99-8985-068ab4ecc5a9 200 in 90ms (compile: 8ms, render: 82ms)
 PUT /api/user/state/public?client_id=48e835cc-f914-4a99-8985-068ab4ecc5a9 200 in 100ms (compile: 7ms, render: 93ms)
 PUT /api/user/state/public?client_id=48e835cc-f914-4a99-8985-068ab4ecc5a9 200 in 99ms (compile: 7ms, render: 92ms)
 PUT /api/user/state/public?client_id=48e835cc-f914-4a99-8985-068ab4ecc5a9 200 in 101ms (compile: 7ms, render: 94ms)
 PUT /api/user/state/public?client_id=48e835cc-f914-4a99-8985-068ab4ecc5a9 200 in 93ms (compile: 8ms, render: 86ms)
 PUT /api/user/state/public?client_id=48e835cc-f914-4a99-8985-068ab4ecc5a9 200 in 87ms (compile: 7ms, render: 80ms)
 PUT /api/user/state/public?client_id=48e835cc-f914-4a99-8985-068ab4ecc5a9 200 in 95ms (compile: 7ms, render: 88ms)
 PUT /api/user/state/public?client_id=48e835cc-f914-4a99-8985-068ab4ecc5a9 200 in 88ms (compile: 6ms, render: 82ms)
 PUT /api/user/state/public?client_id=48e835cc-f914-4a99-8985-068ab4ecc5a9 200 in 89ms (compile: 7ms, render: 82ms)
 PUT /api/user/state/public?client_id=48e835cc-f914-4a99-8985-068ab4ecc5a9 200 in 103ms (compile: 7ms, render: 95ms)
 PUT /api/user/state/public?client_id=48e835cc-f914-4a99-8985-068ab4ecc5a9 200 in 90ms (compile: 7ms, render: 83ms)
 PUT /api/user/state/public?client_id=48e835cc-f914-4a99-8985-068ab4ecc5a9 200 in 97ms (compile: 7ms, render: 90ms)
 PUT /api/user/state/public?client_id=48e835cc-f914-4a99-8985-068ab4ecc5a9 200 in 92ms (compile: 7ms, render: 85ms)
 PUT /api/user/state/public?client_id=48e835cc-f914-4a99-8985-068ab4ecc5a9 200 in 94ms (compile: 7ms, render: 87ms)
 PUT /api/user/state/public?client_id=48e835cc-f914-4a99-8985-068ab4ecc5a9 200 in 103ms (compile: 7ms, render: 96ms)
 PUT /api/user/state/public?client_id=48e835cc-f914-4a99-8985-068ab4ecc5a9 200 in 89ms (compile: 7ms, render: 82ms)
 PUT /api/user/state/public?client_id=48e835cc-f914-4a99-8985-068ab4ecc5a9 200 in 92ms (compile: 8ms, render: 85ms)
 PUT /api/user/state/public?client_id=48e835cc-f914-4a99-8985-068ab4ecc5a9 200 in 101ms (compile: 7ms, render: 95ms)
 PUT /api/user/state/public?client_id=48e835cc-f914-4a99-8985-068ab4ecc5a9 200 in 90ms (compile: 7ms, render: 83ms)
 PUT /api/user/state/public?client_id=48e835cc-f914-4a99-8985-068ab4ecc5a9 200 in 92ms (compile: 7ms, render: 85ms)
 PUT /api/user/state/public?client_id=48e835cc-f914-4a99-8985-068ab4ecc5a9 200 in 113ms (compile: 7ms, render: 106ms)
 PUT /api/user/state/public?client_id=48e835cc-f914-4a99-8985-068ab4ecc5a9 200 in 88ms (compile: 6ms, render: 82ms)
 PUT /api/user/state/public?client_id=48e835cc-f914-4a99-8985-068ab4ecc5a9 200 in 100ms (compile: 7ms, render: 93ms)
 PUT /api/user/state/public?client_id=48e835cc-f914-4a99-8985-068ab4ecc5a9 200 in 87ms (compile: 6ms, render: 81ms)
 PUT /api/user/state/public?client_id=48e835cc-f914-4a99-8985-068ab4ecc5a9 200 in 109ms (compile: 7ms, render: 103ms)
 PUT /api/user/state/public?client_id=48e835cc-f914-4a99-8985-068ab4ecc5a9 200 in 92ms (compile: 6ms, render: 86ms)
 PUT /api/user/state/public?client_id=48e835cc-f914-4a99-8985-068ab4ecc5a9 200 in 139ms (compile: 8ms, render: 132ms)
 PUT /api/user/state/public?client_id=48e835cc-f914-4a99-8985-068ab4ecc5a9 200 in 90ms (compile: 6ms, render: 83ms)
 PUT /api/user/state/public?client_id=48e835cc-f914-4a99-8985-068ab4ecc5a9 200 in 118ms (compile: 7ms, render: 111ms)
 PUT /api/user/state/public?client_id=48e835cc-f914-4a99-8985-068ab4ecc5a9 200 in 91ms (compile: 8ms, render: 83ms)
 PUT /api/user/state/public?client_id=48e835cc-f914-4a99-8985-068ab4ecc5a9 200 in 92ms (compile: 7ms, render: 85ms)
 PUT /api/user/state/public?client_id=48e835cc-f914-4a99-8985-068ab4ecc5a9 200 in 99ms (compile: 7ms, render: 93ms)
 PUT /api/user/state/public?client_id=48e835cc-f914-4a99-8985-068ab4ecc5a9 200 in 91ms (compile: 7ms, render: 84ms)
 PUT /api/user/state/public?client_id=48e835cc-f914-4a99-8985-068ab4ecc5a9 200 in 97ms (compile: 7ms, render: 89ms)
 PUT /api/user/state/public?client_id=48e835cc-f914-4a99-8985-068ab4ecc5a9 200 in 104ms (compile: 7ms, render: 97ms)
 PUT /api/user/state/public?client_id=48e835cc-f914-4a99-8985-068ab4ecc5a9 200 in 108ms (compile: 10ms, render: 98ms)
 PUT /api/user/state/public?client_id=48e835cc-f914-4a99-8985-068ab4ecc5a9 200 in 91ms (compile: 7ms, render: 84ms)
 PUT /api/user/state/public?client_id=48e835cc-f914-4a99-8985-068ab4ecc5a9 200 in 91ms (compile: 7ms, render: 84ms)
 PUT /api/user/state/public?client_id=48e835cc-f914-4a99-8985-068ab4ecc5a9 200 in 100ms (compile: 8ms, render: 92ms)
 PUT /api/user/state/public?client_id=48e835cc-f914-4a99-8985-068ab4ecc5a9 200 in 89ms (compile: 7ms, render: 82ms)
 PUT /api/user/state/public?client_id=48e835cc-f914-4a99-8985-068ab4ecc5a9 200 in 90ms (compile: 6ms, render: 84ms)
 PUT /api/user/state/public?client_id=48e835cc-f914-4a99-8985-068ab4ecc5a9 200 in 125ms (compile: 7ms, render: 118ms)
 PUT /api/user/state/public?client_id=48e835cc-f914-4a99-8985-068ab4ecc5a9 200 in 93ms (compile: 6ms, render: 87ms)
 PUT /api/user/state/public?client_id=48e835cc-f914-4a99-8985-068ab4ecc5a9 200 in 107ms (compile: 7ms, render: 100ms)
 PUT /api/user/state/public?client_id=48e835cc-f914-4a99-8985-068ab4ecc5a9 200 in 97ms (compile: 8ms, render: 90ms)
 PUT /api/user/state/public?client_id=48e835cc-f914-4a99-8985-068ab4ecc5a9 200 in 93ms (compile: 7ms, render: 86ms)
 PUT /api/user/state/public?client_id=48e835cc-f914-4a99-8985-068ab4ecc5a9 200 in 95ms (compile: 8ms, render: 87ms)
 PUT /api/user/state/public?client_id=48e835cc-f914-4a99-8985-068ab4ecc5a9 200 in 97ms (compile: 7ms, render: 89ms)
 PUT /api/user/state/public?client_id=48e835cc-f914-4a99-8985-068ab4ecc5a9 200 in 95ms (compile: 7ms, render: 88ms)
 PUT /api/user/state/public?client_id=48e835cc-f914-4a99-8985-068ab4ecc5a9 200 in 97ms (compile: 9ms, render: 88ms)
 PUT /api/user/state/public?client_id=48e835cc-f914-4a99-8985-068ab4ecc5a9 200 in 137ms (compile: 7ms, render: 130ms)
 PUT /api/user/state/public?client_id=48e835cc-f914-4a99-8985-068ab4ecc5a9 200 in 142ms (compile: 7ms, render: 135ms)
 PUT /api/user/state/public?client_id=48e835cc-f914-4a99-8985-068ab4ecc5a9 200 in 176ms (compile: 8ms, render: 168ms)
 PUT /api/user/state/public?client_id=48e835cc-f914-4a99-8985-068ab4ecc5a9 200 in 138ms (compile: 10ms, render: 128ms)
 PUT /api/user/state/public?client_id=48e835cc-f914-4a99-8985-068ab4ecc5a9 200 in 181ms (compile: 7ms, render: 175ms)
 PUT /api/user/state/public?client_id=48e835cc-f914-4a99-8985-068ab4ecc5a9 200 in 143ms (compile: 8ms, render: 135ms)
 PUT /api/user/state/public?client_id=48e835cc-f914-4a99-8985-068ab4ecc5a9 200 in 163ms (compile: 6ms, render: 156ms)
 PUT /api/user/state/public?client_id=48e835cc-f914-4a99-8985-068ab4ecc5a9 200 in 127ms (compile: 7ms, render: 120ms)
 PUT /api/user/state/public?client_id=48e835cc-f914-4a99-8985-068ab4ecc5a9 200 in 159ms (compile: 7ms, render: 153ms)
 PUT /api/user/state/public?client_id=48e835cc-f914-4a99-8985-068ab4ecc5a9 200 in 134ms (compile: 7ms, render: 127ms)
 PUT /api/user/state/public?client_id=48e835cc-f914-4a99-8985-068ab4ecc5a9 200 in 148ms (compile: 8ms, render: 140ms)
 PUT /api/user/state/public?client_id=48e835cc-f914-4a99-8985-068ab4ecc5a9 200 in 137ms (compile: 7ms, render: 130ms)
 PUT /api/user/state/public?client_id=48e835cc-f914-4a99-8985-068ab4ecc5a9 200 in 122ms (compile: 7ms, render: 115ms)
 PUT /api/user/state/public?client_id=48e835cc-f914-4a99-8985-068ab4ecc5a9 200 in 143ms (compile: 8ms, render: 135ms)
 PUT /api/user/state/public?client_id=48e835cc-f914-4a99-8985-068ab4ecc5a9 200 in 129ms (compile: 7ms, render: 121ms)
 PUT /api/user/state/public?client_id=48e835cc-f914-4a99-8985-068ab4ecc5a9 200 in 137ms (compile: 7ms, render: 130ms)
 PUT /api/user/state/public?client_id=48e835cc-f914-4a99-8985-068ab4ecc5a9 200 in 91ms (compile: 7ms, render: 84ms)
 PUT /api/user/state/public?client_id=48e835cc-f914-4a99-8985-068ab4ecc5a9 200 in 89ms (compile: 8ms, render: 81ms)
 PUT /api/user/state/public?client_id=48e835cc-f914-4a99-8985-068ab4ecc5a9 200 in 94ms (compile: 7ms, render: 88ms)
 PUT /api/user/state/public?client_id=48e835cc-f914-4a99-8985-068ab4ecc5a9 200 in 89ms (compile: 7ms, render: 81ms)
 PUT /api/user/state/public?client_id=48e835cc-f914-4a99-8985-068ab4ecc5a9 200 in 90ms (compile: 7ms, render: 83ms)
 PUT /api/user/state/public?client_id=48e835cc-f914-4a99-8985-068ab4ecc5a9 200 in 100ms (compile: 7ms, render: 92ms)
 PUT /api/user/state/public?client_id=48e835cc-f914-4a99-8985-068ab4ecc5a9 200 in 90ms (compile: 7ms, render: 82ms)
 PUT /api/user/state/public?client_id=48e835cc-f914-4a99-8985-068ab4ecc5a9 200 in 122ms (compile: 7ms, render: 115ms)
 PUT /api/user/state/public?client_id=48e835cc-f914-4a99-8985-068ab4ecc5a9 200 in 89ms (compile: 6ms, render: 83ms)
 PUT /api/user/state/public?client_id=48e835cc-f914-4a99-8985-068ab4ecc5a9 200 in 93ms (compile: 8ms, render: 86ms)
 PUT /api/user/state/public?client_id=48e835cc-f914-4a99-8985-068ab4ecc5a9 200 in 94ms (compile: 10ms, render: 84ms)
 PUT /api/user/state/public?client_id=48e835cc-f914-4a99-8985-068ab4ecc5a9 200 in 100ms (compile: 9ms, render: 91ms)
 PUT /api/user/state/public?client_id=48e835cc-f914-4a99-8985-068ab4ecc5a9 200 in 88ms (compile: 7ms, render: 81ms)
 PUT /api/user/state/public?client_id=48e835cc-f914-4a99-8985-068ab4ecc5a9 200 in 90ms (compile: 7ms, render: 83ms)
 PUT /api/user/state/public?client_id=48e835cc-f914-4a99-8985-068ab4ecc5a9 200 in 94ms (compile: 6ms, render: 88ms)
 PUT /api/user/state/public?client_id=48e835cc-f914-4a99-8985-068ab4ecc5a9 200 in 92ms (compile: 7ms, render: 85ms)
 PUT /api/user/state/public?client_id=48e835cc-f914-4a99-8985-068ab4ecc5a9 200 in 89ms (compile: 8ms, render: 80ms)
 PUT /api/user/state/public?client_id=48e835cc-f914-4a99-8985-068ab4ecc5a9 200 in 89ms (compile: 7ms, render: 82ms)
 PUT /api/user/state/public?client_id=48e835cc-f914-4a99-8985-068ab4ecc5a9 200 in 87ms (compile: 6ms, render: 81ms)
 PUT /api/user/state/public?client_id=48e835cc-f914-4a99-8985-068ab4ecc5a9 200 in 98ms (compile: 7ms, render: 91ms)
 PUT /api/user/state/public?client_id=48e835cc-f914-4a99-8985-068ab4ecc5a9 200 in 90ms (compile: 6ms, render: 84ms)
 PUT /api/user/state/public?client_id=48e835cc-f914-4a99-8985-068ab4ecc5a9 200 in 89ms (compile: 7ms, render: 83ms)
 PUT /api/user/state/public?client_id=48e835cc-f914-4a99-8985-068ab4ecc5a9 200 in 94ms (compile: 8ms, render: 86ms)
 PUT /api/user/state/public?client_id=48e835cc-f914-4a99-8985-068ab4ecc5a9 200 in 96ms (compile: 7ms, render: 89ms)
 PUT /api/user/state/public?client_id=48e835cc-f914-4a99-8985-068ab4ecc5a9 200 in 91ms (compile: 8ms, render: 83ms)
 PUT /api/user/state/public?client_id=48e835cc-f914-4a99-8985-068ab4ecc5a9 200 in 88ms (compile: 6ms, render: 82ms)
 PUT /api/user/state/public?client_id=48e835cc-f914-4a99-8985-068ab4ecc5a9 200 in 97ms (compile: 7ms, render: 90ms)
 PUT /api/user/state/public?client_id=48e835cc-f914-4a99-8985-068ab4ecc5a9 200 in 88ms (compile: 8ms, render: 81ms)
 PUT /api/user/state/public?client_id=48e835cc-f914-4a99-8985-068ab4ecc5a9 200 in 98ms (compile: 7ms, render: 92ms)
 PUT /api/user/state/public?client_id=48e835cc-f914-4a99-8985-068ab4ecc5a9 200 in 85ms (compile: 7ms, render: 78ms)
 PUT /api/user/state/public?client_id=48e835cc-f914-4a99-8985-068ab4ecc5a9 200 in 88ms (compile: 7ms, render: 81ms)
 PUT /api/user/state/public?client_id=48e835cc-f914-4a99-8985-068ab4ecc5a9 200 in 88ms (compile: 6ms, render: 82ms)
 PUT /api/user/state/public?client_id=48e835cc-f914-4a99-8985-068ab4ecc5a9 200 in 100ms (compile: 7ms, render: 93ms)
 PUT /api/user/state/public?client_id=48e835cc-f914-4a99-8985-068ab4ecc5a9 200 in 90ms (compile: 7ms, render: 83ms)
 PUT /api/user/state/public?client_id=48e835cc-f914-4a99-8985-068ab4ecc5a9 200 in 89ms (compile: 7ms, render: 82ms)
 PUT /api/user/state/public?client_id=48e835cc-f914-4a99-8985-068ab4ecc5a9 200 in 96ms (compile: 8ms, render: 89ms)
 PUT /api/user/state/public?client_id=48e835cc-f914-4a99-8985-068ab4ecc5a9 200 in 113ms (compile: 7ms, render: 106ms)
 PUT /api/user/state/public?client_id=48e835cc-f914-4a99-8985-068ab4ecc5a9 200 in 90ms (compile: 8ms, render: 83ms)
 PUT /api/user/state/public?client_id=48e835cc-f914-4a99-8985-068ab4ecc5a9 200 in 128ms (compile: 8ms, render: 120ms)
 PUT /api/user/state/public?client_id=48e835cc-f914-4a99-8985-068ab4ecc5a9 200 in 103ms (compile: 7ms, render: 96ms)
 PUT /api/user/state/public?client_id=48e835cc-f914-4a99-8985-068ab4ecc5a9 200 in 114ms (compile: 8ms, render: 107ms)
 PUT /api/user/state/public?client_id=48e835cc-f914-4a99-8985-068ab4ecc5a9 200 in 95ms (compile: 6ms, render: 88ms)
 PUT /api/user/state/public?client_id=48e835cc-f914-4a99-8985-068ab4ecc5a9 200 in 92ms (compile: 6ms, render: 85ms)
 PUT /api/user/state/public?client_id=48e835cc-f914-4a99-8985-068ab4ecc5a9 200 in 99ms (compile: 7ms, render: 92ms)
 PUT /api/user/state/public?client_id=48e835cc-f914-4a99-8985-068ab4ecc5a9 200 in 91ms (compile: 7ms, render: 84ms)
 PUT /api/user/state/public?client_id=48e835cc-f914-4a99-8985-068ab4ecc5a9 200 in 87ms (compile: 6ms, render: 80ms)
 PUT /api/user/state/public?client_id=48e835cc-f914-4a99-8985-068ab4ecc5a9 200 in 99ms (compile: 8ms, render: 92ms)
 PUT /api/user/state/public?client_id=48e835cc-f914-4a99-8985-068ab4ecc5a9 200 in 98ms (compile: 7ms, render: 91ms)
 PUT /api/user/state/public?client_id=48e835cc-f914-4a99-8985-068ab4ecc5a9 200 in 92ms (compile: 7ms, render: 84ms)
 PUT /api/user/state/public?client_id=48e835cc-f914-4a99-8985-068ab4ecc5a9 200 in 90ms (compile: 7ms, render: 83ms)
 PUT /api/user/state/public?client_id=48e835cc-f914-4a99-8985-068ab4ecc5a9 200 in 95ms (compile: 6ms, render: 89ms)
 PUT /api/user/state/public?client_id=48e835cc-f914-4a99-8985-068ab4ecc5a9 200 in 117ms (compile: 7ms, render: 110ms)
 PUT /api/user/state/public?client_id=48e835cc-f914-4a99-8985-068ab4ecc5a9 200 in 97ms (compile: 7ms, render: 90ms)
 PUT /api/user/state/public?client_id=48e835cc-f914-4a99-8985-068ab4ecc5a9 200 in 99ms (compile: 8ms, render: 92ms)
 PUT /api/user/state/public?client_id=48e835cc-f914-4a99-8985-068ab4ecc5a9 200 in 91ms (compile: 7ms, render: 84ms)
 PUT /api/user/state/public?client_id=48e835cc-f914-4a99-8985-068ab4ecc5a9 200 in 87ms (compile: 6ms, render: 81ms)
 PUT /api/user/state/public?client_id=48e835cc-f914-4a99-8985-068ab4ecc5a9 200 in 100ms (compile: 7ms, render: 93ms)
 PUT /api/user/state/public?client_id=48e835cc-f914-4a99-8985-068ab4ecc5a9 200 in 88ms (compile: 6ms, render: 82ms)
 PUT /api/user/state/public?client_id=48e835cc-f914-4a99-8985-068ab4ecc5a9 200 in 101ms (compile: 6ms, render: 94ms)
 PUT /api/user/state/public?client_id=48e835cc-f914-4a99-8985-068ab4ecc5a9 200 in 98ms (compile: 7ms, render: 92ms)
 PUT /api/user/state/public?client_id=48e835cc-f914-4a99-8985-068ab4ecc5a9 200 in 92ms (compile: 7ms, render: 85ms)
 PUT /api/user/state/public?client_id=48e835cc-f914-4a99-8985-068ab4ecc5a9 200 in 96ms (compile: 7ms, render: 89ms)
 PUT /api/user/state/public?client_id=48e835cc-f914-4a99-8985-068ab4ecc5a9 200 in 94ms (compile: 7ms, render: 88ms)
 PUT /api/user/state/public?client_id=48e835cc-f914-4a99-8985-068ab4ecc5a9 200 in 93ms (compile: 8ms, render: 85ms)
 PUT /api/user/state/public?client_id=48e835cc-f914-4a99-8985-068ab4ecc5a9 200 in 95ms (compile: 7ms, render: 88ms)
 PUT /api/user/state/public?client_id=48e835cc-f914-4a99-8985-068ab4ecc5a9 200 in 96ms (compile: 7ms, render: 90ms)
 PUT /api/user/state/public?client_id=48e835cc-f914-4a99-8985-068ab4ecc5a9 200 in 87ms (compile: 6ms, render: 81ms)
 PUT /api/user/state/public?client_id=48e835cc-f914-4a99-8985-068ab4ecc5a9 200 in 90ms (compile: 7ms, render: 83ms)
 PUT /api/user/state/public?client_id=48e835cc-f914-4a99-8985-068ab4ecc5a9 200 in 89ms (compile: 7ms, render: 82ms)
 PUT /api/user/state/public?client_id=48e835cc-f914-4a99-8985-068ab4ecc5a9 200 in 93ms (compile: 8ms, render: 85ms)
 PUT /api/user/state/public?client_id=48e835cc-f914-4a99-8985-068ab4ecc5a9 200 in 99ms (compile: 7ms, render: 92ms)
 PUT /api/user/state/public?client_id=48e835cc-f914-4a99-8985-068ab4ecc5a9 200 in 97ms (compile: 7ms, render: 90ms)
 PUT /api/user/state/public?client_id=48e835cc-f914-4a99-8985-068ab4ecc5a9 200 in 90ms (compile: 6ms, render: 84ms)
 PUT /api/user/state/public?client_id=48e835cc-f914-4a99-8985-068ab4ecc5a9 200 in 99ms (compile: 7ms, render: 93ms)
 PUT /api/user/state/public?client_id=48e835cc-f914-4a99-8985-068ab4ecc5a9 200 in 97ms (compile: 6ms, render: 90ms)
 PUT /api/user/state/public?client_id=48e835cc-f914-4a99-8985-068ab4ecc5a9 200 in 91ms (compile: 7ms, render: 84ms)
 PUT /api/user/state/public?client_id=48e835cc-f914-4a99-8985-068ab4ecc5a9 200 in 97ms (compile: 7ms, render: 90ms)
 PUT /api/user/state/public?client_id=48e835cc-f914-4a99-8985-068ab4ecc5a9 200 in 88ms (compile: 6ms, render: 82ms)
 PUT /api/user/state/public?client_id=48e835cc-f914-4a99-8985-068ab4ecc5a9 200 in 142ms (compile: 6ms, render: 136ms)
 PUT /api/user/state/public?client_id=48e835cc-f914-4a99-8985-068ab4ecc5a9 200 in 123ms (compile: 7ms, render: 117ms)
 PUT /api/user/state/public?client_id=48e835cc-f914-4a99-8985-068ab4ecc5a9 200 in 126ms (compile: 8ms, render: 118ms)
 PUT /api/user/state/public?client_id=48e835cc-f914-4a99-8985-068ab4ecc5a9 200 in 125ms (compile: 7ms, render: 119ms)
 PUT /api/user/state/public?client_id=48e835cc-f914-4a99-8985-068ab4ecc5a9 200 in 131ms (compile: 8ms, render: 123ms)
 PUT /api/user/state/public?client_id=48e835cc-f914-4a99-8985-068ab4ecc5a9 200 in 185ms (compile: 7ms, render: 177ms)
 PUT /api/user/state/public?client_id=48e835cc-f914-4a99-8985-068ab4ecc5a9 200 in 126ms (compile: 7ms, render: 119ms)
 PUT /api/user/state/public?client_id=48e835cc-f914-4a99-8985-068ab4ecc5a9 200 in 127ms (compile: 8ms, render: 118ms)
 PUT /api/user/state/public?client_id=48e835cc-f914-4a99-8985-068ab4ecc5a9 200 in 137ms (compile: 6ms, render: 131ms)
 PUT /api/user/state/public?client_id=48e835cc-f914-4a99-8985-068ab4ecc5a9 200 in 134ms (compile: 8ms, render: 126ms)
 PUT /api/user/state/public?client_id=48e835cc-f914-4a99-8985-068ab4ecc5a9 200 in 128ms (compile: 7ms, render: 121ms)
 PUT /api/user/state/public?client_id=48e835cc-f914-4a99-8985-068ab4ecc5a9 200 in 123ms (compile: 7ms, render: 116ms)
 PUT /api/user/state/public?client_id=48e835cc-f914-4a99-8985-068ab4ecc5a9 200 in 123ms (compile: 8ms, render: 115ms)
 PUT /api/user/state/public?client_id=48e835cc-f914-4a99-8985-068ab4ecc5a9 200 in 138ms (compile: 7ms, render: 131ms)
 PUT /api/user/state/public?client_id=48e835cc-f914-4a99-8985-068ab4ecc5a9 200 in 124ms (compile: 6ms, render: 118ms)
 PUT /api/user/state/public?client_id=48e835cc-f914-4a99-8985-068ab4ecc5a9 200 in 130ms (compile: 9ms, render: 121ms)
 PUT /api/user/state/public?client_id=48e835cc-f914-4a99-8985-068ab4ecc5a9 200 in 135ms (compile: 7ms, render: 128ms)
 PUT /api/user/state/public?client_id=48e835cc-f914-4a99-8985-068ab4ecc5a9 200 in 124ms (compile: 7ms, render: 117ms)
 PUT /api/user/state/public?client_id=48e835cc-f914-4a99-8985-068ab4ecc5a9 200 in 127ms (compile: 7ms, render: 120ms)
 PUT /api/user/state/public?client_id=48e835cc-f914-4a99-8985-068ab4ecc5a9 200 in 133ms (compile: 6ms, render: 127ms)
 PUT /api/user/state/public?client_id=48e835cc-f914-4a99-8985-068ab4ecc5a9 200 in 145ms (compile: 7ms, render: 138ms)
 PUT /api/user/state/public?client_id=48e835cc-f914-4a99-8985-068ab4ecc5a9 200 in 153ms (compile: 7ms, render: 146ms)
 PUT /api/user/state/public?client_id=48e835cc-f914-4a99-8985-068ab4ecc5a9 200 in 132ms (compile: 7ms, render: 125ms)
 PUT /api/user/state/public?client_id=48e835cc-f914-4a99-8985-068ab4ecc5a9 200 in 125ms (compile: 7ms, render: 118ms)
 PUT /api/user/state/public?client_id=48e835cc-f914-4a99-8985-068ab4ecc5a9 200 in 124ms (compile: 7ms, render: 118ms)
 PUT /api/user/state/public?client_id=48e835cc-f914-4a99-8985-068ab4ecc5a9 200 in 137ms (compile: 7ms, render: 130ms)
 PUT /api/user/state/public?client_id=48e835cc-f914-4a99-8985-068ab4ecc5a9 200 in 140ms (compile: 8ms, render: 132ms)
 PUT /api/user/state/public?client_id=48e835cc-f914-4a99-8985-068ab4ecc5a9 200 in 124ms (compile: 7ms, render: 118ms)
 PUT /api/user/state/public?client_id=48e835cc-f914-4a99-8985-068ab4ecc5a9 200 in 130ms (compile: 7ms, render: 123ms)
 PUT /api/user/state/public?client_id=48e835cc-f914-4a99-8985-068ab4ecc5a9 200 in 147ms (compile: 7ms, render: 140ms)
 PUT /api/user/state/public?client_id=48e835cc-f914-4a99-8985-068ab4ecc5a9 200 in 124ms (compile: 6ms, render: 118ms)
 PUT /api/user/state/public?client_id=48e835cc-f914-4a99-8985-068ab4ecc5a9 200 in 131ms (compile: 7ms, render: 125ms)
 PUT /api/user/state/public?client_id=48e835cc-f914-4a99-8985-068ab4ecc5a9 200 in 133ms (compile: 8ms, render: 125ms)
 PUT /api/user/state/public?client_id=48e835cc-f914-4a99-8985-068ab4ecc5a9 200 in 126ms (compile: 7ms, render: 119ms)
 PUT /api/user/state/public?client_id=48e835cc-f914-4a99-8985-068ab4ecc5a9 200 in 134ms (compile: 7ms, render: 127ms)
 PUT /api/user/state/public?client_id=48e835cc-f914-4a99-8985-068ab4ecc5a9 200 in 131ms (compile: 7ms, render: 124ms)
 PUT /api/user/state/public?client_id=48e835cc-f914-4a99-8985-068ab4ecc5a9 200 in 123ms (compile: 7ms, render: 116ms)
 PUT /api/user/state/public?client_id=48e835cc-f914-4a99-8985-068ab4ecc5a9 200 in 138ms (compile: 7ms, render: 131ms)
 PUT /api/user/state/public?client_id=48e835cc-f914-4a99-8985-068ab4ecc5a9 200 in 129ms (compile: 9ms, render: 120ms)
 PUT /api/user/state/public?client_id=48e835cc-f914-4a99-8985-068ab4ecc5a9 200 in 127ms (compile: 7ms, render: 120ms)
 PUT /api/user/state/public?client_id=48e835cc-f914-4a99-8985-068ab4ecc5a9 200 in 147ms (compile: 7ms, render: 140ms)
 PUT /api/user/state/public?client_id=48e835cc-f914-4a99-8985-068ab4ecc5a9 200 in 130ms (compile: 7ms, render: 123ms)
 PUT /api/user/state/public?client_id=48e835cc-f914-4a99-8985-068ab4ecc5a9 200 in 125ms (compile: 6ms, render: 119ms)
 PUT /api/user/state/public?client_id=48e835cc-f914-4a99-8985-068ab4ecc5a9 200 in 125ms (compile: 7ms, render: 118ms)
 PUT /api/user/state/public?client_id=48e835cc-f914-4a99-8985-068ab4ecc5a9 200 in 132ms (compile: 7ms, render: 125ms)
 PUT /api/user/state/public?client_id=48e835cc-f914-4a99-8985-068ab4ecc5a9 200 in 132ms (compile: 7ms, render: 124ms)
 PUT /api/user/state/public?client_id=48e835cc-f914-4a99-8985-068ab4ecc5a9 200 in 128ms (compile: 6ms, render: 121ms)
 PUT /api/user/state/public?client_id=48e835cc-f914-4a99-8985-068ab4ecc5a9 200 in 133ms (compile: 6ms, render: 126ms)
 PUT /api/user/state/public?client_id=48e835cc-f914-4a99-8985-068ab4ecc5a9 200 in 125ms (compile: 7ms, render: 118ms)
 PUT /api/user/state/public?client_id=48e835cc-f914-4a99-8985-068ab4ecc5a9 200 in 125ms (compile: 7ms, render: 118ms)
 PUT /api/user/state/public?client_id=48e835cc-f914-4a99-8985-068ab4ecc5a9 200 in 126ms (compile: 6ms, render: 120ms)
 PUT /api/user/state/public?client_id=48e835cc-f914-4a99-8985-068ab4ecc5a9 200 in 132ms (compile: 6ms, render: 125ms)
 PUT /api/user/state/public?client_id=48e835cc-f914-4a99-8985-068ab4ecc5a9 200 in 127ms (compile: 7ms, render: 120ms)
 PUT /api/user/state/public?client_id=48e835cc-f914-4a99-8985-068ab4ecc5a9 200 in 134ms (compile: 7ms, render: 127ms)
 PUT /api/user/state/public?client_id=48e835cc-f914-4a99-8985-068ab4ecc5a9 200 in 125ms (compile: 6ms, render: 118ms)
 PUT /api/user/state/public?client_id=48e835cc-f914-4a99-8985-068ab4ecc5a9 200 in 90ms (compile: 6ms, render: 84ms)
 PUT /api/user/state/public?client_id=48e835cc-f914-4a99-8985-068ab4ecc5a9 200 in 110ms (compile: 7ms, render: 103ms)
 PUT /api/user/state/public?client_id=48e835cc-f914-4a99-8985-068ab4ecc5a9 200 in 92ms (compile: 7ms, render: 85ms)
 PUT /api/user/state/public?client_id=48e835cc-f914-4a99-8985-068ab4ecc5a9 200 in 89ms (compile: 7ms, render: 82ms)
 PUT /api/user/state/public?client_id=48e835cc-f914-4a99-8985-068ab4ecc5a9 200 in 90ms (compile: 8ms, render: 82ms)
 PUT /api/user/state/public?client_id=48e835cc-f914-4a99-8985-068ab4ecc5a9 200 in 92ms (compile: 7ms, render: 86ms)
 PUT /api/user/state/public?client_id=48e835cc-f914-4a99-8985-068ab4ecc5a9 200 in 97ms (compile: 6ms, render: 91ms)
 PUT /api/user/state/public?client_id=48e835cc-f914-4a99-8985-068ab4ecc5a9 200 in 91ms (compile: 6ms, render: 84ms)
 PUT /api/user/state/public?client_id=48e835cc-f914-4a99-8985-068ab4ecc5a9 200 in 88ms (compile: 8ms, render: 80ms)
 PUT /api/user/state/public?client_id=48e835cc-f914-4a99-8985-068ab4ecc5a9 200 in 102ms (compile: 7ms, render: 94ms)
 PUT /api/user/state/public?client_id=48e835cc-f914-4a99-8985-068ab4ecc5a9 200 in 114ms (compile: 6ms, render: 108ms)
 PUT /api/user/state/public?client_id=48e835cc-f914-4a99-8985-068ab4ecc5a9 200 in 86ms (compile: 7ms, render: 79ms)
 PUT /api/user/state/public?client_id=48e835cc-f914-4a99-8985-068ab4ecc5a9 200 in 93ms (compile: 7ms, render: 86ms)
 PUT /api/user/state/public?client_id=48e835cc-f914-4a99-8985-068ab4ecc5a9 200 in 101ms (compile: 6ms, render: 94ms)
 PUT /api/user/state/public?client_id=48e835cc-f914-4a99-8985-068ab4ecc5a9 200 in 89ms (compile: 7ms, render: 82ms)
 PUT /api/user/state/public?client_id=48e835cc-f914-4a99-8985-068ab4ecc5a9 200 in 92ms (compile: 6ms, render: 85ms)
 PUT /api/user/state/public?client_id=48e835cc-f914-4a99-8985-068ab4ecc5a9 200 in 90ms (compile: 8ms, render: 82ms)
 PUT /api/user/state/public?client_id=48e835cc-f914-4a99-8985-068ab4ecc5a9 200 in 92ms (compile: 8ms, render: 84ms)
 PUT /api/user/state/public?client_id=48e835cc-f914-4a99-8985-068ab4ecc5a9 200 in 91ms (compile: 7ms, render: 84ms)
 PUT /api/user/state/public?client_id=48e835cc-f914-4a99-8985-068ab4ecc5a9 200 in 91ms (compile: 7ms, render: 84ms)
 PUT /api/user/state/public?client_id=48e835cc-f914-4a99-8985-068ab4ecc5a9 200 in 103ms (compile: 8ms, render: 96ms)
 PUT /api/user/state/public?client_id=48e835cc-f914-4a99-8985-068ab4ecc5a9 200 in 118ms (compile: 7ms, render: 111ms)
 PUT /api/user/state/public?client_id=48e835cc-f914-4a99-8985-068ab4ecc5a9 200 in 89ms (compile: 7ms, render: 82ms)
 PUT /api/user/state/public?client_id=48e835cc-f914-4a99-8985-068ab4ecc5a9 200 in 91ms (compile: 7ms, render: 84ms)
 PUT /api/user/state/public?client_id=48e835cc-f914-4a99-8985-068ab4ecc5a9 200 in 98ms (compile: 7ms, render: 92ms)
 PUT /api/user/state/public?client_id=48e835cc-f914-4a99-8985-068ab4ecc5a9 200 in 90ms (compile: 6ms, render: 84ms)
 PUT /api/user/state/public?client_id=48e835cc-f914-4a99-8985-068ab4ecc5a9 200 in 90ms (compile: 7ms, render: 83ms)
 PUT /api/user/state/public?client_id=48e835cc-f914-4a99-8985-068ab4ecc5a9 200 in 98ms (compile: 7ms, render: 92ms)
 PUT /api/user/state/public?client_id=48e835cc-f914-4a99-8985-068ab4ecc5a9 200 in 100ms (compile: 7ms, render: 93ms)
 PUT /api/user/state/public?client_id=48e835cc-f914-4a99-8985-068ab4ecc5a9 200 in 89ms (compile: 6ms, render: 83ms)
 PUT /api/user/state/public?client_id=48e835cc-f914-4a99-8985-068ab4ecc5a9 200 in 98ms (compile: 7ms, render: 91ms)
 PUT /api/user/state/public?client_id=48e835cc-f914-4a99-8985-068ab4ecc5a9 200 in 97ms (compile: 9ms, render: 87ms)
 PUT /api/user/state/public?client_id=48e835cc-f914-4a99-8985-068ab4ecc5a9 200 in 94ms (compile: 7ms, render: 87ms)
 PUT /api/user/state/public?client_id=48e835cc-f914-4a99-8985-068ab4ecc5a9 200 in 94ms (compile: 7ms, render: 86ms)
 PUT /api/user/state/public?client_id=48e835cc-f914-4a99-8985-068ab4ecc5a9 200 in 93ms (compile: 7ms, render: 87ms)
 PUT /api/user/state/public?client_id=48e835cc-f914-4a99-8985-068ab4ecc5a9 200 in 93ms (compile: 6ms, render: 86ms)
 PUT /api/user/state/public?client_id=48e835cc-f914-4a99-8985-068ab4ecc5a9 200 in 89ms (compile: 7ms, render: 82ms)
 PUT /api/user/state/public?client_id=48e835cc-f914-4a99-8985-068ab4ecc5a9 200 in 94ms (compile: 6ms, render: 88ms)
 PUT /api/user/state/public?client_id=48e835cc-f914-4a99-8985-068ab4ecc5a9 200 in 86ms (compile: 7ms, render: 79ms)
 PUT /api/user/state/public?client_id=48e835cc-f914-4a99-8985-068ab4ecc5a9 200 in 86ms (compile: 7ms, render: 79ms)
 PUT /api/user/state/public?client_id=48e835cc-f914-4a99-8985-068ab4ecc5a9 200 in 94ms (compile: 7ms, render: 87ms)
 PUT /api/user/state/public?client_id=48e835cc-f914-4a99-8985-068ab4ecc5a9 200 in 123ms (compile: 7ms, render: 116ms)
 PUT /api/user/state/public?client_id=48e835cc-f914-4a99-8985-068ab4ecc5a9 200 in 89ms (compile: 7ms, render: 82ms)
 PUT /api/user/state/public?client_id=48e835cc-f914-4a99-8985-068ab4ecc5a9 200 in 94ms (compile: 6ms, render: 87ms)
 PUT /api/user/state/public?client_id=48e835cc-f914-4a99-8985-068ab4ecc5a9 200 in 96ms (compile: 6ms, render: 89ms)
 PUT /api/user/state/public?client_id=48e835cc-f914-4a99-8985-068ab4ecc5a9 200 in 91ms (compile: 7ms, render: 84ms)
 PUT /api/user/state/public?client_id=48e835cc-f914-4a99-8985-068ab4ecc5a9 200 in 104ms (compile: 6ms, render: 97ms)
 PUT /api/user/state/public?client_id=48e835cc-f914-4a99-8985-068ab4ecc5a9 200 in 99ms (compile: 7ms, render: 92ms)
 PUT /api/user/state/public?client_id=48e835cc-f914-4a99-8985-068ab4ecc5a9 200 in 99ms (compile: 7ms, render: 92ms)
 PUT /api/user/state/public?client_id=48e835cc-f914-4a99-8985-068ab4ecc5a9 200 in 91ms (compile: 7ms, render: 83ms)
 PUT /api/user/state/public?client_id=48e835cc-f914-4a99-8985-068ab4ecc5a9 200 in 99ms (compile: 8ms, render: 91ms)
 PUT /api/user/state/public?client_id=48e835cc-f914-4a99-8985-068ab4ecc5a9 200 in 101ms (compile: 10ms, render: 92ms)
 PUT /api/user/state/public?client_id=48e835cc-f914-4a99-8985-068ab4ecc5a9 200 in 108ms (compile: 7ms, render: 101ms)
 PUT /api/user/state/public?client_id=48e835cc-f914-4a99-8985-068ab4ecc5a9 200 in 119ms (compile: 6ms, render: 112ms)
 PUT /api/user/state/public?client_id=48e835cc-f914-4a99-8985-068ab4ecc5a9 200 in 103ms (compile: 8ms, render: 96ms)
 PUT /api/user/state/public?client_id=48e835cc-f914-4a99-8985-068ab4ecc5a9 200 in 126ms (compile: 7ms, render: 120ms)
 PUT /api/user/state/public?client_id=48e835cc-f914-4a99-8985-068ab4ecc5a9 200 in 89ms (compile: 7ms, render: 82ms)
 PUT /api/user/state/public?client_id=48e835cc-f914-4a99-8985-068ab4ecc5a9 200 in 109ms (compile: 7ms, render: 102ms)
 PUT /api/user/state/public?client_id=48e835cc-f914-4a99-8985-068ab4ecc5a9 200 in 93ms (compile: 8ms, render: 84ms)
 PUT /api/user/state/public?client_id=48e835cc-f914-4a99-8985-068ab4ecc5a9 200 in 90ms (compile: 7ms, render: 83ms)
 PUT /api/user/state/public?client_id=48e835cc-f914-4a99-8985-068ab4ecc5a9 200 in 98ms (compile: 8ms, render: 90ms)
 PUT /api/user/state/public?client_id=48e835cc-f914-4a99-8985-068ab4ecc5a9 200 in 85ms (compile: 7ms, render: 78ms)
 PUT /api/user/state/public?client_id=48e835cc-f914-4a99-8985-068ab4ecc5a9 200 in 91ms (compile: 7ms, render: 84ms)
 PUT /api/user/state/public?client_id=48e835cc-f914-4a99-8985-068ab4ecc5a9 200 in 87ms (compile: 7ms, render: 80ms)
 PUT /api/user/state/public?client_id=48e835cc-f914-4a99-8985-068ab4ecc5a9 200 in 95ms (compile: 8ms, render: 87ms)
 PUT /api/user/state/public?client_id=48e835cc-f914-4a99-8985-068ab4ecc5a9 200 in 90ms (compile: 7ms, render: 82ms)
 PUT /api/user/state/public?client_id=48e835cc-f914-4a99-8985-068ab4ecc5a9 200 in 91ms (compile: 7ms, render: 84ms)
 PUT /api/user/state/public?client_id=48e835cc-f914-4a99-8985-068ab4ecc5a9 200 in 99ms (compile: 7ms, render: 92ms)
 PUT /api/user/state/public?client_id=48e835cc-f914-4a99-8985-068ab4ecc5a9 200 in 116ms (compile: 6ms, render: 110ms)
 PUT /api/user/state/public?client_id=48e835cc-f914-4a99-8985-068ab4ecc5a9 200 in 100ms (compile: 7ms, render: 93ms)
 PUT /api/user/state/public?client_id=48e835cc-f914-4a99-8985-068ab4ecc5a9 200 in 107ms (compile: 9ms, render: 99ms)
 PUT /api/user/state/public?client_id=48e835cc-f914-4a99-8985-068ab4ecc5a9 200 in 104ms (compile: 6ms, render: 97ms)
 PUT /api/user/state/public?client_id=48e835cc-f914-4a99-8985-068ab4ecc5a9 200 in 92ms (compile: 7ms, render: 85ms)
 PUT /api/user/state/public?client_id=48e835cc-f914-4a99-8985-068ab4ecc5a9 200 in 112ms (compile: 8ms, render: 105ms)
 PUT /api/user/state/public?client_id=48e835cc-f914-4a99-8985-068ab4ecc5a9 200 in 94ms (compile: 7ms, render: 87ms)
 PUT /api/user/state/public?client_id=48e835cc-f914-4a99-8985-068ab4ecc5a9 200 in 93ms (compile: 7ms, render: 86ms)
 PUT /api/user/state/public?client_id=48e835cc-f914-4a99-8985-068ab4ecc5a9 200 in 146ms (compile: 23ms, render: 123ms)
 PUT /api/user/state/public?client_id=48e835cc-f914-4a99-8985-068ab4ecc5a9 200 in 130ms (compile: 17ms, render: 114ms)
 GET /en 200 in 2.3s (compile: 1967ms, proxy.ts: 9ms, render: 306ms)
 GET /manifest.webmanifest 200 in 28ms (compile: 13ms, render: 15ms)
 GET /brand/grid.svg 404 in 527ms (compile: 417ms, render: 111ms)
 GET /en/chart 200 in 199ms (compile: 42ms, proxy.ts: 23ms, render: 134ms)
 GET /api/auth/google-config 200 in 43ms (compile: 22ms, render: 21ms)
 GET /api/auth/google-config 200 in 18ms (compile: 5ms, render: 12ms)
 GET /manifest.webmanifest 200 in 115ms (compile: 103ms, render: 11ms)
 GET /api/user/state/public?client_id=7b5ed7d6-2bbe-4d28-a721-72caa42b0147 200 in 522ms (compile: 27ms, render: 495ms)
 GET /vi/chart 200 in 302ms (compile: 31ms, proxy.ts: 15ms, render: 255ms)
 GET /manifest.webmanifest 200 in 8ms (compile: 4ms, render: 5ms)
 GET /api/auth/google-config 200 in 5ms (compile: 1836µs, render: 3ms)
 GET /api/user/state/public?client_id=7b5ed7d6-2bbe-4d28-a721-72caa42b0147 200 in 142ms (compile: 8ms, render: 134ms)
 PUT /api/user/state/public?client_id=7b5ed7d6-2bbe-4d28-a721-72caa42b0147 200 in 183ms (compile: 16ms, render: 167ms)
 PATCH /api/user/trade-logs/public 404 in 104ms (compile: 22ms, render: 81ms)
 POST /api/telegram/signal 200 in 872ms (compile: 12ms, render: 860ms)
 PUT /api/user/state/public?client_id=7b5ed7d6-2bbe-4d28-a721-72caa42b0147 200 in 147ms (compile: 23ms, render: 124ms)
 PUT /api/user/state/public?client_id=7b5ed7d6-2bbe-4d28-a721-72caa42b0147 200 in 121ms (compile: 18ms, render: 103ms)
 PUT /api/user/state/public?client_id=7b5ed7d6-2bbe-4d28-a721-72caa42b0147 200 in 117ms (compile: 15ms, render: 102ms)
 PATCH /api/user/trade-logs/public 404 in 73ms (compile: 18ms, render: 54ms)
 POST /api/telegram/signal 200 in 880ms (compile: 5ms, render: 876ms)
 PUT /api/user/state/public?client_id=7b5ed7d6-2bbe-4d28-a721-72caa42b0147 200 in 415ms (compile: 36ms, render: 379ms)
 PUT /api/user/state/public?client_id=7b5ed7d6-2bbe-4d28-a721-72caa42b0147 200 in 128ms (compile: 7ms, render: 121ms)
 PUT /api/user/state/public?client_id=7b5ed7d6-2bbe-4d28-a721-72caa42b0147 200 in 130ms (compile: 18ms, render: 113ms)
 PUT /api/user/state/public?client_id=7b5ed7d6-2bbe-4d28-a721-72caa42b0147 200 in 108ms (compile: 14ms, render: 94ms)
 PUT /api/user/state/public?client_id=7b5ed7d6-2bbe-4d28-a721-72caa42b0147 200 in 117ms (compile: 15ms, render: 102ms)
 PUT /api/user/state/public?client_id=7b5ed7d6-2bbe-4d28-a721-72caa42b0147 200 in 117ms (compile: 15ms, render: 102ms)
 PUT /api/user/state/public?client_id=7b5ed7d6-2bbe-4d28-a721-72caa42b0147 200 in 113ms (compile: 15ms, render: 98ms)
 GET /api/user/trade-stats/public?strategy_id=hull-ha-gold-scalper 200 in 142ms (compile: 11ms, render: 132ms)
 POST /api/ai/bridge/task 401 in 19ms (compile: 2ms, render: 17ms)
 POST /api/user/trade-logs/public 201 in 65ms (compile: 3ms, render: 62ms)
 POST /api/telegram/signal 200 in 886ms (compile: 6ms, render: 879ms)
 PUT /api/user/state/public?client_id=7b5ed7d6-2bbe-4d28-a721-72caa42b0147 200 in 117ms (compile: 18ms, render: 100ms)
 PUT /api/user/state/public?client_id=7b5ed7d6-2bbe-4d28-a721-72caa42b0147 200 in 98ms (compile: 9ms, render: 89ms)
 PUT /api/user/state/public?client_id=7b5ed7d6-2bbe-4d28-a721-72caa42b0147 200 in 103ms (compile: 12ms, render: 91ms)
 PUT /api/user/state/public?client_id=7b5ed7d6-2bbe-4d28-a721-72caa42b0147 200 in 118ms (compile: 18ms, render: 100ms)
 PUT /api/user/state/public?client_id=7b5ed7d6-2bbe-4d28-a721-72caa42b0147 200 in 124ms (compile: 15ms, render: 109ms)
 PUT /api/user/state/public?client_id=7b5ed7d6-2bbe-4d28-a721-72caa42b0147 200 in 102ms (compile: 10ms, render: 91ms)
 PUT /api/user/state/public?client_id=7b5ed7d6-2bbe-4d28-a721-72caa42b0147 200 in 114ms (compile: 13ms, render: 101ms)
 PUT /api/user/state/public?client_id=7b5ed7d6-2bbe-4d28-a721-72caa42b0147 200 in 111ms (compile: 12ms, render: 99ms)
 PUT /api/user/state/public?client_id=7b5ed7d6-2bbe-4d28-a721-72caa42b0147 200 in 118ms (compile: 14ms, render: 105ms)
 GET /api/user/trade-stats/public?strategy_id=hull-ha-gold-scalper 200 in 98ms (compile: 15ms, render: 83ms)
 POST /api/ai/bridge/task 401 in 17ms (compile: 4ms, render: 13ms)
 POST /api/user/trade-logs/public 201 in 52ms (compile: 6ms, render: 46ms)
 POST /api/telegram/signal 200 in 921ms (compile: 5ms, render: 916ms)
 PUT /api/user/state/public?client_id=7b5ed7d6-2bbe-4d28-a721-72caa42b0147 200 in 109ms (compile: 13ms, render: 96ms)
 PUT /api/user/state/public?client_id=7b5ed7d6-2bbe-4d28-a721-72caa42b0147 200 in 130ms (compile: 13ms, render: 117ms)
 PUT /api/user/state/public?client_id=7b5ed7d6-2bbe-4d28-a721-72caa42b0147 200 in 112ms (compile: 12ms, render: 100ms)
 PUT /api/user/state/public?client_id=7b5ed7d6-2bbe-4d28-a721-72caa42b0147 200 in 104ms (compile: 10ms, render: 94ms)
 PUT /api/user/state/public?client_id=7b5ed7d6-2bbe-4d28-a721-72caa42b0147 200 in 116ms (compile: 12ms, render: 104ms)
 PUT /api/user/state/public?client_id=7b5ed7d6-2bbe-4d28-a721-72caa42b0147 200 in 111ms (compile: 15ms, render: 95ms)
 PUT /api/user/state/public?client_id=7b5ed7d6-2bbe-4d28-a721-72caa42b0147 200 in 129ms (compile: 13ms, render: 116ms)
 PUT /api/user/state/public?client_id=7b5ed7d6-2bbe-4d28-a721-72caa42b0147 200 in 534ms (compile: 320ms, render: 215ms)
 PUT /api/user/state/public?client_id=7b5ed7d6-2bbe-4d28-a721-72caa42b0147 200 in 98ms (compile: 1817µs, render: 96ms)
 PUT /api/user/state/public?client_id=7b5ed7d6-2bbe-4d28-a721-72caa42b0147 200 in 112ms (compile: 11ms, render: 100ms)
 PUT /api/user/state/public?client_id=7b5ed7d6-2bbe-4d28-a721-72caa42b0147 200 in 99ms (compile: 9ms, render: 90ms)
 PUT /api/user/state/public?client_id=7b5ed7d6-2bbe-4d28-a721-72caa42b0147 200 in 109ms (compile: 11ms, render: 98ms)
 PUT /api/user/state/public?client_id=7b5ed7d6-2bbe-4d28-a721-72caa42b0147 200 in 112ms (compile: 18ms, render: 94ms)
 PATCH /api/user/trade-logs/public 200 in 116ms (compile: 14ms, render: 102ms)
 POST /api/telegram/signal 200 in 869ms (compile: 18ms, render: 851ms)
 PUT /api/user/state/public?client_id=7b5ed7d6-2bbe-4d28-a721-72caa42b0147 200 in 104ms (compile: 12ms, render: 92ms)
 PATCH /api/user/trade-logs/public 200 in 100ms (compile: 16ms, render: 85ms)
 PUT /api/user/state/public?client_id=7b5ed7d6-2bbe-4d28-a721-72caa42b0147 200 in 116ms (compile: 10ms, render: 106ms)
 POST /api/telegram/signal 200 in 6.3s (compile: 5ms, render: 6.3s)
 PATCH /api/user/trade-logs/public 404 in 61ms (compile: 14ms, render: 47ms)
 POST /api/telegram/signal 200 in 835ms (compile: 4ms, render: 831ms)
 PUT /api/user/state/public?client_id=7b5ed7d6-2bbe-4d28-a721-72caa42b0147 200 in 112ms (compile: 12ms, render: 100ms)
 PATCH /api/user/trade-logs/public 404 in 63ms (compile: 15ms, render: 48ms)
 POST /api/telegram/signal 200 in 832ms (compile: 3ms, render: 830ms)
 PUT /api/user/state/public?client_id=7b5ed7d6-2bbe-4d28-a721-72caa42b0147 200 in 109ms (compile: 11ms, render: 98ms)
 PATCH /api/user/trade-logs/public 404 in 63ms (compile: 15ms, render: 48ms)
 POST /api/telegram/signal 200 in 775ms (compile: 4ms, render: 771ms)
 PUT /api/user/state/public?client_id=7b5ed7d6-2bbe-4d28-a721-72caa42b0147 200 in 108ms (compile: 12ms, render: 96ms)
 PUT /api/user/state/public?client_id=7b5ed7d6-2bbe-4d28-a721-72caa42b0147 200 in 97ms (compile: 12ms, render: 86ms)
 PATCH /api/user/trade-logs/public 404 in 61ms (compile: 15ms, render: 46ms)
 POST /api/telegram/signal 200 in 936ms (compile: 5ms, render: 931ms)
 PUT /api/user/state/public?client_id=7b5ed7d6-2bbe-4d28-a721-72caa42b0147 200 in 140ms (compile: 16ms, render: 124ms)
 PUT /api/user/state/public?client_id=7b5ed7d6-2bbe-4d28-a721-72caa42b0147 200 in 95ms (compile: 10ms, render: 85ms)
 PATCH /api/user/trade-logs/public 404 in 61ms (compile: 15ms, render: 46ms)
 POST /api/telegram/signal 200 in 849ms (compile: 3ms, render: 846ms)
 PUT /api/user/state/public?client_id=7b5ed7d6-2bbe-4d28-a721-72caa42b0147 200 in 104ms (compile: 11ms, render: 93ms)
 PATCH /api/user/trade-logs/public 404 in 53ms (compile: 14ms, render: 39ms)
 POST /api/telegram/signal 200 in 799ms (compile: 4ms, render: 796ms)
 PUT /api/user/state/public?client_id=7b5ed7d6-2bbe-4d28-a721-72caa42b0147 200 in 97ms (compile: 10ms, render: 88ms)
 PUT /api/user/state/public?client_id=7b5ed7d6-2bbe-4d28-a721-72caa42b0147 200 in 97ms (compile: 9ms, render: 88ms)
 PATCH /api/user/trade-logs/public 404 in 57ms (compile: 13ms, render: 44ms)
 POST /api/telegram/signal 200 in 793ms (compile: 1920µs, render: 792ms)
 PUT /api/user/state/public?client_id=7b5ed7d6-2bbe-4d28-a721-72caa42b0147 200 in 113ms (compile: 11ms, render: 101ms)
 PUT /api/user/state/public?client_id=7b5ed7d6-2bbe-4d28-a721-72caa42b0147 200 in 104ms (compile: 13ms, render: 91ms)
 PUT /api/user/state/public?client_id=7b5ed7d6-2bbe-4d28-a721-72caa42b0147 200 in 108ms (compile: 14ms, render: 94ms)
 PUT /api/user/state/public?client_id=7b5ed7d6-2bbe-4d28-a721-72caa42b0147 200 in 106ms (compile: 13ms, render: 93ms)
 GET /api/user/trade-stats/public?strategy_id=hull-ha-gold-scalper 200 in 98ms (compile: 14ms, render: 84ms)
 POST /api/ai/bridge/task 401 in 13ms (compile: 3ms, render: 10ms)
 POST /api/user/trade-logs/public 201 in 51ms (compile: 2ms, render: 48ms)
 POST /api/telegram/signal 200 in 904ms (compile: 3ms, render: 901ms)
 PUT /api/user/state/public?client_id=7b5ed7d6-2bbe-4d28-a721-72caa42b0147 200 in 112ms (compile: 12ms, render: 100ms)
 PUT /api/user/state/public?client_id=7b5ed7d6-2bbe-4d28-a721-72caa42b0147 200 in 97ms (compile: 10ms, render: 87ms)
 PUT /api/user/state/public?client_id=7b5ed7d6-2bbe-4d28-a721-72caa42b0147 200 in 107ms (compile: 10ms, render: 97ms)
 PUT /api/user/state/public?client_id=7b5ed7d6-2bbe-4d28-a721-72caa42b0147 200 in 108ms (compile: 11ms, render: 97ms)
 PUT /api/user/state/public?client_id=7b5ed7d6-2bbe-4d28-a721-72caa42b0147 200 in 112ms (compile: 11ms, render: 100ms)
 PUT /api/user/state/public?client_id=7b5ed7d6-2bbe-4d28-a721-72caa42b0147 200 in 108ms (compile: 10ms, render: 98ms)
 PUT /api/user/state/public?client_id=7b5ed7d6-2bbe-4d28-a721-72caa42b0147 200 in 96ms (compile: 10ms, render: 87ms)
 PUT /api/user/state/public?client_id=7b5ed7d6-2bbe-4d28-a721-72caa42b0147 200 in 97ms (compile: 9ms, render: 87ms)
 PATCH /api/user/trade-logs/public 200 in 97ms (compile: 18ms, render: 80ms)
 POST /api/telegram/signal 200 in 848ms (compile: 3ms, render: 844ms)
 PUT /api/user/state/public?client_id=7b5ed7d6-2bbe-4d28-a721-72caa42b0147 200 in 107ms (compile: 13ms, render: 93ms)
 PUT /api/user/state/public?client_id=7b5ed7d6-2bbe-4d28-a721-72caa42b0147 200 in 105ms (compile: 11ms, render: 94ms)
 PUT /api/user/state/public?client_id=7b5ed7d6-2bbe-4d28-a721-72caa42b0147 200 in 127ms (compile: 11ms, render: 116ms)
 PUT /api/user/state/public?client_id=7b5ed7d6-2bbe-4d28-a721-72caa42b0147 200 in 98ms (compile: 8ms, render: 90ms)
 PUT /api/user/state/public?client_id=7b5ed7d6-2bbe-4d28-a721-72caa42b0147 200 in 109ms (compile: 14ms, render: 95ms)
 GET /api/user/trade-stats/public?strategy_id=hull-ha-gold-scalper 200 in 90ms (compile: 12ms, render: 78ms)
 POST /api/ai/bridge/task 401 in 13ms (compile: 4ms, render: 10ms)
 POST /api/user/trade-logs/public 201 in 50ms (compile: 3ms, render: 47ms)
 POST /api/telegram/signal 200 in 857ms (compile: 2ms, render: 855ms)
 PUT /api/user/state/public?client_id=7b5ed7d6-2bbe-4d28-a721-72caa42b0147 200 in 105ms (compile: 11ms, render: 94ms)
 PUT /api/user/state/public?client_id=7b5ed7d6-2bbe-4d28-a721-72caa42b0147 200 in 98ms (compile: 9ms, render: 89ms)
 PUT /api/user/state/public?client_id=7b5ed7d6-2bbe-4d28-a721-72caa42b0147 200 in 109ms (compile: 14ms, render: 95ms)
 GET /api/user/trade-stats/public?strategy_id=hull-ha-gold-scalper 200 in 99ms (compile: 13ms, render: 87ms)
 POST /api/ai/bridge/task 401 in 15ms (compile: 3ms, render: 12ms)
 POST /api/user/trade-logs/public 201 in 55ms (compile: 4ms, render: 51ms)
 POST /api/telegram/signal 200 in 1101ms (compile: 3ms, render: 1098ms)
 PUT /api/user/state/public?client_id=7b5ed7d6-2bbe-4d28-a721-72caa42b0147 200 in 97ms (compile: 8ms, render: 89ms)
 PUT /api/user/state/public?client_id=7b5ed7d6-2bbe-4d28-a721-72caa42b0147 200 in 104ms (compile: 9ms, render: 95ms)
 PUT /api/user/state/public?client_id=7b5ed7d6-2bbe-4d28-a721-72caa42b0147 200 in 111ms (compile: 12ms, render: 100ms)
 PUT /api/user/state/public?client_id=7b5ed7d6-2bbe-4d28-a721-72caa42b0147 200 in 104ms (compile: 10ms, render: 94ms)
 PUT /api/user/state/public?client_id=7b5ed7d6-2bbe-4d28-a721-72caa42b0147 200 in 109ms (compile: 16ms, render: 93ms)
 PUT /api/user/state/public?client_id=7b5ed7d6-2bbe-4d28-a721-72caa42b0147 200 in 121ms (compile: 15ms, render: 106ms)
 PUT /api/user/state/public?client_id=7b5ed7d6-2bbe-4d28-a721-72caa42b0147 200 in 105ms (compile: 10ms, render: 95ms)
 PUT /api/user/state/public?client_id=7b5ed7d6-2bbe-4d28-a721-72caa42b0147 200 in 103ms (compile: 9ms, render: 94ms)
 PUT /api/user/state/public?client_id=7b5ed7d6-2bbe-4d28-a721-72caa42b0147 200 in 139ms (compile: 16ms, render: 123ms)
 PUT /api/user/state/public?client_id=7b5ed7d6-2bbe-4d28-a721-72caa42b0147 200 in 102ms (compile: 11ms, render: 91ms)
✓ Compiled in 981ms
 GET /vi/chart 200 in 519ms (compile: 126ms, proxy.ts: 35ms, render: 358ms)
 GET /manifest.webmanifest 200 in 58ms (compile: 26ms, render: 31ms)
 GET /api/auth/google-config 200 in 43ms (compile: 14ms, render: 29ms)
 GET /api/user/state/public?client_id=7b5ed7d6-2bbe-4d28-a721-72caa42b0147 200 in 198ms (compile: 78ms, render: 119ms)
✓ Compiled in 518ms
 GET /vi/chart 200 in 367ms (compile: 38ms, proxy.ts: 11ms, render: 319ms)
 GET /manifest.webmanifest 200 in 37ms (compile: 24ms, render: 12ms)
 GET /api/auth/google-config 200 in 13ms (compile: 5ms, render: 8ms)
 GET /api/user/state/public?client_id=7b5ed7d6-2bbe-4d28-a721-72caa42b0147 200 in 143ms (compile: 19ms, render: 125ms)
 PUT /api/user/state/public?client_id=7b5ed7d6-2bbe-4d28-a721-72caa42b0147 200 in 126ms (compile: 13ms, render: 114ms)
 PUT /api/user/state/public?client_id=7b5ed7d6-2bbe-4d28-a721-72caa42b0147 200 in 179ms (compile: 14ms, render: 165ms)
 PUT /api/user/state/public?client_id=7b5ed7d6-2bbe-4d28-a721-72caa42b0147 200 in 105ms (compile: 13ms, render: 92ms)
 PUT /api/user/state/public?client_id=7b5ed7d6-2bbe-4d28-a721-72caa42b0147 200 in 97ms (compile: 13ms, render: 85ms)
 PUT /api/user/state/public?client_id=7b5ed7d6-2bbe-4d28-a721-72caa42b0147 200 in 118ms (compile: 14ms, render: 105ms)
 PUT /api/user/state/public?client_id=7b5ed7d6-2bbe-4d28-a721-72caa42b0147 200 in 106ms (compile: 14ms, render: 92ms)
 PUT /api/user/state/public?client_id=7b5ed7d6-2bbe-4d28-a721-72caa42b0147 200 in 118ms (compile: 11ms, render: 107ms)
 PUT /api/user/state/public?client_id=7b5ed7d6-2bbe-4d28-a721-72caa42b0147 200 in 106ms (compile: 16ms, render: 90ms)
 PUT /api/user/state/public?client_id=7b5ed7d6-2bbe-4d28-a721-72caa42b0147 200 in 110ms (compile: 17ms, render: 93ms)
 GET /api/user/trade-stats/public?strategy_id=hull-ha-gold-scalper 200 in 98ms (compile: 17ms, render: 81ms)
 POST /api/ai/bridge/task 401 in 14ms (compile: 3ms, render: 11ms)
 POST /api/user/trade-logs/public 201 in 64ms (compile: 5ms, render: 59ms)
 POST /api/telegram/signal 200 in 915ms (compile: 3ms, render: 912ms)
 PUT /api/user/state/public?client_id=7b5ed7d6-2bbe-4d28-a721-72caa42b0147 200 in 110ms (compile: 15ms, render: 95ms)
 PUT /api/user/state/public?client_id=7b5ed7d6-2bbe-4d28-a721-72caa42b0147 200 in 118ms (compile: 15ms, render: 103ms)
 GET /vi/chart 200 in 122ms (compile: 15ms, proxy.ts: 5ms, render: 101ms)
 GET /manifest.webmanifest 200 in 9ms (compile: 5ms, render: 4ms)
 GET /api/auth/google-config 200 in 7ms (compile: 3ms, render: 4ms)
 GET /api/user/state/public?client_id=7b5ed7d6-2bbe-4d28-a721-72caa42b0147 200 in 103ms (compile: 11ms, render: 92ms)
 PUT /api/user/state/public?client_id=7b5ed7d6-2bbe-4d28-a721-72caa42b0147 200 in 101ms (compile: 10ms, render: 91ms)
 PUT /api/user/state/public?client_id=7b5ed7d6-2bbe-4d28-a721-72caa42b0147 200 in 114ms (compile: 13ms, render: 100ms)
 PUT /api/user/state/public?client_id=7b5ed7d6-2bbe-4d28-a721-72caa42b0147 200 in 101ms (compile: 10ms, render: 91ms)
 PUT /api/user/state/public?client_id=7b5ed7d6-2bbe-4d28-a721-72caa42b0147 200 in 110ms (compile: 11ms, render: 99ms)
 PUT /api/user/state/public?client_id=7b5ed7d6-2bbe-4d28-a721-72caa42b0147 200 in 114ms (compile: 14ms, render: 100ms)
 PUT /api/user/state/public?client_id=7b5ed7d6-2bbe-4d28-a721-72caa42b0147 200 in 109ms (compile: 16ms, render: 94ms)
✓ Compiled in 569ms
 GET /vi/chart 200 in 2.4s (compile: 343ms, proxy.ts: 11ms, render: 2.1s)
 GET /manifest.webmanifest 200 in 11ms (compile: 5ms, render: 6ms)
 GET /api/auth/google-config 200 in 8ms (compile: 3ms, render: 5ms)
 GET /api/user/state/public?client_id=7b5ed7d6-2bbe-4d28-a721-72caa42b0147 200 in 106ms (compile: 10ms, render: 96ms)
 PUT /api/user/state/public?client_id=7b5ed7d6-2bbe-4d28-a721-72caa42b0147 200 in 119ms (compile: 18ms, render: 102ms)
 GET /vi/chart 200 in 177ms (compile: 24ms, proxy.ts: 6ms, render: 146ms)
 GET /manifest.webmanifest 200 in 8ms (compile: 4ms, render: 4ms)
 GET /api/auth/google-config 200 in 9ms (compile: 4ms, render: 5ms)
 GET /api/user/state/public?client_id=7b5ed7d6-2bbe-4d28-a721-72caa42b0147 200 in 105ms (compile: 11ms, render: 94ms)
 PUT /api/user/state/public?client_id=7b5ed7d6-2bbe-4d28-a721-72caa42b0147 200 in 110ms (compile: 11ms, render: 99ms)
 PUT /api/user/state/public?client_id=7b5ed7d6-2bbe-4d28-a721-72caa42b0147 200 in 111ms (compile: 12ms, render: 98ms)
 PUT /api/user/state/public?client_id=7b5ed7d6-2bbe-4d28-a721-72caa42b0147 200 in 112ms (compile: 10ms, render: 103ms)
✓ Compiled in 347ms
 GET /vi/chart 200 in 831ms (compile: 224ms, proxy.ts: 14ms, render: 593ms)
 GET /manifest.webmanifest 200 in 11ms (compile: 5ms, render: 6ms)
 GET /api/auth/google-config 200 in 10ms (compile: 1879µs, render: 8ms)
 GET /api/user/state/public?client_id=7b5ed7d6-2bbe-4d28-a721-72caa42b0147 200 in 116ms (compile: 14ms, render: 101ms)
 PUT /api/user/state/public?client_id=7b5ed7d6-2bbe-4d28-a721-72caa42b0147 200 in 100ms (compile: 11ms, render: 90ms)
✓ Compiled in 360ms
 GET /vi/chart 200 in 969ms (compile: 278ms, proxy.ts: 16ms, render: 675ms)
 GET /manifest.webmanifest 200 in 12ms (compile: 6ms, render: 6ms)
 GET /api/auth/google-config 200 in 12ms (compile: 3ms, render: 8ms)
 GET /api/user/state/public?client_id=7b5ed7d6-2bbe-4d28-a721-72caa42b0147 200 in 113ms (compile: 13ms, render: 100ms)
 PUT /api/user/state/public?client_id=7b5ed7d6-2bbe-4d28-a721-72caa42b0147 200 in 123ms (compile: 14ms, render: 109ms)
 PUT /api/user/state/public?client_id=7b5ed7d6-2bbe-4d28-a721-72caa42b0147 200 in 120ms (compile: 16ms, render: 104ms)
 PUT /api/user/state/public?client_id=7b5ed7d6-2bbe-4d28-a721-72caa42b0147 200 in 99ms (compile: 12ms, render: 86ms)
 PUT /api/user/state/public?client_id=7b5ed7d6-2bbe-4d28-a721-72caa42b0147 200 in 114ms (compile: 10ms, render: 103ms)
 PUT /api/user/state/public?client_id=7b5ed7d6-2bbe-4d28-a721-72caa42b0147 200 in 103ms (compile: 11ms, render: 92ms)
 PUT /api/user/state/public?client_id=7b5ed7d6-2bbe-4d28-a721-72caa42b0147 200 in 96ms (compile: 12ms, render: 84ms)
 PUT /api/user/state/public?client_id=7b5ed7d6-2bbe-4d28-a721-72caa42b0147 200 in 126ms (compile: 20ms, render: 107ms)
 PUT /api/user/state/public?client_id=7b5ed7d6-2bbe-4d28-a721-72caa42b0147 200 in 110ms (compile: 11ms, render: 99ms)
✓ Compiled in 429ms
 GET /vi/chart 200 in 370ms (compile: 38ms, proxy.ts: 16ms, render: 317ms)
 GET /manifest.webmanifest 200 in 10ms (compile: 6ms, render: 4ms)
 GET /api/auth/google-config 200 in 6ms (compile: 1824µs, render: 4ms)
 GET /api/user/state/public?client_id=7b5ed7d6-2bbe-4d28-a721-72caa42b0147 200 in 114ms (compile: 16ms, render: 98ms)
 PUT /api/user/state/public?client_id=7b5ed7d6-2bbe-4d28-a721-72caa42b0147 200 in 108ms (compile: 13ms, render: 96ms)
 PUT /api/user/state/public?client_id=7b5ed7d6-2bbe-4d28-a721-72caa42b0147 200 in 299ms (compile: 10ms, render: 289ms)
 PUT /api/user/state/public?client_id=7b5ed7d6-2bbe-4d28-a721-72caa42b0147 200 in 120ms (compile: 13ms, render: 108ms)
 PUT /api/user/state/public?client_id=7b5ed7d6-2bbe-4d28-a721-72caa42b0147 200 in 111ms (compile: 12ms, render: 99ms)
 PUT /api/user/state/public?client_id=7b5ed7d6-2bbe-4d28-a721-72caa42b0147 200 in 98ms (compile: 8ms, render: 89ms)
✓ Compiled in 307ms
 GET /vi/chart 200 in 231ms (compile: 20ms, proxy.ts: 10ms, render: 201ms)
 GET /manifest.webmanifest 200 in 12ms (compile: 8ms, render: 5ms)
 GET /api/auth/google-config 200 in 7ms (compile: 4ms, render: 4ms)
 GET /api/user/state/public?client_id=7b5ed7d6-2bbe-4d28-a721-72caa42b0147 200 in 128ms (compile: 14ms, render: 114ms)
 GET /api/user/trade-stats/public?strategy_id=hull-ha-gold-scalper 200 in 86ms (compile: 13ms, render: 73ms)
 POST /api/ai/bridge/task 401 in 14ms (compile: 3ms, render: 12ms)
 POST /api/user/trade-logs/public 201 in 59ms (compile: 3ms, render: 56ms)
 POST /api/telegram/signal 200 in 849ms (compile: 5ms, render: 843ms)
 PUT /api/user/state/public?client_id=7b5ed7d6-2bbe-4d28-a721-72caa42b0147 200 in 99ms (compile: 10ms, render: 90ms)
 PUT /api/user/state/public?client_id=7b5ed7d6-2bbe-4d28-a721-72caa42b0147 200 in 95ms (compile: 10ms, render: 84ms)
 PUT /api/user/state/public?client_id=7b5ed7d6-2bbe-4d28-a721-72caa42b0147 200 in 102ms (compile: 11ms, render: 91ms)
 PATCH /api/user/trade-logs/public 200 in 92ms (compile: 14ms, render: 78ms)
 POST /api/telegram/signal 200 in 857ms (compile: 3ms, render: 853ms)
 PUT /api/user/state/public?client_id=7b5ed7d6-2bbe-4d28-a721-72caa42b0147 200 in 98ms (compile: 10ms, render: 88ms)
 PATCH /api/user/trade-logs/public 200 in 95ms (compile: 14ms, render: 81ms)
 POST /api/telegram/signal 200 in 804ms (compile: 2ms, render: 802ms)
 PUT /api/user/state/public?client_id=7b5ed7d6-2bbe-4d28-a721-72caa42b0147 200 in 99ms (compile: 9ms, render: 89ms)
 PUT /api/user/state/public?client_id=7b5ed7d6-2bbe-4d28-a721-72caa42b0147 200 in 106ms (compile: 14ms, render: 92ms)
 PUT /api/user/state/public?client_id=7b5ed7d6-2bbe-4d28-a721-72caa42b0147 200 in 116ms (compile: 13ms, render: 103ms)
 PUT /api/user/state/public?client_id=7b5ed7d6-2bbe-4d28-a721-72caa42b0147 200 in 98ms (compile: 9ms, render: 89ms)
 GET /api/user/trade-stats/public?strategy_id=hull-ha-gold-scalper 200 in 99ms (compile: 14ms, render: 85ms)
 POST /api/ai/bridge/task 401 in 17ms (compile: 3ms, render: 14ms)
 POST /api/user/trade-logs/public 201 in 50ms (compile: 3ms, render: 47ms)
 POST /api/telegram/signal 200 in 898ms (compile: 2ms, render: 896ms)
 PUT /api/user/state/public?client_id=7b5ed7d6-2bbe-4d28-a721-72caa42b0147 200 in 102ms (compile: 12ms, render: 91ms)
 PUT /api/user/state/public?client_id=7b5ed7d6-2bbe-4d28-a721-72caa42b0147 200 in 108ms (compile: 13ms, render: 94ms)
 PUT /api/user/state/public?client_id=7b5ed7d6-2bbe-4d28-a721-72caa42b0147 200 in 117ms (compile: 10ms, render: 107ms)
 PUT /api/user/state/public?client_id=7b5ed7d6-2bbe-4d28-a721-72caa42b0147 200 in 99ms (compile: 12ms, render: 88ms)
 PUT /api/user/state/public?client_id=7b5ed7d6-2bbe-4d28-a721-72caa42b0147 200 in 121ms (compile: 11ms, render: 110ms)
 PUT /api/user/state/public?client_id=7b5ed7d6-2bbe-4d28-a721-72caa42b0147 200 in 100ms (compile: 11ms, render: 89ms)
 PUT /api/user/state/public?client_id=7b5ed7d6-2bbe-4d28-a721-72caa42b0147 200 in 97ms (compile: 14ms, render: 83ms)
 PUT /api/user/state/public?client_id=7b5ed7d6-2bbe-4d28-a721-72caa42b0147 200 in 97ms (compile: 11ms, render: 86ms)
 PUT /api/user/state/public?client_id=7b5ed7d6-2bbe-4d28-a721-72caa42b0147 200 in 112ms (compile: 10ms, render: 102ms)
 PUT /api/user/state/public?client_id=7b5ed7d6-2bbe-4d28-a721-72caa42b0147 200 in 110ms (compile: 11ms, render: 98ms)
 PUT /api/user/state/public?client_id=7b5ed7d6-2bbe-4d28-a721-72caa42b0147 200 in 113ms (compile: 13ms, render: 100ms)
 PUT /api/user/state/public?client_id=7b5ed7d6-2bbe-4d28-a721-72caa42b0147 200 in 104ms (compile: 11ms, render: 93ms)
 GET /api/user/trade-stats/public?strategy_id=hull-ha-gold-scalper 200 in 93ms (compile: 15ms, render: 79ms)
 POST /api/ai/bridge/task 401 in 15ms (compile: 3ms, render: 12ms)
 POST /api/user/trade-logs/public 201 in 55ms (compile: 5ms, render: 50ms)
 POST /api/telegram/signal 200 in 843ms (compile: 4ms, render: 840ms)
 PUT /api/user/state/public?client_id=7b5ed7d6-2bbe-4d28-a721-72caa42b0147 200 in 109ms (compile: 18ms, render: 91ms)
 PUT /api/user/state/public?client_id=7b5ed7d6-2bbe-4d28-a721-72caa42b0147 200 in 100ms (compile: 11ms, render: 90ms)
 PATCH /api/user/trade-logs/public 200 in 103ms (compile: 13ms, render: 90ms)
 POST /api/telegram/signal 200 in 936ms (compile: 4ms, render: 932ms)
 PUT /api/user/state/public?client_id=7b5ed7d6-2bbe-4d28-a721-72caa42b0147 200 in 113ms (compile: 12ms, render: 100ms)
 PUT /api/user/state/public?client_id=7b5ed7d6-2bbe-4d28-a721-72caa42b0147 200 in 101ms (compile: 12ms, render: 90ms)
 PUT /api/user/state/public?client_id=7b5ed7d6-2bbe-4d28-a721-72caa42b0147 200 in 100ms (compile: 9ms, render: 91ms)
 PUT /api/user/state/public?client_id=7b5ed7d6-2bbe-4d28-a721-72caa42b0147 200 in 100ms (compile: 10ms, render: 90ms)
 PUT /api/user/state/public?client_id=7b5ed7d6-2bbe-4d28-a721-72caa42b0147 200 in 97ms (compile: 10ms, render: 87ms)
✓ Compiled in 489ms
 GET /vi/chart 200 in 266ms (compile: 30ms, proxy.ts: 15ms, render: 221ms)
 GET /manifest.webmanifest 200 in 29ms (compile: 21ms, render: 8ms)
 GET /api/auth/google-config 200 in 5ms (compile: 2ms, render: 3ms)
 GET /api/user/state/public?client_id=7b5ed7d6-2bbe-4d28-a721-72caa42b0147 200 in 94ms (compile: 12ms, render: 82ms)
✓ Compiled in 775ms
 GET /vi/chart 200 in 234ms (compile: 22ms, proxy.ts: 10ms, render: 202ms)
 GET /manifest.webmanifest 200 in 18ms (compile: 11ms, render: 8ms)
 GET /api/auth/google-config 200 in 5ms (compile: 1821µs, render: 3ms)
 GET /api/user/state/public?client_id=7b5ed7d6-2bbe-4d28-a721-72caa42b0147 200 in 109ms (compile: 16ms, render: 93ms)
 PUT /api/user/state/public?client_id=7b5ed7d6-2bbe-4d28-a721-72caa42b0147 200 in 110ms (compile: 9ms, render: 101ms)
 PUT /api/user/state/public?client_id=7b5ed7d6-2bbe-4d28-a721-72caa42b0147 200 in 109ms (compile: 10ms, render: 99ms)
 PUT /api/user/state/public?client_id=7b5ed7d6-2bbe-4d28-a721-72caa42b0147 200 in 101ms (compile: 10ms, render: 91ms)
 PUT /api/user/state/public?client_id=7b5ed7d6-2bbe-4d28-a721-72caa42b0147 200 in 124ms (compile: 15ms, render: 109ms)
 PUT /api/user/state/public?client_id=7b5ed7d6-2bbe-4d28-a721-72caa42b0147 200 in 110ms (compile: 13ms, render: 97ms)
 PUT /api/user/state/public?client_id=7b5ed7d6-2bbe-4d28-a721-72caa42b0147 200 in 102ms (compile: 9ms, render: 93ms)
 PUT /api/user/state/public?client_id=7b5ed7d6-2bbe-4d28-a721-72caa42b0147 200 in 105ms (compile: 16ms, render: 89ms)
 PUT /api/user/state/public?client_id=7b5ed7d6-2bbe-4d28-a721-72caa42b0147 200 in 101ms (compile: 10ms, render: 92ms)
 PUT /api/user/state/public?client_id=7b5ed7d6-2bbe-4d28-a721-72caa42b0147 200 in 98ms (compile: 12ms, render: 86ms)
 PUT /api/user/state/public?client_id=7b5ed7d6-2bbe-4d28-a721-72caa42b0147 200 in 127ms (compile: 16ms, render: 110ms)
 PUT /api/user/state/public?client_id=7b5ed7d6-2bbe-4d28-a721-72caa42b0147 200 in 98ms (compile: 12ms, render: 87ms)
 PUT /api/user/state/public?client_id=7b5ed7d6-2bbe-4d28-a721-72caa42b0147 200 in 114ms (compile: 12ms, render: 101ms)
 PUT /api/user/state/public?client_id=7b5ed7d6-2bbe-4d28-a721-72caa42b0147 200 in 107ms (compile: 10ms, render: 97ms)
 PUT /api/user/state/public?client_id=7b5ed7d6-2bbe-4d28-a721-72caa42b0147 200 in 111ms (compile: 10ms, render: 100ms)
 PUT /api/user/state/public?client_id=7b5ed7d6-2bbe-4d28-a721-72caa42b0147 200 in 96ms (compile: 13ms, render: 83ms)
 PUT /api/user/state/public?client_id=7b5ed7d6-2bbe-4d28-a721-72caa42b0147 200 in 105ms (compile: 15ms, render: 90ms)
 PUT /api/user/state/public?client_id=7b5ed7d6-2bbe-4d28-a721-72caa42b0147 200 in 125ms (compile: 17ms, render: 108ms)
 PUT /api/user/state/public?client_id=7b5ed7d6-2bbe-4d28-a721-72caa42b0147 200 in 110ms (compile: 11ms, render: 99ms)
 PUT /api/user/state/public?client_id=7b5ed7d6-2bbe-4d28-a721-72caa42b0147 200 in 101ms (compile: 14ms, render: 87ms)
 PUT /api/user/state/public?client_id=7b5ed7d6-2bbe-4d28-a721-72caa42b0147 200 in 109ms (compile: 16ms, render: 94ms)
 PUT /api/user/state/public?client_id=7b5ed7d6-2bbe-4d28-a721-72caa42b0147 200 in 116ms (compile: 15ms, render: 101ms)
 PUT /api/user/state/public?client_id=7b5ed7d6-2bbe-4d28-a721-72caa42b0147 200 in 105ms (compile: 11ms, render: 94ms)
 PUT /api/user/state/public?client_id=7b5ed7d6-2bbe-4d28-a721-72caa42b0147 200 in 111ms (compile: 14ms, render: 97ms)
 PUT /api/user/state/public?client_id=7b5ed7d6-2bbe-4d28-a721-72caa42b0147 200 in 101ms (compile: 11ms, render: 90ms)
 PUT /api/user/state/public?client_id=7b5ed7d6-2bbe-4d28-a721-72caa42b0147 200 in 129ms (compile: 13ms, render: 116ms)
 PUT /api/user/state/public?client_id=7b5ed7d6-2bbe-4d28-a721-72caa42b0147 200 in 138ms (compile: 16ms, render: 122ms)
 PUT /api/user/state/public?client_id=7b5ed7d6-2bbe-4d28-a721-72caa42b0147 200 in 116ms (compile: 16ms, render: 100ms)
 PUT /api/user/state/public?client_id=7b5ed7d6-2bbe-4d28-a721-72caa42b0147 200 in 103ms (compile: 14ms, render: 89ms)
 PUT /api/user/state/public?client_id=7b5ed7d6-2bbe-4d28-a721-72caa42b0147 200 in 96ms (compile: 13ms, render: 83ms)
 PUT /api/user/state/public?client_id=7b5ed7d6-2bbe-4d28-a721-72caa42b0147 200 in 133ms (compile: 16ms, render: 117ms)
 PUT /api/user/state/public?client_id=7b5ed7d6-2bbe-4d28-a721-72caa42b0147 200 in 114ms (compile: 14ms, render: 100ms)
 PUT /api/user/state/public?client_id=7b5ed7d6-2bbe-4d28-a721-72caa42b0147 200 in 111ms (compile: 13ms, render: 97ms)
 PUT /api/user/state/public?client_id=7b5ed7d6-2bbe-4d28-a721-72caa42b0147 200 in 97ms (compile: 11ms, render: 86ms)
 PUT /api/user/state/public?client_id=7b5ed7d6-2bbe-4d28-a721-72caa42b0147 200 in 143ms (compile: 14ms, render: 130ms)
 PUT /api/user/state/public?client_id=7b5ed7d6-2bbe-4d28-a721-72caa42b0147 200 in 140ms (compile: 11ms, render: 129ms)
 PUT /api/user/state/public?client_id=7b5ed7d6-2bbe-4d28-a721-72caa42b0147 200 in 140ms (compile: 11ms, render: 129ms)
 PUT /api/user/state/public?client_id=7b5ed7d6-2bbe-4d28-a721-72caa42b0147 200 in 140ms (compile: 16ms, render: 124ms)
 PUT /api/user/state/public?client_id=7b5ed7d6-2bbe-4d28-a721-72caa42b0147 200 in 149ms (compile: 15ms, render: 134ms)
 PUT /api/user/state/public?client_id=7b5ed7d6-2bbe-4d28-a721-72caa42b0147 200 in 146ms (compile: 18ms, render: 127ms)
 PUT /api/user/state/public?client_id=7b5ed7d6-2bbe-4d28-a721-72caa42b0147 200 in 143ms (compile: 14ms, render: 129ms)
 PUT /api/user/state/public?client_id=7b5ed7d6-2bbe-4d28-a721-72caa42b0147 200 in 143ms (compile: 15ms, render: 128ms)
 PUT /api/user/state/public?client_id=7b5ed7d6-2bbe-4d28-a721-72caa42b0147 200 in 155ms (compile: 10ms, render: 146ms)
 PUT /api/user/state/public?client_id=7b5ed7d6-2bbe-4d28-a721-72caa42b0147 200 in 136ms (compile: 15ms, render: 121ms)
 PUT /api/user/state/public?client_id=7b5ed7d6-2bbe-4d28-a721-72caa42b0147 200 in 130ms (compile: 11ms, render: 119ms)
 PUT /api/user/state/public?client_id=7b5ed7d6-2bbe-4d28-a721-72caa42b0147 200 in 144ms (compile: 13ms, render: 131ms)
 PUT /api/user/state/public?client_id=7b5ed7d6-2bbe-4d28-a721-72caa42b0147 200 in 185ms (compile: 12ms, render: 172ms)
 PUT /api/user/state/public?client_id=7b5ed7d6-2bbe-4d28-a721-72caa42b0147 200 in 97ms (compile: 11ms, render: 86ms)
 PUT /api/user/state/public?client_id=7b5ed7d6-2bbe-4d28-a721-72caa42b0147 200 in 98ms (compile: 12ms, render: 86ms)
 PUT /api/user/state/public?client_id=7b5ed7d6-2bbe-4d28-a721-72caa42b0147 200 in 119ms (compile: 16ms, render: 103ms)
 PUT /api/user/state/public?client_id=7b5ed7d6-2bbe-4d28-a721-72caa42b0147 200 in 105ms (compile: 13ms, render: 92ms)
 PUT /api/user/state/public?client_id=7b5ed7d6-2bbe-4d28-a721-72caa42b0147 200 in 99ms (compile: 14ms, render: 85ms)
 PUT /api/user/state/public?client_id=7b5ed7d6-2bbe-4d28-a721-72caa42b0147 200 in 101ms (compile: 10ms, render: 91ms)
 PUT /api/user/state/public?client_id=7b5ed7d6-2bbe-4d28-a721-72caa42b0147 200 in 113ms (compile: 16ms, render: 98ms)
 PUT /api/user/state/public?client_id=7b5ed7d6-2bbe-4d28-a721-72caa42b0147 200 in 102ms (compile: 12ms, render: 90ms)
 PUT /api/user/state/public?client_id=7b5ed7d6-2bbe-4d28-a721-72caa42b0147 200 in 104ms (compile: 15ms, render: 89ms)
 PUT /api/user/state/public?client_id=7b5ed7d6-2bbe-4d28-a721-72caa42b0147 200 in 112ms (compile: 15ms, render: 97ms)
 PUT /api/user/state/public?client_id=7b5ed7d6-2bbe-4d28-a721-72caa42b0147 200 in 109ms (compile: 12ms, render: 97ms)
 PUT /api/user/state/public?client_id=7b5ed7d6-2bbe-4d28-a721-72caa42b0147 200 in 173ms (compile: 13ms, render: 160ms)
 PUT /api/user/state/public?client_id=7b5ed7d6-2bbe-4d28-a721-72caa42b0147 200 in 105ms (compile: 15ms, render: 90ms)
 PUT /api/user/state/public?client_id=7b5ed7d6-2bbe-4d28-a721-72caa42b0147 200 in 98ms (compile: 13ms, render: 85ms)
 PUT /api/user/state/public?client_id=7b5ed7d6-2bbe-4d28-a721-72caa42b0147 200 in 104ms (compile: 13ms, render: 91ms)
 PUT /api/user/state/public?client_id=7b5ed7d6-2bbe-4d28-a721-72caa42b0147 200 in 130ms (compile: 25ms, render: 105ms)
✓ Compiled in 340ms
 GET /vi/chart 200 in 249ms (compile: 31ms, proxy.ts: 11ms, render: 207ms)
 GET /manifest.webmanifest 200 in 9ms (compile: 4ms, render: 5ms)
 GET /api/auth/google-config 200 in 8ms (compile: 2ms, render: 5ms)
 GET /api/user/state/public?client_id=7b5ed7d6-2bbe-4d28-a721-72caa42b0147 200 in 98ms (compile: 12ms, render: 85ms)
 PUT /api/user/state/public?client_id=7b5ed7d6-2bbe-4d28-a721-72caa42b0147 200 in 105ms (compile: 11ms, render: 93ms)
 PUT /api/user/state/public?client_id=7b5ed7d6-2bbe-4d28-a721-72caa42b0147 200 in 106ms (compile: 14ms, render: 91ms)
 GET /vi/chart 200 in 171ms (compile: 18ms, proxy.ts: 5ms, render: 148ms)
 GET /manifest.webmanifest 200 in 10ms (compile: 4ms, render: 7ms)
 GET /api/auth/google-config 200 in 7ms (compile: 3ms, render: 4ms)
 GET /api/user/state/public?client_id=7b5ed7d6-2bbe-4d28-a721-72caa42b0147 200 in 95ms (compile: 11ms, render: 84ms)
 PUT /api/user/state/public?client_id=7b5ed7d6-2bbe-4d28-a721-72caa42b0147 200 in 108ms (compile: 13ms, render: 95ms)
 PUT /api/user/state/public?client_id=7b5ed7d6-2bbe-4d28-a721-72caa42b0147 200 in 103ms (compile: 12ms, render: 91ms)
 PUT /api/user/state/public?client_id=7b5ed7d6-2bbe-4d28-a721-72caa42b0147 200 in 99ms (compile: 11ms, render: 89ms)
 PUT /api/user/state/public?client_id=7b5ed7d6-2bbe-4d28-a721-72caa42b0147 200 in 100ms (compile: 9ms, render: 91ms)
 PUT /api/user/state/public?client_id=7b5ed7d6-2bbe-4d28-a721-72caa42b0147 200 in 99ms (compile: 13ms, render: 87ms)
 PUT /api/user/state/public?client_id=7b5ed7d6-2bbe-4d28-a721-72caa42b0147 200 in 123ms (compile: 16ms, render: 107ms)
 GET /vi 200 in 240ms (compile: 58ms, proxy.ts: 13ms, render: 170ms)
 GET /manifest.webmanifest 200 in 11ms (compile: 8ms, render: 3ms)
 GET /brand/grid.svg 404 in 124ms (compile: 34ms, render: 90ms)
 GET /vi/strategy/dashboard 200 in 3.4s (compile: 3.3s, proxy.ts: 21ms, render: 121ms)
 GET /manifest.webmanifest 200 in 24ms (compile: 17ms, render: 8ms)
 PUT /api/user/state/public?client_id=7b5ed7d6-2bbe-4d28-a721-72caa42b0147 200 in 131ms (compile: 17ms, render: 114ms)
 PUT /api/user/state/public?client_id=7b5ed7d6-2bbe-4d28-a721-72caa42b0147 200 in 129ms (compile: 23ms, render: 107ms)
 GET /vi/strategy/terminal 404 in 194ms (compile: 20ms, proxy.ts: 15ms, render: 159ms)
 GET /manifest.webmanifest 200 in 10ms (compile: 4ms, render: 6ms)
 PUT /api/user/state/public?client_id=7b5ed7d6-2bbe-4d28-a721-72caa42b0147 200 in 116ms (compile: 19ms, render: 97ms)
 PUT /api/user/state/public?client_id=7b5ed7d6-2bbe-4d28-a721-72caa42b0147 200 in 112ms (compile: 18ms, render: 94ms)
 GET /vi/chart 200 in 528ms (compile: 32ms, proxy.ts: 8ms, render: 488ms)
 GET /manifest.webmanifest 200 in 47ms (compile: 23ms, render: 25ms)
 GET /api/auth/google-config 200 in 17ms (compile: 6ms, render: 11ms)
 GET /api/user/state/public?client_id=7b5ed7d6-2bbe-4d28-a721-72caa42b0147 200 in 128ms (compile: 26ms, render: 102ms)
 GET /vi 200 in 448ms (compile: 59ms, proxy.ts: 20ms, render: 369ms)
 GET /manifest.webmanifest 200 in 26ms (compile: 12ms, render: 15ms)
 GET /brand/grid.svg 404 in 240ms (compile: 17ms, render: 223ms)
 GET /vi/strategy/dashboard 200 in 99ms (compile: 23ms, proxy.ts: 7ms, render: 69ms)
 GET /manifest.webmanifest 200 in 8ms (compile: 3ms, render: 5ms)
 GET /vi/chart 200 in 287ms (compile: 28ms, proxy.ts: 6ms, render: 253ms)
 GET /manifest.webmanifest 200 in 12ms (compile: 7ms, render: 5ms)
 GET /api/auth/google-config 200 in 18ms (compile: 9ms, render: 9ms)
 GET /api/user/state/public?client_id=7b5ed7d6-2bbe-4d28-a721-72caa42b0147 200 in 160ms (compile: 31ms, render: 129ms)
 PUT /api/user/state/public?client_id=7b5ed7d6-2bbe-4d28-a721-72caa42b0147 200 in 136ms (compile: 17ms, render: 119ms)
 PUT /api/user/state/public?client_id=7b5ed7d6-2bbe-4d28-a721-72caa42b0147 200 in 120ms (compile: 18ms, render: 102ms)
 PUT /api/user/state/public?client_id=7b5ed7d6-2bbe-4d28-a721-72caa42b0147 200 in 124ms (compile: 11ms, render: 113ms)
 PUT /api/user/state/public?client_id=7b5ed7d6-2bbe-4d28-a721-72caa42b0147 200 in 119ms (compile: 19ms, render: 101ms)
 PUT /api/user/state/public?client_id=7b5ed7d6-2bbe-4d28-a721-72caa42b0147 200 in 123ms (compile: 17ms, render: 106ms)
 PUT /api/user/state/public?client_id=7b5ed7d6-2bbe-4d28-a721-72caa42b0147 200 in 112ms (compile: 15ms, render: 97ms)
 PUT /api/user/state/public?client_id=7b5ed7d6-2bbe-4d28-a721-72caa42b0147 200 in 107ms (compile: 11ms, render: 97ms)
 POST /api/telegram/signal 200 in 876ms (compile: 2ms, render: 873ms)
 PUT /api/user/state/public?client_id=7b5ed7d6-2bbe-4d28-a721-72caa42b0147 200 in 118ms (compile: 14ms, render: 104ms)
 PUT /api/user/state/public?client_id=7b5ed7d6-2bbe-4d28-a721-72caa42b0147 200 in 104ms (compile: 13ms, render: 90ms)
 PUT /api/user/state/public?client_id=7b5ed7d6-2bbe-4d28-a721-72caa42b0147 200 in 129ms (compile: 15ms, render: 114ms)
 GET /api/user/trade-stats/public?strategy_id=hull-ha-gold-scalper 200 in 99ms (compile: 17ms, render: 82ms)
 POST /api/ai/bridge/task 401 in 13ms (compile: 4ms, render: 9ms)
 POST /api/user/trade-logs/public 201 in 47ms (compile: 4ms, render: 43ms)
 POST /api/telegram/signal 200 in 876ms (compile: 4ms, render: 872ms)
 PUT /api/user/state/public?client_id=7b5ed7d6-2bbe-4d28-a721-72caa42b0147 200 in 101ms (compile: 11ms, render: 90ms)
 PUT /api/user/state/public?client_id=7b5ed7d6-2bbe-4d28-a721-72caa42b0147 200 in 106ms (compile: 11ms, render: 95ms)
 PUT /api/user/state/public?client_id=7b5ed7d6-2bbe-4d28-a721-72caa42b0147 200 in 113ms (compile: 15ms, render: 98ms)
 POST /api/telegram/signal 200 in 888ms (compile: 2ms, render: 886ms)
 PUT /api/user/state/public?client_id=7b5ed7d6-2bbe-4d28-a721-72caa42b0147 200 in 114ms (compile: 11ms, render: 102ms)
 PUT /api/user/state/public?client_id=7b5ed7d6-2bbe-4d28-a721-72caa42b0147 200 in 101ms (compile: 12ms, render: 88ms)
 PUT /api/user/state/public?client_id=7b5ed7d6-2bbe-4d28-a721-72caa42b0147 200 in 99ms (compile: 10ms, render: 89ms)
 PUT /api/user/state/public?client_id=7b5ed7d6-2bbe-4d28-a721-72caa42b0147 200 in 104ms (compile: 13ms, render: 91ms)
 PUT /api/user/state/public?client_id=7b5ed7d6-2bbe-4d28-a721-72caa42b0147 200 in 105ms (compile: 12ms, render: 93ms)
 PUT /api/user/state/public?client_id=7b5ed7d6-2bbe-4d28-a721-72caa42b0147 200 in 96ms (compile: 11ms, render: 85ms)
 PUT /api/user/state/public?client_id=7b5ed7d6-2bbe-4d28-a721-72caa42b0147 200 in 130ms (compile: 16ms, render: 114ms)
 PUT /api/user/state/public?client_id=7b5ed7d6-2bbe-4d28-a721-72caa42b0147 200 in 98ms (compile: 12ms, render: 86ms)
 PUT /api/user/state/public?client_id=7b5ed7d6-2bbe-4d28-a721-72caa42b0147 200 in 122ms (compile: 11ms, render: 111ms)
 PUT /api/user/state/public?client_id=7b5ed7d6-2bbe-4d28-a721-72caa42b0147 200 in 145ms (compile: 14ms, render: 131ms)
 PUT /api/user/state/public?client_id=7b5ed7d6-2bbe-4d28-a721-72caa42b0147 200 in 152ms (compile: 17ms, render: 135ms)
 PUT /api/user/state/public?client_id=7b5ed7d6-2bbe-4d28-a721-72caa42b0147 200 in 160ms (compile: 14ms, render: 146ms)
 PUT /api/user/state/public?client_id=7b5ed7d6-2bbe-4d28-a721-72caa42b0147 200 in 138ms (compile: 14ms, render: 124ms)
 GET /api/user/trade-stats/public?strategy_id=hull-ha-gold-scalper 200 in 118ms (compile: 14ms, render: 105ms)
 POST /api/ai/bridge/task 401 in 13ms (compile: 3ms, render: 10ms)
 POST /api/user/trade-logs/public 201 in 64ms (compile: 4ms, render: 60ms)
 POST /api/telegram/signal 200 in 823ms (compile: 5ms, render: 818ms)
 PUT /api/user/state/public?client_id=7b5ed7d6-2bbe-4d28-a721-72caa42b0147 200 in 139ms (compile: 10ms, render: 128ms)
 PUT /api/user/state/public?client_id=7b5ed7d6-2bbe-4d28-a721-72caa42b0147 200 in 136ms (compile: 9ms, render: 127ms)
 PUT /api/user/state/public?client_id=7b5ed7d6-2bbe-4d28-a721-72caa42b0147 200 in 142ms (compile: 9ms, render: 132ms)
 PUT /api/user/state/public?client_id=7b5ed7d6-2bbe-4d28-a721-72caa42b0147 200 in 135ms (compile: 12ms, render: 123ms)
 PUT /api/user/state/public?client_id=7b5ed7d6-2bbe-4d28-a721-72caa42b0147 200 in 152ms (compile: 16ms, render: 137ms)
 PUT /api/user/state/public?client_id=7b5ed7d6-2bbe-4d28-a721-72caa42b0147 200 in 146ms (compile: 12ms, render: 133ms)
 PUT /api/user/state/public?client_id=7b5ed7d6-2bbe-4d28-a721-72caa42b0147 200 in 143ms (compile: 15ms, render: 127ms)
 PUT /api/user/state/public?client_id=7b5ed7d6-2bbe-4d28-a721-72caa42b0147 200 in 111ms (compile: 15ms, render: 96ms)
 PUT /api/user/state/public?client_id=7b5ed7d6-2bbe-4d28-a721-72caa42b0147 200 in 118ms (compile: 13ms, render: 106ms)
 PUT /api/user/state/public?client_id=7b5ed7d6-2bbe-4d28-a721-72caa42b0147 200 in 119ms (compile: 13ms, render: 106ms)
 PUT /api/user/state/public?client_id=7b5ed7d6-2bbe-4d28-a721-72caa42b0147 200 in 113ms (compile: 14ms, render: 99ms)
 PUT /api/user/state/public?client_id=7b5ed7d6-2bbe-4d28-a721-72caa42b0147 200 in 118ms (compile: 15ms, render: 102ms)
 PUT /api/user/state/public?client_id=7b5ed7d6-2bbe-4d28-a721-72caa42b0147 200 in 100ms (compile: 13ms, render: 87ms)
 PUT /api/user/state/public?client_id=7b5ed7d6-2bbe-4d28-a721-72caa42b0147 200 in 106ms (compile: 15ms, render: 91ms)
 PUT /api/user/state/public?client_id=7b5ed7d6-2bbe-4d28-a721-72caa42b0147 200 in 99ms (compile: 13ms, render: 86ms)
 PUT /api/user/state/public?client_id=7b5ed7d6-2bbe-4d28-a721-72caa42b0147 200 in 109ms (compile: 14ms, render: 95ms)
 PUT /api/user/state/public?client_id=7b5ed7d6-2bbe-4d28-a721-72caa42b0147 200 in 115ms (compile: 18ms, render: 96ms)
 PUT /api/user/state/public?client_id=7b5ed7d6-2bbe-4d28-a721-72caa42b0147 200 in 96ms (compile: 10ms, render: 86ms)
 PUT /api/user/state/public?client_id=7b5ed7d6-2bbe-4d28-a721-72caa42b0147 200 in 104ms (compile: 12ms, render: 92ms)
 PUT /api/user/state/public?client_id=7b5ed7d6-2bbe-4d28-a721-72caa42b0147 200 in 110ms (compile: 11ms, render: 99ms)
 PUT /api/user/state/public?client_id=7b5ed7d6-2bbe-4d28-a721-72caa42b0147 200 in 114ms (compile: 15ms, render: 99ms)
 PUT /api/user/state/public?client_id=7b5ed7d6-2bbe-4d28-a721-72caa42b0147 200 in 128ms (compile: 16ms, render: 112ms)
 PUT /api/user/state/public?client_id=7b5ed7d6-2bbe-4d28-a721-72caa42b0147 200 in 106ms (compile: 11ms, render: 96ms)
 PATCH /api/user/trade-logs/public 200 in 114ms (compile: 25ms, render: 89ms)
 POST /api/telegram/signal 200 in 817ms (compile: 5ms, render: 811ms)
 PUT /api/user/state/public?client_id=7b5ed7d6-2bbe-4d28-a721-72caa42b0147 200 in 108ms (compile: 14ms, render: 94ms)
 PUT /api/user/state/public?client_id=7b5ed7d6-2bbe-4d28-a721-72caa42b0147 200 in 108ms (compile: 12ms, render: 96ms)
 PUT /api/user/state/public?client_id=7b5ed7d6-2bbe-4d28-a721-72caa42b0147 200 in 112ms (compile: 13ms, render: 99ms)
 PUT /api/user/state/public?client_id=7b5ed7d6-2bbe-4d28-a721-72caa42b0147 200 in 112ms (compile: 14ms, render: 98ms)
 PUT /api/user/state/public?client_id=7b5ed7d6-2bbe-4d28-a721-72caa42b0147 200 in 128ms (compile: 19ms, render: 109ms)
 PUT /api/user/state/public?client_id=7b5ed7d6-2bbe-4d28-a721-72caa42b0147 200 in 99ms (compile: 9ms, render: 89ms)
 PUT /api/user/state/public?client_id=7b5ed7d6-2bbe-4d28-a721-72caa42b0147 200 in 104ms (compile: 12ms, render: 91ms)
 PUT /api/user/state/public?client_id=7b5ed7d6-2bbe-4d28-a721-72caa42b0147 200 in 112ms (compile: 15ms, render: 97ms)
 PUT /api/user/state/public?client_id=7b5ed7d6-2bbe-4d28-a721-72caa42b0147 200 in 115ms (compile: 20ms, render: 95ms)
 PUT /api/user/state/public?client_id=7b5ed7d6-2bbe-4d28-a721-72caa42b0147 200 in 120ms (compile: 11ms, render: 109ms)
 PUT /api/user/state/public?client_id=7b5ed7d6-2bbe-4d28-a721-72caa42b0147 200 in 144ms (compile: 14ms, render: 130ms)
 PUT /api/user/state/public?client_id=7b5ed7d6-2bbe-4d28-a721-72caa42b0147 200 in 144ms (compile: 14ms, render: 129ms)
 PUT /api/user/state/public?client_id=7b5ed7d6-2bbe-4d28-a721-72caa42b0147 200 in 134ms (compile: 12ms, render: 122ms)
 PUT /api/user/state/public?client_id=7b5ed7d6-2bbe-4d28-a721-72caa42b0147 200 in 144ms (compile: 13ms, render: 131ms)
 PUT /api/user/state/public?client_id=7b5ed7d6-2bbe-4d28-a721-72caa42b0147 200 in 140ms (compile: 12ms, render: 127ms)
 PUT /api/user/state/public?client_id=7b5ed7d6-2bbe-4d28-a721-72caa42b0147 200 in 135ms (compile: 12ms, render: 123ms)
 PUT /api/user/state/public?client_id=7b5ed7d6-2bbe-4d28-a721-72caa42b0147 200 in 134ms (compile: 10ms, render: 124ms)
 GET /api/user/trade-stats/public?strategy_id=hull-ha-gold-scalper 200 in 124ms (compile: 16ms, render: 108ms)
 POST /api/ai/bridge/task 401 in 20ms (compile: 5ms, render: 15ms)
 POST /api/user/trade-logs/public 201 in 62ms (compile: 3ms, render: 59ms)
 POST /api/telegram/signal 200 in 806ms (compile: 5ms, render: 800ms)
 PUT /api/user/state/public?client_id=7b5ed7d6-2bbe-4d28-a721-72caa42b0147 200 in 145ms (compile: 13ms, render: 132ms)
 PUT /api/user/state/public?client_id=7b5ed7d6-2bbe-4d28-a721-72caa42b0147 200 in 150ms (compile: 14ms, render: 137ms)
 PUT /api/user/state/public?client_id=7b5ed7d6-2bbe-4d28-a721-72caa42b0147 200 in 139ms (compile: 17ms, render: 122ms)
 PUT /api/user/state/public?client_id=7b5ed7d6-2bbe-4d28-a721-72caa42b0147 200 in 130ms (compile: 11ms, render: 119ms)
 PUT /api/user/state/public?client_id=7b5ed7d6-2bbe-4d28-a721-72caa42b0147 200 in 134ms (compile: 9ms, render: 124ms)
 PUT /api/user/state/public?client_id=7b5ed7d6-2bbe-4d28-a721-72caa42b0147 200 in 139ms (compile: 13ms, render: 125ms)
 PUT /api/user/state/public?client_id=7b5ed7d6-2bbe-4d28-a721-72caa42b0147 200 in 132ms (compile: 12ms, render: 120ms)
 PUT /api/user/state/public?client_id=7b5ed7d6-2bbe-4d28-a721-72caa42b0147 200 in 154ms (compile: 13ms, render: 141ms)
 PUT /api/user/state/public?client_id=7b5ed7d6-2bbe-4d28-a721-72caa42b0147 200 in 134ms (compile: 15ms, render: 119ms)
 PUT /api/user/state/public?client_id=7b5ed7d6-2bbe-4d28-a721-72caa42b0147 200 in 146ms (compile: 13ms, render: 134ms)
 PUT /api/user/state/public?client_id=7b5ed7d6-2bbe-4d28-a721-72caa42b0147 200 in 137ms (compile: 13ms, render: 125ms)
 PUT /api/user/state/public?client_id=7b5ed7d6-2bbe-4d28-a721-72caa42b0147 200 in 139ms (compile: 16ms, render: 123ms)
 PUT /api/user/state/public?client_id=7b5ed7d6-2bbe-4d28-a721-72caa42b0147 200 in 136ms (compile: 12ms, render: 124ms)
 PUT /api/user/state/public?client_id=7b5ed7d6-2bbe-4d28-a721-72caa42b0147 200 in 140ms (compile: 12ms, render: 129ms)
 PUT /api/user/state/public?client_id=7b5ed7d6-2bbe-4d28-a721-72caa42b0147 200 in 144ms (compile: 14ms, render: 130ms)
 PUT /api/user/state/public?client_id=7b5ed7d6-2bbe-4d28-a721-72caa42b0147 200 in 149ms (compile: 13ms, render: 135ms)
 PUT /api/user/state/public?client_id=7b5ed7d6-2bbe-4d28-a721-72caa42b0147 200 in 131ms (compile: 13ms, render: 119ms)
 PUT /api/user/state/public?client_id=7b5ed7d6-2bbe-4d28-a721-72caa42b0147 200 in 128ms (compile: 10ms, render: 118ms)
 PUT /api/user/state/public?client_id=7b5ed7d6-2bbe-4d28-a721-72caa42b0147 200 in 134ms (compile: 9ms, render: 125ms)
 PUT /api/user/state/public?client_id=7b5ed7d6-2bbe-4d28-a721-72caa42b0147 200 in 132ms (compile: 12ms, render: 119ms)
 PUT /api/user/state/public?client_id=7b5ed7d6-2bbe-4d28-a721-72caa42b0147 200 in 140ms (compile: 14ms, render: 126ms)
 GET /api/user/trade-stats/public?strategy_id=hull-ha-gold-scalper 200 in 126ms (compile: 17ms, render: 108ms)
 POST /api/ai/bridge/task 401 in 14ms (compile: 3ms, render: 12ms)
 POST /api/user/trade-logs/public 201 in 62ms (compile: 4ms, render: 58ms)
 POST /api/telegram/signal 200 in 864ms (compile: 3ms, render: 860ms)
 PUT /api/user/state/public?client_id=7b5ed7d6-2bbe-4d28-a721-72caa42b0147 200 in 143ms (compile: 16ms, render: 128ms)
 PUT /api/user/state/public?client_id=7b5ed7d6-2bbe-4d28-a721-72caa42b0147 200 in 145ms (compile: 13ms, render: 132ms)
 PUT /api/user/state/public?client_id=7b5ed7d6-2bbe-4d28-a721-72caa42b0147 200 in 181ms (compile: 16ms, render: 164ms)
 PUT /api/user/state/public?client_id=7b5ed7d6-2bbe-4d28-a721-72caa42b0147 200 in 143ms (compile: 15ms, render: 128ms)
 PUT /api/user/state/public?client_id=7b5ed7d6-2bbe-4d28-a721-72caa42b0147 200 in 156ms (compile: 10ms, render: 146ms)
 PUT /api/user/state/public?client_id=7b5ed7d6-2bbe-4d28-a721-72caa42b0147 200 in 141ms (compile: 15ms, render: 127ms)
 PUT /api/user/state/public?client_id=7b5ed7d6-2bbe-4d28-a721-72caa42b0147 200 in 142ms (compile: 11ms, render: 131ms)
 PUT /api/user/state/public?client_id=7b5ed7d6-2bbe-4d28-a721-72caa42b0147 200 in 145ms (compile: 14ms, render: 130ms)
 PUT /api/user/state/public?client_id=7b5ed7d6-2bbe-4d28-a721-72caa42b0147 200 in 107ms (compile: 12ms, render: 95ms)
 PUT /api/user/state/public?client_id=7b5ed7d6-2bbe-4d28-a721-72caa42b0147 200 in 109ms (compile: 11ms, render: 97ms)
 PUT /api/user/state/public?client_id=7b5ed7d6-2bbe-4d28-a721-72caa42b0147 200 in 114ms (compile: 12ms, render: 102ms)
 PUT /api/user/state/public?client_id=7b5ed7d6-2bbe-4d28-a721-72caa42b0147 200 in 108ms (compile: 13ms, render: 94ms)
 PUT /api/user/state/public?client_id=7b5ed7d6-2bbe-4d28-a721-72caa42b0147 200 in 104ms (compile: 12ms, render: 92ms)
 PUT /api/user/state/public?client_id=7b5ed7d6-2bbe-4d28-a721-72caa42b0147 200 in 111ms (compile: 11ms, render: 99ms)
 PUT /api/user/state/public?client_id=7b5ed7d6-2bbe-4d28-a721-72caa42b0147 200 in 104ms (compile: 10ms, render: 94ms)
 PUT /api/user/state/public?client_id=7b5ed7d6-2bbe-4d28-a721-72caa42b0147 200 in 108ms (compile: 12ms, render: 96ms)
 PUT /api/user/state/public?client_id=7b5ed7d6-2bbe-4d28-a721-72caa42b0147 200 in 103ms (compile: 12ms, render: 92ms)
 PUT /api/user/state/public?client_id=7b5ed7d6-2bbe-4d28-a721-72caa42b0147 200 in 122ms (compile: 12ms, render: 110ms)
 PUT /api/user/state/public?client_id=7b5ed7d6-2bbe-4d28-a721-72caa42b0147 200 in 116ms (compile: 13ms, render: 103ms)
 PUT /api/user/state/public?client_id=7b5ed7d6-2bbe-4d28-a721-72caa42b0147 200 in 101ms (compile: 10ms, render: 91ms)
 PUT /api/user/state/public?client_id=7b5ed7d6-2bbe-4d28-a721-72caa42b0147 200 in 99ms (compile: 13ms, render: 86ms)
 PUT /api/user/state/public?client_id=7b5ed7d6-2bbe-4d28-a721-72caa42b0147 200 in 100ms (compile: 11ms, render: 89ms)
 PUT /api/user/state/public?client_id=7b5ed7d6-2bbe-4d28-a721-72caa42b0147 200 in 118ms (compile: 9ms, render: 109ms)
 PUT /api/user/state/public?client_id=7b5ed7d6-2bbe-4d28-a721-72caa42b0147 200 in 105ms (compile: 11ms, render: 95ms)
 PUT /api/user/state/public?client_id=7b5ed7d6-2bbe-4d28-a721-72caa42b0147 200 in 99ms (compile: 13ms, render: 86ms)
 PUT /api/user/state/public?client_id=7b5ed7d6-2bbe-4d28-a721-72caa42b0147 200 in 107ms (compile: 14ms, render: 93ms)
 PUT /api/user/state/public?client_id=7b5ed7d6-2bbe-4d28-a721-72caa42b0147 200 in 103ms (compile: 12ms, render: 91ms)
 PUT /api/user/state/public?client_id=7b5ed7d6-2bbe-4d28-a721-72caa42b0147 200 in 108ms (compile: 13ms, render: 95ms)
 PUT /api/user/state/public?client_id=7b5ed7d6-2bbe-4d28-a721-72caa42b0147 200 in 119ms (compile: 14ms, render: 105ms)
 PUT /api/user/state/public?client_id=7b5ed7d6-2bbe-4d28-a721-72caa42b0147 200 in 107ms (compile: 11ms, render: 96ms)
 PUT /api/user/state/public?client_id=7b5ed7d6-2bbe-4d28-a721-72caa42b0147 200 in 105ms (compile: 15ms, render: 90ms)
 PUT /api/user/state/public?client_id=7b5ed7d6-2bbe-4d28-a721-72caa42b0147 200 in 100ms (compile: 12ms, render: 88ms)
 PUT /api/user/state/public?client_id=7b5ed7d6-2bbe-4d28-a721-72caa42b0147 200 in 117ms (compile: 12ms, render: 105ms)
 PUT /api/user/state/public?client_id=7b5ed7d6-2bbe-4d28-a721-72caa42b0147 200 in 103ms (compile: 8ms, render: 95ms)
 PUT /api/user/state/public?client_id=7b5ed7d6-2bbe-4d28-a721-72caa42b0147 200 in 100ms (compile: 13ms, render: 87ms)
 PUT /api/user/state/public?client_id=7b5ed7d6-2bbe-4d28-a721-72caa42b0147 200 in 112ms (compile: 15ms, render: 97ms)
 PUT /api/user/state/public?client_id=7b5ed7d6-2bbe-4d28-a721-72caa42b0147 200 in 116ms (compile: 14ms, render: 102ms)
 PUT /api/user/state/public?client_id=7b5ed7d6-2bbe-4d28-a721-72caa42b0147 200 in 106ms (compile: 11ms, render: 95ms)
 PATCH /api/user/trade-logs/public 200 in 113ms (compile: 16ms, render: 97ms)
 PATCH /api/user/trade-logs/public 200 in 476ms (compile: 3ms, render: 472ms)
 POST /api/telegram/signal 200 in 821ms (compile: 13ms, render: 808ms)
 POST /api/telegram/signal 200 in 870ms (compile: 5ms, render: 865ms)
 PUT /api/user/state/public?client_id=7b5ed7d6-2bbe-4d28-a721-72caa42b0147 200 in 213ms (compile: 16ms, render: 197ms)
 PUT /api/user/state/public?client_id=7b5ed7d6-2bbe-4d28-a721-72caa42b0147 200 in 131ms (compile: 13ms, render: 118ms)
 PUT /api/user/state/public?client_id=7b5ed7d6-2bbe-4d28-a721-72caa42b0147 200 in 143ms (compile: 15ms, render: 129ms)
 PUT /api/user/state/public?client_id=7b5ed7d6-2bbe-4d28-a721-72caa42b0147 200 in 138ms (compile: 14ms, render: 124ms)
 PUT /api/user/state/public?client_id=7b5ed7d6-2bbe-4d28-a721-72caa42b0147 200 in 135ms (compile: 13ms, render: 122ms)
 PUT /api/user/state/public?client_id=7b5ed7d6-2bbe-4d28-a721-72caa42b0147 200 in 153ms (compile: 11ms, render: 142ms)
 PUT /api/user/state/public?client_id=7b5ed7d6-2bbe-4d28-a721-72caa42b0147 200 in 132ms (compile: 12ms, render: 120ms)
 PUT /api/user/state/public?client_id=7b5ed7d6-2bbe-4d28-a721-72caa42b0147 200 in 128ms (compile: 10ms, render: 118ms)
 PUT /api/user/state/public?client_id=7b5ed7d6-2bbe-4d28-a721-72caa42b0147 200 in 158ms (compile: 10ms, render: 148ms)
 PUT /api/user/state/public?client_id=7b5ed7d6-2bbe-4d28-a721-72caa42b0147 200 in 131ms (compile: 12ms, render: 119ms)
 PUT /api/user/state/public?client_id=7b5ed7d6-2bbe-4d28-a721-72caa42b0147 200 in 145ms (compile: 13ms, render: 132ms)
 PUT /api/user/state/public?client_id=7b5ed7d6-2bbe-4d28-a721-72caa42b0147 200 in 128ms (compile: 12ms, render: 115ms)
 PUT /api/user/state/public?client_id=7b5ed7d6-2bbe-4d28-a721-72caa42b0147 200 in 132ms (compile: 11ms, render: 121ms)
 PUT /api/user/state/public?client_id=7b5ed7d6-2bbe-4d28-a721-72caa42b0147 200 in 130ms (compile: 15ms, render: 115ms)
 PUT /api/user/state/public?client_id=7b5ed7d6-2bbe-4d28-a721-72caa42b0147 200 in 130ms (compile: 12ms, render: 118ms)
 PUT /api/user/state/public?client_id=7b5ed7d6-2bbe-4d28-a721-72caa42b0147 200 in 128ms (compile: 13ms, render: 116ms)
 PUT /api/user/state/public?client_id=7b5ed7d6-2bbe-4d28-a721-72caa42b0147 200 in 137ms (compile: 11ms, render: 125ms)
 PUT /api/user/state/public?client_id=7b5ed7d6-2bbe-4d28-a721-72caa42b0147 200 in 128ms (compile: 11ms, render: 117ms)
 PUT /api/user/state/public?client_id=7b5ed7d6-2bbe-4d28-a721-72caa42b0147 200 in 156ms (compile: 12ms, render: 144ms)
 PUT /api/user/state/public?client_id=7b5ed7d6-2bbe-4d28-a721-72caa42b0147 200 in 138ms (compile: 11ms, render: 127ms)
 PUT /api/user/state/public?client_id=7b5ed7d6-2bbe-4d28-a721-72caa42b0147 200 in 146ms (compile: 14ms, render: 132ms)
 PUT /api/user/state/public?client_id=7b5ed7d6-2bbe-4d28-a721-72caa42b0147 200 in 130ms (compile: 13ms, render: 117ms)
 PUT /api/user/state/public?client_id=7b5ed7d6-2bbe-4d28-a721-72caa42b0147 200 in 149ms (compile: 13ms, render: 136ms)
 PUT /api/user/state/public?client_id=7b5ed7d6-2bbe-4d28-a721-72caa42b0147 200 in 129ms (compile: 10ms, render: 119ms)
 PUT /api/user/state/public?client_id=7b5ed7d6-2bbe-4d28-a721-72caa42b0147 200 in 144ms (compile: 13ms, render: 131ms)
 PUT /api/user/state/public?client_id=7b5ed7d6-2bbe-4d28-a721-72caa42b0147 200 in 135ms (compile: 11ms, render: 123ms)
 PUT /api/user/state/public?client_id=7b5ed7d6-2bbe-4d28-a721-72caa42b0147 200 in 148ms (compile: 14ms, render: 134ms)
 PUT /api/user/state/public?client_id=7b5ed7d6-2bbe-4d28-a721-72caa42b0147 200 in 137ms (compile: 9ms, render: 128ms)
 PUT /api/user/state/public?client_id=7b5ed7d6-2bbe-4d28-a721-72caa42b0147 200 in 123ms (compile: 9ms, render: 114ms)
 PUT /api/user/state/public?client_id=7b5ed7d6-2bbe-4d28-a721-72caa42b0147 200 in 134ms (compile: 9ms, render: 125ms)
 PUT /api/user/state/public?client_id=7b5ed7d6-2bbe-4d28-a721-72caa42b0147 200 in 132ms (compile: 11ms, render: 121ms)
 GET /api/user/trade-stats/public?strategy_id=hull-ha-gold-scalper 200 in 125ms (compile: 14ms, render: 110ms)
 POST /api/ai/bridge/task 401 in 11ms (compile: 4ms, render: 7ms)
 POST /api/user/trade-logs/public 201 in 64ms (compile: 3ms, render: 61ms)
 POST /api/telegram/signal 200 in 821ms (compile: 4ms, render: 817ms)
 PUT /api/user/state/public?client_id=7b5ed7d6-2bbe-4d28-a721-72caa42b0147 200 in 123ms (compile: 9ms, render: 114ms)
 PUT /api/user/state/public?client_id=7b5ed7d6-2bbe-4d28-a721-72caa42b0147 200 in 181ms (compile: 13ms, render: 168ms)
 PUT /api/user/state/public?client_id=7b5ed7d6-2bbe-4d28-a721-72caa42b0147 200 in 138ms (compile: 11ms, render: 127ms)
 PUT /api/user/state/public?client_id=7b5ed7d6-2bbe-4d28-a721-72caa42b0147 200 in 139ms (compile: 13ms, render: 127ms)
 PUT /api/user/state/public?client_id=7b5ed7d6-2bbe-4d28-a721-72caa42b0147 200 in 132ms (compile: 13ms, render: 118ms)
 PUT /api/user/state/public?client_id=7b5ed7d6-2bbe-4d28-a721-72caa42b0147 200 in 130ms (compile: 10ms, render: 121ms)
 PUT /api/user/state/public?client_id=7b5ed7d6-2bbe-4d28-a721-72caa42b0147 200 in 135ms (compile: 10ms, render: 125ms)
 PUT /api/user/state/public?client_id=7b5ed7d6-2bbe-4d28-a721-72caa42b0147 200 in 137ms (compile: 13ms, render: 124ms)
 PUT /api/user/state/public?client_id=7b5ed7d6-2bbe-4d28-a721-72caa42b0147 200 in 131ms (compile: 12ms, render: 119ms)
 PUT /api/user/state/public?client_id=7b5ed7d6-2bbe-4d28-a721-72caa42b0147 200 in 141ms (compile: 13ms, render: 129ms)
 PUT /api/user/state/public?client_id=7b5ed7d6-2bbe-4d28-a721-72caa42b0147 200 in 134ms (compile: 9ms, render: 125ms)
 PUT /api/user/state/public?client_id=7b5ed7d6-2bbe-4d28-a721-72caa42b0147 200 in 135ms (compile: 12ms, render: 123ms)
 PUT /api/user/state/public?client_id=7b5ed7d6-2bbe-4d28-a721-72caa42b0147 200 in 130ms (compile: 12ms, render: 118ms)
 PUT /api/user/state/public?client_id=7b5ed7d6-2bbe-4d28-a721-72caa42b0147 200 in 131ms (compile: 12ms, render: 119ms)
 PUT /api/user/state/public?client_id=7b5ed7d6-2bbe-4d28-a721-72caa42b0147 200 in 135ms (compile: 13ms, render: 122ms)
 PUT /api/user/state/public?client_id=7b5ed7d6-2bbe-4d28-a721-72caa42b0147 200 in 130ms (compile: 10ms, render: 120ms)
 PUT /api/user/state/public?client_id=7b5ed7d6-2bbe-4d28-a721-72caa42b0147 200 in 149ms (compile: 10ms, render: 139ms)
 PUT /api/user/state/public?client_id=7b5ed7d6-2bbe-4d28-a721-72caa42b0147 200 in 134ms (compile: 12ms, render: 122ms)
 GET /api/user/trade-stats/public?strategy_id=hull-ha-gold-scalper 200 in 116ms (compile: 16ms, render: 100ms)
 POST /api/ai/bridge/task 401 in 10ms (compile: 3ms, render: 7ms)
 POST /api/user/trade-logs/public 201 in 82ms (compile: 3ms, render: 79ms)
 POST /api/telegram/signal 200 in 2.1s (compile: 5ms, render: 2.1s)
 PUT /api/user/state/public?client_id=7b5ed7d6-2bbe-4d28-a721-72caa42b0147 200 in 132ms (compile: 12ms, render: 120ms)
 PUT /api/user/state/public?client_id=7b5ed7d6-2bbe-4d28-a721-72caa42b0147 200 in 131ms (compile: 10ms, render: 121ms)
 PUT /api/user/state/public?client_id=7b5ed7d6-2bbe-4d28-a721-72caa42b0147 200 in 137ms (compile: 12ms, render: 124ms)
 PUT /api/user/state/public?client_id=7b5ed7d6-2bbe-4d28-a721-72caa42b0147 200 in 140ms (compile: 12ms, render: 127ms)
 PUT /api/user/state/public?client_id=7b5ed7d6-2bbe-4d28-a721-72caa42b0147 200 in 134ms (compile: 10ms, render: 124ms)
 PUT /api/user/state/public?client_id=7b5ed7d6-2bbe-4d28-a721-72caa42b0147 200 in 146ms (compile: 11ms, render: 134ms)
 PUT /api/user/state/public?client_id=7b5ed7d6-2bbe-4d28-a721-72caa42b0147 200 in 128ms (compile: 10ms, render: 117ms)
 PUT /api/user/state/public?client_id=7b5ed7d6-2bbe-4d28-a721-72caa42b0147 200 in 147ms (compile: 15ms, render: 132ms)
 PUT /api/user/state/public?client_id=7b5ed7d6-2bbe-4d28-a721-72caa42b0147 200 in 142ms (compile: 15ms, render: 127ms)
 PUT /api/user/state/public?client_id=7b5ed7d6-2bbe-4d28-a721-72caa42b0147 200 in 148ms (compile: 16ms, render: 132ms)
 PUT /api/user/state/public?client_id=7b5ed7d6-2bbe-4d28-a721-72caa42b0147 200 in 141ms (compile: 14ms, render: 127ms)
 PUT /api/user/state/public?client_id=7b5ed7d6-2bbe-4d28-a721-72caa42b0147 200 in 143ms (compile: 11ms, render: 132ms)
 GET /api/user/trade-stats/public?strategy_id=hull-ha-gold-scalper 200 in 153ms (compile: 24ms, render: 129ms)
 POST /api/ai/bridge/task 401 in 21ms (compile: 7ms, render: 14ms)
 POST /api/user/trade-logs/public 201 in 71ms (compile: 3ms, render: 68ms)
 POST /api/telegram/signal 200 in 846ms (compile: 8ms, render: 838ms)
 PUT /api/user/state/public?client_id=7b5ed7d6-2bbe-4d28-a721-72caa42b0147 200 in 144ms (compile: 14ms, render: 129ms)
 PUT /api/user/state/public?client_id=7b5ed7d6-2bbe-4d28-a721-72caa42b0147 200 in 136ms (compile: 11ms, render: 125ms)
 PUT /api/user/state/public?client_id=7b5ed7d6-2bbe-4d28-a721-72caa42b0147 200 in 146ms (compile: 15ms, render: 131ms)
 PUT /api/user/state/public?client_id=7b5ed7d6-2bbe-4d28-a721-72caa42b0147 200 in 136ms (compile: 13ms, render: 123ms)
 PUT /api/user/state/public?client_id=7b5ed7d6-2bbe-4d28-a721-72caa42b0147 200 in 143ms (compile: 13ms, render: 131ms)
 PUT /api/user/state/public?client_id=7b5ed7d6-2bbe-4d28-a721-72caa42b0147 200 in 141ms (compile: 12ms, render: 129ms)
 PUT /api/user/state/public?client_id=7b5ed7d6-2bbe-4d28-a721-72caa42b0147 200 in 136ms (compile: 13ms, render: 123ms)
 PUT /api/user/state/public?client_id=7b5ed7d6-2bbe-4d28-a721-72caa42b0147 200 in 144ms (compile: 18ms, render: 127ms)
 PUT /api/user/state/public?client_id=7b5ed7d6-2bbe-4d28-a721-72caa42b0147 200 in 140ms (compile: 10ms, render: 130ms)
 PUT /api/user/state/public?client_id=7b5ed7d6-2bbe-4d28-a721-72caa42b0147 200 in 135ms (compile: 12ms, render: 123ms)
 PUT /api/user/state/public?client_id=7b5ed7d6-2bbe-4d28-a721-72caa42b0147 200 in 134ms (compile: 13ms, render: 122ms)
 PUT /api/user/state/public?client_id=7b5ed7d6-2bbe-4d28-a721-72caa42b0147 200 in 143ms (compile: 13ms, render: 130ms)
 PUT /api/user/state/public?client_id=7b5ed7d6-2bbe-4d28-a721-72caa42b0147 200 in 143ms (compile: 13ms, render: 130ms)
 PUT /api/user/state/public?client_id=7b5ed7d6-2bbe-4d28-a721-72caa42b0147 200 in 134ms (compile: 12ms, render: 122ms)
 PUT /api/user/state/public?client_id=7b5ed7d6-2bbe-4d28-a721-72caa42b0147 200 in 136ms (compile: 13ms, render: 124ms)
 PUT /api/user/state/public?client_id=7b5ed7d6-2bbe-4d28-a721-72caa42b0147 200 in 149ms (compile: 14ms, render: 135ms)
 PUT /api/user/state/public?client_id=7b5ed7d6-2bbe-4d28-a721-72caa42b0147 200 in 148ms (compile: 14ms, render: 135ms)
 PUT /api/user/state/public?client_id=7b5ed7d6-2bbe-4d28-a721-72caa42b0147 200 in 154ms (compile: 19ms, render: 135ms)
 PUT /api/user/state/public?client_id=7b5ed7d6-2bbe-4d28-a721-72caa42b0147 200 in 138ms (compile: 14ms, render: 124ms)
 PUT /api/user/state/public?client_id=7b5ed7d6-2bbe-4d28-a721-72caa42b0147 200 in 147ms (compile: 17ms, render: 130ms)
 PUT /api/user/state/public?client_id=7b5ed7d6-2bbe-4d28-a721-72caa42b0147 200 in 141ms (compile: 13ms, render: 127ms)
 PUT /api/user/state/public?client_id=7b5ed7d6-2bbe-4d28-a721-72caa42b0147 200 in 128ms (compile: 13ms, render: 115ms)
 PUT /api/user/state/public?client_id=7b5ed7d6-2bbe-4d28-a721-72caa42b0147 200 in 150ms (compile: 16ms, render: 134ms)
 PUT /api/user/state/public?client_id=7b5ed7d6-2bbe-4d28-a721-72caa42b0147 200 in 139ms (compile: 15ms, render: 124ms)
 PUT /api/user/state/public?client_id=7b5ed7d6-2bbe-4d28-a721-72caa42b0147 200 in 147ms (compile: 17ms, render: 131ms)
 PUT /api/user/state/public?client_id=7b5ed7d6-2bbe-4d28-a721-72caa42b0147 200 in 136ms (compile: 13ms, render: 123ms)
 PUT /api/user/state/public?client_id=7b5ed7d6-2bbe-4d28-a721-72caa42b0147 200 in 140ms (compile: 17ms, render: 122ms)
 PUT /api/user/state/public?client_id=7b5ed7d6-2bbe-4d28-a721-72caa42b0147 200 in 147ms (compile: 16ms, render: 132ms)
 POST /api/telegram/signal 200 in 877ms (compile: 5ms, render: 872ms)
 PUT /api/user/state/public?client_id=7b5ed7d6-2bbe-4d28-a721-72caa42b0147 200 in 140ms (compile: 13ms, render: 126ms)
 PUT /api/user/state/public?client_id=7b5ed7d6-2bbe-4d28-a721-72caa42b0147 200 in 132ms (compile: 12ms, render: 120ms)
 GET /api/user/trade-stats/public?strategy_id=hull-ha-gold-scalper 200 in 238ms (compile: 24ms, render: 215ms)
 POST /api/ai/bridge/task 401 in 14ms (compile: 5ms, render: 9ms)
 POST /api/user/trade-logs/public 201 in 64ms (compile: 4ms, render: 61ms)
 POST /api/telegram/signal 200 in 980ms (compile: 5ms, render: 974ms)
 PUT /api/user/state/public?client_id=7b5ed7d6-2bbe-4d28-a721-72caa42b0147 200 in 146ms (compile: 12ms, render: 133ms)
 PUT /api/user/state/public?client_id=7b5ed7d6-2bbe-4d28-a721-72caa42b0147 200 in 145ms (compile: 13ms, render: 132ms)
 PUT /api/user/state/public?client_id=7b5ed7d6-2bbe-4d28-a721-72caa42b0147 200 in 133ms (compile: 12ms, render: 121ms)
 PUT /api/user/state/public?client_id=7b5ed7d6-2bbe-4d28-a721-72caa42b0147 200 in 139ms (compile: 16ms, render: 124ms)
 PUT /api/user/state/public?client_id=7b5ed7d6-2bbe-4d28-a721-72caa42b0147 200 in 140ms (compile: 19ms, render: 121ms)
 PUT /api/user/state/public?client_id=7b5ed7d6-2bbe-4d28-a721-72caa42b0147 200 in 140ms (compile: 17ms, render: 123ms)
 PUT /api/user/state/public?client_id=7b5ed7d6-2bbe-4d28-a721-72caa42b0147 200 in 139ms (compile: 11ms, render: 128ms)
 PUT /api/user/state/public?client_id=7b5ed7d6-2bbe-4d28-a721-72caa42b0147 200 in 137ms (compile: 12ms, render: 126ms)
 PUT /api/user/state/public?client_id=7b5ed7d6-2bbe-4d28-a721-72caa42b0147 200 in 152ms (compile: 17ms, render: 135ms)
 PUT /api/user/state/public?client_id=7b5ed7d6-2bbe-4d28-a721-72caa42b0147 200 in 144ms (compile: 13ms, render: 131ms)
 PUT /api/user/state/public?client_id=7b5ed7d6-2bbe-4d28-a721-72caa42b0147 200 in 128ms (compile: 12ms, render: 115ms)
 PUT /api/user/state/public?client_id=7b5ed7d6-2bbe-4d28-a721-72caa42b0147 200 in 132ms (compile: 7ms, render: 124ms)
 PUT /api/user/state/public?client_id=7b5ed7d6-2bbe-4d28-a721-72caa42b0147 200 in 136ms (compile: 9ms, render: 127ms)
 PUT /api/user/state/public?client_id=7b5ed7d6-2bbe-4d28-a721-72caa42b0147 200 in 157ms (compile: 8ms, render: 149ms)
 PUT /api/user/state/public?client_id=7b5ed7d6-2bbe-4d28-a721-72caa42b0147 200 in 130ms (compile: 16ms, render: 114ms)
 PUT /api/user/state/public?client_id=7b5ed7d6-2bbe-4d28-a721-72caa42b0147 200 in 205ms (compile: 17ms, render: 188ms)
 PUT /api/user/state/public?client_id=7b5ed7d6-2bbe-4d28-a721-72caa42b0147 200 in 156ms (compile: 10ms, render: 145ms)
 PUT /api/user/state/public?client_id=7b5ed7d6-2bbe-4d28-a721-72caa42b0147 200 in 195ms (compile: 28ms, render: 167ms)
 PUT /api/user/state/public?client_id=7b5ed7d6-2bbe-4d28-a721-72caa42b0147 200 in 151ms (compile: 18ms, render: 133ms)
 PUT /api/user/state/public?client_id=7b5ed7d6-2bbe-4d28-a721-72caa42b0147 200 in 168ms (compile: 28ms, render: 140ms)
 PUT /api/user/state/public?client_id=7b5ed7d6-2bbe-4d28-a721-72caa42b0147 200 in 138ms (compile: 9ms, render: 129ms)
 PUT /api/user/state/public?client_id=7b5ed7d6-2bbe-4d28-a721-72caa42b0147 200 in 156ms (compile: 25ms, render: 131ms)
 PUT /api/user/state/public?client_id=7b5ed7d6-2bbe-4d28-a721-72caa42b0147 200 in 164ms (compile: 28ms, render: 135ms)
 PUT /api/user/state/public?client_id=7b5ed7d6-2bbe-4d28-a721-72caa42b0147 200 in 157ms (compile: 13ms, render: 144ms)
 PUT /api/user/state/public?client_id=7b5ed7d6-2bbe-4d28-a721-72caa42b0147 200 in 124ms (compile: 11ms, render: 113ms)
 PUT /api/user/state/public?client_id=7b5ed7d6-2bbe-4d28-a721-72caa42b0147 200 in 127ms (compile: 9ms, render: 118ms)
 GET /api/user/trade-stats/public?strategy_id=hull-ha-gold-scalper 200 in 113ms (compile: 8ms, render: 105ms)
 POST /api/ai/bridge/task 401 in 12ms (compile: 3ms, render: 9ms)
 POST /api/user/trade-logs/public 201 in 54ms (compile: 1456µs, render: 52ms)
 POST /api/telegram/signal 200 in 867ms (compile: 3ms, render: 864ms)
 PUT /api/user/state/public?client_id=7b5ed7d6-2bbe-4d28-a721-72caa42b0147 200 in 120ms (compile: 7ms, render: 113ms)
 PUT /api/user/state/public?client_id=7b5ed7d6-2bbe-4d28-a721-72caa42b0147 200 in 120ms (compile: 8ms, render: 112ms)
 PUT /api/user/state/public?client_id=7b5ed7d6-2bbe-4d28-a721-72caa42b0147 200 in 120ms (compile: 7ms, render: 113ms)
 PUT /api/user/state/public?client_id=7b5ed7d6-2bbe-4d28-a721-72caa42b0147 200 in 118ms (compile: 7ms, render: 111ms)
 PATCH /api/user/trade-logs/public 200 in 119ms (compile: 13ms, render: 107ms)
 POST /api/telegram/signal 200 in 863ms (compile: 3ms, render: 860ms)
 PUT /api/user/state/public?client_id=7b5ed7d6-2bbe-4d28-a721-72caa42b0147 200 in 121ms (compile: 7ms, render: 114ms)
 PUT /api/user/state/public?client_id=7b5ed7d6-2bbe-4d28-a721-72caa42b0147 200 in 131ms (compile: 7ms, render: 124ms)
 PUT /api/user/state/public?client_id=7b5ed7d6-2bbe-4d28-a721-72caa42b0147 200 in 126ms (compile: 10ms, render: 117ms)
 PATCH /api/user/trade-logs/public 200 in 108ms (compile: 8ms, render: 101ms)
 POST /api/telegram/signal 200 in 801ms (compile: 1576µs, render: 800ms)
 PUT /api/user/state/public?client_id=7b5ed7d6-2bbe-4d28-a721-72caa42b0147 200 in 122ms (compile: 8ms, render: 114ms)
 PUT /api/user/state/public?client_id=7b5ed7d6-2bbe-4d28-a721-72caa42b0147 200 in 122ms (compile: 8ms, render: 114ms)
 PATCH /api/user/trade-logs/public 200 in 114ms (compile: 8ms, render: 106ms)
 POST /api/telegram/signal 200 in 821ms (compile: 2ms, render: 818ms)
 PUT /api/user/state/public?client_id=7b5ed7d6-2bbe-4d28-a721-72caa42b0147 200 in 122ms (compile: 7ms, render: 115ms)
 PUT /api/user/state/public?client_id=7b5ed7d6-2bbe-4d28-a721-72caa42b0147 200 in 120ms (compile: 7ms, render: 113ms)
 PATCH /api/user/trade-logs/public 200 in 123ms (compile: 9ms, render: 113ms)
 POST /api/telegram/signal 200 in 808ms (compile: 2ms, render: 806ms)
 PUT /api/user/state/public?client_id=7b5ed7d6-2bbe-4d28-a721-72caa42b0147 200 in 120ms (compile: 7ms, render: 113ms)
 PUT /api/user/state/public?client_id=7b5ed7d6-2bbe-4d28-a721-72caa42b0147 200 in 116ms (compile: 6ms, render: 109ms)
 PUT /api/user/state/public?client_id=7b5ed7d6-2bbe-4d28-a721-72caa42b0147 200 in 122ms (compile: 8ms, render: 114ms)
 PATCH /api/user/trade-logs/public 200 in 111ms (compile: 10ms, render: 101ms)
 POST /api/telegram/signal 200 in 817ms (compile: 3ms, render: 814ms)
 PUT /api/user/state/public?client_id=7b5ed7d6-2bbe-4d28-a721-72caa42b0147 200 in 123ms (compile: 8ms, render: 114ms)
 PATCH /api/user/trade-logs/public 200 in 141ms (compile: 9ms, render: 132ms)
 POST /api/telegram/signal 200 in 872ms (compile: 1532µs, render: 870ms)
 PUT /api/user/state/public?client_id=7b5ed7d6-2bbe-4d28-a721-72caa42b0147 200 in 127ms (compile: 9ms, render: 118ms)
 PUT /api/user/state/public?client_id=7b5ed7d6-2bbe-4d28-a721-72caa42b0147 200 in 125ms (compile: 7ms, render: 118ms)
 PATCH /api/user/trade-logs/public 200 in 120ms (compile: 9ms, render: 111ms)
 POST /api/telegram/signal 200 in 780ms (compile: 2ms, render: 778ms)
 PUT /api/user/state/public?client_id=7b5ed7d6-2bbe-4d28-a721-72caa42b0147 200 in 119ms (compile: 7ms, render: 112ms)
 PUT /api/user/state/public?client_id=7b5ed7d6-2bbe-4d28-a721-72caa42b0147 200 in 119ms (compile: 7ms, render: 112ms)
 PUT /api/user/state/public?client_id=7b5ed7d6-2bbe-4d28-a721-72caa42b0147 200 in 122ms (compile: 7ms, render: 115ms)
 PATCH /api/user/trade-logs/public 200 in 396ms (compile: 11ms, render: 385ms)
 POST /api/telegram/signal 200 in 817ms (compile: 5ms, render: 811ms)
 PUT /api/user/state/public?client_id=7b5ed7d6-2bbe-4d28-a721-72caa42b0147 200 in 162ms (compile: 8ms, render: 155ms)
 PATCH /api/user/trade-logs/public 200 in 120ms (compile: 8ms, render: 111ms)
 POST /api/telegram/signal 200 in 841ms (compile: 1747µs, render: 839ms)
 PUT /api/user/state/public?client_id=7b5ed7d6-2bbe-4d28-a721-72caa42b0147 200 in 165ms (compile: 9ms, render: 156ms)
 PUT /api/user/state/public?client_id=7b5ed7d6-2bbe-4d28-a721-72caa42b0147 200 in 162ms (compile: 8ms, render: 154ms)
 PUT /api/user/state/public?client_id=7b5ed7d6-2bbe-4d28-a721-72caa42b0147 200 in 163ms (compile: 7ms, render: 156ms)
 PATCH /api/user/trade-logs/public 404 in 70ms (compile: 9ms, render: 61ms)
 POST /api/telegram/signal 200 in 874ms (compile: 2ms, render: 872ms)
 PUT /api/user/state/public?client_id=7b5ed7d6-2bbe-4d28-a721-72caa42b0147 200 in 130ms (compile: 7ms, render: 122ms)
 PUT /api/user/state/public?client_id=7b5ed7d6-2bbe-4d28-a721-72caa42b0147 200 in 116ms (compile: 7ms, render: 109ms)
 PUT /api/user/state/public?client_id=7b5ed7d6-2bbe-4d28-a721-72caa42b0147 200 in 117ms (compile: 7ms, render: 110ms)
 PATCH /api/user/trade-logs/public 404 in 63ms (compile: 11ms, render: 53ms)
 POST /api/telegram/signal 200 in 867ms (compile: 1930µs, render: 866ms)
 GET /vi/strategy/terminal 404 in 77ms (compile: 10ms, proxy.ts: 6ms, render: 60ms)
 GET /manifest.webmanifest 200 in 13ms (compile: 9ms, render: 5ms)
 PUT /api/user/state/public?client_id=7b5ed7d6-2bbe-4d28-a721-72caa42b0147 200 in 126ms (compile: 9ms, render: 117ms)
 PUT /api/user/state/public?client_id=7b5ed7d6-2bbe-4d28-a721-72caa42b0147 200 in 133ms (compile: 14ms, render: 119ms)
 PUT /api/user/state/public?client_id=7b5ed7d6-2bbe-4d28-a721-72caa42b0147 200 in 126ms (compile: 9ms, render: 117ms)
 PATCH /api/user/trade-logs/public 404 in 62ms (compile: 9ms, render: 53ms)
 POST /api/telegram/signal 200 in 826ms (compile: 2ms, render: 824ms)
 PUT /api/user/state/public?client_id=7b5ed7d6-2bbe-4d28-a721-72caa42b0147 200 in 133ms (compile: 11ms, render: 122ms)
 PUT /api/user/state/public?client_id=7b5ed7d6-2bbe-4d28-a721-72caa42b0147 200 in 116ms (compile: 7ms, render: 109ms)
 PATCH /api/user/trade-logs/public 404 in 63ms (compile: 8ms, render: 55ms)
 POST /api/telegram/signal 200 in 909ms (compile: 2ms, render: 907ms)
 PUT /api/user/state/public?client_id=7b5ed7d6-2bbe-4d28-a721-72caa42b0147 200 in 130ms (compile: 8ms, render: 122ms)
 PATCH /api/user/trade-logs/public 404 in 61ms (compile: 8ms, render: 53ms)
 POST /api/telegram/signal 200 in 839ms (compile: 2ms, render: 837ms)
 PUT /api/user/state/public?client_id=7b5ed7d6-2bbe-4d28-a721-72caa42b0147 200 in 122ms (compile: 7ms, render: 115ms)
 PUT /api/user/state/public?client_id=7b5ed7d6-2bbe-4d28-a721-72caa42b0147 200 in 117ms (compile: 6ms, render: 110ms)
 PUT /api/user/state/public?client_id=7b5ed7d6-2bbe-4d28-a721-72caa42b0147 200 in 115ms (compile: 7ms, render: 109ms)
 PUT /api/user/state/public?client_id=7b5ed7d6-2bbe-4d28-a721-72caa42b0147 200 in 127ms (compile: 8ms, render: 120ms)
 PUT /api/user/state/public?client_id=7b5ed7d6-2bbe-4d28-a721-72caa42b0147 200 in 127ms (compile: 10ms, render: 117ms)
 PUT /api/user/state/public?client_id=7b5ed7d6-2bbe-4d28-a721-72caa42b0147 200 in 120ms (compile: 8ms, render: 112ms)
 PUT /api/user/state/public?client_id=7b5ed7d6-2bbe-4d28-a721-72caa42b0147 200 in 128ms (compile: 8ms, render: 120ms)
 PUT /api/user/state/public?client_id=7b5ed7d6-2bbe-4d28-a721-72caa42b0147 200 in 126ms (compile: 8ms, render: 117ms)
 GET /api/user/trade-stats/public?strategy_id=hull-ha-gold-scalper 200 in 192ms (compile: 8ms, render: 184ms)
 POST /api/ai/bridge/task 401 in 8ms (compile: 2ms, render: 6ms)
 POST /api/user/trade-logs/public 201 in 54ms (compile: 1472µs, render: 52ms)
 POST /api/telegram/signal 200 in 854ms (compile: 1980µs, render: 852ms)
 PUT /api/user/state/public?client_id=7b5ed7d6-2bbe-4d28-a721-72caa42b0147 200 in 118ms (compile: 8ms, render: 110ms)
 PUT /api/user/state/public?client_id=7b5ed7d6-2bbe-4d28-a721-72caa42b0147 200 in 124ms (compile: 10ms, render: 114ms)
 PUT /api/user/state/public?client_id=7b5ed7d6-2bbe-4d28-a721-72caa42b0147 200 in 146ms (compile: 7ms, render: 139ms)
 PUT /api/user/state/public?client_id=7b5ed7d6-2bbe-4d28-a721-72caa42b0147 200 in 122ms (compile: 7ms, render: 115ms)
 PUT /api/user/state/public?client_id=7b5ed7d6-2bbe-4d28-a721-72caa42b0147 200 in 119ms (compile: 8ms, render: 111ms)
 PUT /api/user/state/public?client_id=7b5ed7d6-2bbe-4d28-a721-72caa42b0147 200 in 125ms (compile: 9ms, render: 117ms)
 PUT /api/user/state/public?client_id=7b5ed7d6-2bbe-4d28-a721-72caa42b0147 200 in 127ms (compile: 9ms, render: 118ms)
 PUT /api/user/state/public?client_id=7b5ed7d6-2bbe-4d28-a721-72caa42b0147 200 in 119ms (compile: 7ms, render: 111ms)
 PATCH /api/user/trade-logs/public 200 in 149ms (compile: 11ms, render: 138ms)
 POST /api/telegram/signal 200 in 872ms (compile: 2ms, render: 869ms)
 PUT /api/user/state/public?client_id=7b5ed7d6-2bbe-4d28-a721-72caa42b0147 200 in 170ms (compile: 7ms, render: 162ms)
 PUT /api/user/state/public?client_id=7b5ed7d6-2bbe-4d28-a721-72caa42b0147 200 in 108ms (compile: 7ms, render: 101ms)
 PUT /api/user/state/public?client_id=7b5ed7d6-2bbe-4d28-a721-72caa42b0147 200 in 111ms (compile: 8ms, render: 102ms)
 PUT /api/user/state/public?client_id=7b5ed7d6-2bbe-4d28-a721-72caa42b0147 200 in 114ms (compile: 7ms, render: 106ms)
 PUT /api/user/state/public?client_id=7b5ed7d6-2bbe-4d28-a721-72caa42b0147 200 in 108ms (compile: 9ms, render: 99ms)
 PUT /api/user/state/public?client_id=7b5ed7d6-2bbe-4d28-a721-72caa42b0147 200 in 111ms (compile: 9ms, render: 101ms)
 PUT /api/user/state/public?client_id=7b5ed7d6-2bbe-4d28-a721-72caa42b0147 200 in 123ms (compile: 9ms, render: 114ms)
 PUT /api/user/state/public?client_id=7b5ed7d6-2bbe-4d28-a721-72caa42b0147 200 in 128ms (compile: 7ms, render: 121ms)
 PUT /api/user/state/public?client_id=7b5ed7d6-2bbe-4d28-a721-72caa42b0147 200 in 124ms (compile: 8ms, render: 116ms)
 PUT /api/user/state/public?client_id=7b5ed7d6-2bbe-4d28-a721-72caa42b0147 200 in 126ms (compile: 9ms, render: 116ms)
 PUT /api/user/state/public?client_id=7b5ed7d6-2bbe-4d28-a721-72caa42b0147 200 in 123ms (compile: 7ms, render: 116ms)
 PUT /api/user/state/public?client_id=7b5ed7d6-2bbe-4d28-a721-72caa42b0147 200 in 131ms (compile: 8ms, render: 123ms)
 PUT /api/user/state/public?client_id=7b5ed7d6-2bbe-4d28-a721-72caa42b0147 200 in 128ms (compile: 7ms, render: 120ms)
 PUT /api/user/state/public?client_id=7b5ed7d6-2bbe-4d28-a721-72caa42b0147 200 in 120ms (compile: 10ms, render: 110ms)
 PUT /api/user/state/public?client_id=7b5ed7d6-2bbe-4d28-a721-72caa42b0147 200 in 124ms (compile: 8ms, render: 116ms)
 PUT /api/user/state/public?client_id=7b5ed7d6-2bbe-4d28-a721-72caa42b0147 200 in 129ms (compile: 12ms, render: 118ms)
 GET /api/user/trade-stats/public?strategy_id=hull-ha-gold-scalper 200 in 206ms (compile: 9ms, render: 197ms)
 POST /api/ai/bridge/task 401 in 10ms (compile: 2ms, render: 7ms)
 POST /api/user/trade-logs/public 201 in 58ms (compile: 3ms, render: 54ms)
 POST /api/telegram/signal 200 in 886ms (compile: 1972µs, render: 884ms)
 PUT /api/user/state/public?client_id=7b5ed7d6-2bbe-4d28-a721-72caa42b0147 200 in 123ms (compile: 8ms, render: 115ms)
 PUT /api/user/state/public?client_id=7b5ed7d6-2bbe-4d28-a721-72caa42b0147 200 in 129ms (compile: 8ms, render: 121ms)
 PUT /api/user/state/public?client_id=7b5ed7d6-2bbe-4d28-a721-72caa42b0147 200 in 117ms (compile: 7ms, render: 110ms)
 PUT /api/user/state/public?client_id=7b5ed7d6-2bbe-4d28-a721-72caa42b0147 200 in 116ms (compile: 7ms, render: 109ms)
 PUT /api/user/state/public?client_id=7b5ed7d6-2bbe-4d28-a721-72caa42b0147 200 in 123ms (compile: 8ms, render: 116ms)
 POST /api/telegram/signal 200 in 862ms (compile: 3ms, render: 859ms)
 PUT /api/user/state/public?client_id=7b5ed7d6-2bbe-4d28-a721-72caa42b0147 200 in 121ms (compile: 9ms, render: 113ms)
 PUT /api/user/state/public?client_id=7b5ed7d6-2bbe-4d28-a721-72caa42b0147 200 in 138ms (compile: 11ms, render: 128ms)
 PUT /api/user/state/public?client_id=7b5ed7d6-2bbe-4d28-a721-72caa42b0147 200 in 122ms (compile: 10ms, render: 111ms)
 PUT /api/user/state/public?client_id=7b5ed7d6-2bbe-4d28-a721-72caa42b0147 200 in 125ms (compile: 12ms, render: 114ms)
 PUT /api/user/state/public?client_id=7b5ed7d6-2bbe-4d28-a721-72caa42b0147 200 in 127ms (compile: 14ms, render: 113ms)
 PUT /api/user/state/public?client_id=7b5ed7d6-2bbe-4d28-a721-72caa42b0147 200 in 128ms (compile: 12ms, render: 116ms)
 PUT /api/user/state/public?client_id=7b5ed7d6-2bbe-4d28-a721-72caa42b0147 200 in 135ms (compile: 11ms, render: 124ms)
 PUT /api/user/state/public?client_id=7b5ed7d6-2bbe-4d28-a721-72caa42b0147 200 in 149ms (compile: 10ms, render: 139ms)
 PUT /api/user/state/public?client_id=7b5ed7d6-2bbe-4d28-a721-72caa42b0147 200 in 134ms (compile: 11ms, render: 124ms)
 PUT /api/user/state/public?client_id=7b5ed7d6-2bbe-4d28-a721-72caa42b0147 200 in 130ms (compile: 11ms, render: 119ms)
 PUT /api/user/state/public?client_id=7b5ed7d6-2bbe-4d28-a721-72caa42b0147 200 in 127ms (compile: 10ms, render: 116ms)
 PUT /api/user/state/public?client_id=7b5ed7d6-2bbe-4d28-a721-72caa42b0147 200 in 130ms (compile: 9ms, render: 122ms)
 PUT /api/user/state/public?client_id=7b5ed7d6-2bbe-4d28-a721-72caa42b0147 200 in 147ms (compile: 13ms, render: 134ms)
 PUT /api/user/state/public?client_id=7b5ed7d6-2bbe-4d28-a721-72caa42b0147 200 in 134ms (compile: 10ms, render: 123ms)
 PUT /api/user/state/public?client_id=7b5ed7d6-2bbe-4d28-a721-72caa42b0147 200 in 129ms (compile: 13ms, render: 116ms)
 PUT /api/user/state/public?client_id=7b5ed7d6-2bbe-4d28-a721-72caa42b0147 200 in 131ms (compile: 12ms, render: 119ms)
 PUT /api/user/state/public?client_id=7b5ed7d6-2bbe-4d28-a721-72caa42b0147 200 in 136ms (compile: 17ms, render: 120ms)
 PUT /api/user/state/public?client_id=7b5ed7d6-2bbe-4d28-a721-72caa42b0147 200 in 154ms (compile: 17ms, render: 137ms)
 PUT /api/user/state/public?client_id=7b5ed7d6-2bbe-4d28-a721-72caa42b0147 200 in 131ms (compile: 13ms, render: 118ms)
 PUT /api/user/state/public?client_id=7b5ed7d6-2bbe-4d28-a721-72caa42b0147 200 in 167ms (compile: 23ms, render: 144ms)
 PUT /api/user/state/public?client_id=7b5ed7d6-2bbe-4d28-a721-72caa42b0147 200 in 142ms (compile: 15ms, render: 127ms)
 PUT /api/user/state/public?client_id=7b5ed7d6-2bbe-4d28-a721-72caa42b0147 200 in 147ms (compile: 11ms, render: 137ms)
 PUT /api/user/state/public?client_id=7b5ed7d6-2bbe-4d28-a721-72caa42b0147 200 in 129ms (compile: 11ms, render: 118ms)
 PUT /api/user/state/public?client_id=7b5ed7d6-2bbe-4d28-a721-72caa42b0147 200 in 137ms (compile: 18ms, render: 118ms)
 GET /api/user/trade-stats/public?strategy_id=hull-ha-gold-scalper 200 in 181ms (compile: 10ms, render: 171ms)
 POST /api/ai/bridge/task 401 in 11ms (compile: 3ms, render: 8ms)
 POST /api/user/trade-logs/public 201 in 61ms (compile: 3ms, render: 58ms)
 POST /api/telegram/signal 200 in 866ms (compile: 4ms, render: 862ms)
 PUT /api/user/state/public?client_id=7b5ed7d6-2bbe-4d28-a721-72caa42b0147 200 in 154ms (compile: 20ms, render: 133ms)
 PUT /api/user/state/public?client_id=7b5ed7d6-2bbe-4d28-a721-72caa42b0147 200 in 139ms (compile: 12ms, render: 126ms)
 PUT /api/user/state/public?client_id=7b5ed7d6-2bbe-4d28-a721-72caa42b0147 200 in 132ms (compile: 12ms, render: 120ms)
 PUT /api/user/state/public?client_id=7b5ed7d6-2bbe-4d28-a721-72caa42b0147 200 in 142ms (compile: 13ms, render: 130ms)
 PUT /api/user/state/public?client_id=7b5ed7d6-2bbe-4d28-a721-72caa42b0147 200 in 133ms (compile: 14ms, render: 119ms)
 PUT /api/user/state/public?client_id=7b5ed7d6-2bbe-4d28-a721-72caa42b0147 200 in 157ms (compile: 24ms, render: 133ms)
 PUT /api/user/state/public?client_id=7b5ed7d6-2bbe-4d28-a721-72caa42b0147 200 in 130ms (compile: 13ms, render: 116ms)
 PUT /api/user/state/public?client_id=7b5ed7d6-2bbe-4d28-a721-72caa42b0147 200 in 161ms (compile: 28ms, render: 133ms)
 PUT /api/user/state/public?client_id=7b5ed7d6-2bbe-4d28-a721-72caa42b0147 200 in 145ms (compile: 17ms, render: 128ms)
 PUT /api/user/state/public?client_id=7b5ed7d6-2bbe-4d28-a721-72caa42b0147 200 in 168ms (compile: 11ms, render: 157ms)
 PUT /api/user/state/public?client_id=7b5ed7d6-2bbe-4d28-a721-72caa42b0147 200 in 157ms (compile: 14ms, render: 143ms)
 PUT /api/user/state/public?client_id=7b5ed7d6-2bbe-4d28-a721-72caa42b0147 200 in 144ms (compile: 14ms, render: 130ms)
 PUT /api/user/state/public?client_id=7b5ed7d6-2bbe-4d28-a721-72caa42b0147 200 in 146ms (compile: 18ms, render: 128ms)
 PUT /api/user/state/public?client_id=7b5ed7d6-2bbe-4d28-a721-72caa42b0147 200 in 137ms (compile: 14ms, render: 123ms)
 PUT /api/user/state/public?client_id=7b5ed7d6-2bbe-4d28-a721-72caa42b0147 200 in 141ms (compile: 14ms, render: 127ms)
 PUT /api/user/state/public?client_id=7b5ed7d6-2bbe-4d28-a721-72caa42b0147 200 in 138ms (compile: 16ms, render: 121ms)
 PUT /api/user/state/public?client_id=7b5ed7d6-2bbe-4d28-a721-72caa42b0147 200 in 151ms (compile: 12ms, render: 138ms)
 PUT /api/user/state/public?client_id=7b5ed7d6-2bbe-4d28-a721-72caa42b0147 200 in 138ms (compile: 12ms, render: 126ms)
 PUT /api/user/state/public?client_id=7b5ed7d6-2bbe-4d28-a721-72caa42b0147 200 in 134ms (compile: 13ms, render: 121ms)
 PUT /api/user/state/public?client_id=7b5ed7d6-2bbe-4d28-a721-72caa42b0147 200 in 157ms (compile: 16ms, render: 141ms)
 PUT /api/user/state/public?client_id=7b5ed7d6-2bbe-4d28-a721-72caa42b0147 200 in 148ms (compile: 18ms, render: 130ms)
 PUT /api/user/state/public?client_id=7b5ed7d6-2bbe-4d28-a721-72caa42b0147 200 in 152ms (compile: 17ms, render: 136ms)
 PUT /api/user/state/public?client_id=7b5ed7d6-2bbe-4d28-a721-72caa42b0147 200 in 145ms (compile: 13ms, render: 132ms)
 PUT /api/user/state/public?client_id=7b5ed7d6-2bbe-4d28-a721-72caa42b0147 200 in 154ms (compile: 21ms, render: 133ms)
 PUT /api/user/state/public?client_id=7b5ed7d6-2bbe-4d28-a721-72caa42b0147 200 in 150ms (compile: 13ms, render: 137ms)
 PUT /api/user/state/public?client_id=7b5ed7d6-2bbe-4d28-a721-72caa42b0147 200 in 136ms (compile: 13ms, render: 123ms)
 PUT /api/user/state/public?client_id=7b5ed7d6-2bbe-4d28-a721-72caa42b0147 200 in 137ms (compile: 14ms, render: 123ms)
 PUT /api/user/state/public?client_id=7b5ed7d6-2bbe-4d28-a721-72caa42b0147 200 in 165ms (compile: 23ms, render: 142ms)
 PUT /api/user/state/public?client_id=7b5ed7d6-2bbe-4d28-a721-72caa42b0147 200 in 148ms (compile: 15ms, render: 133ms)
 PUT /api/user/state/public?client_id=7b5ed7d6-2bbe-4d28-a721-72caa42b0147 200 in 128ms (compile: 10ms, render: 118ms)
 PUT /api/user/state/public?client_id=7b5ed7d6-2bbe-4d28-a721-72caa42b0147 200 in 147ms (compile: 15ms, render: 132ms)
 PUT /api/user/state/public?client_id=7b5ed7d6-2bbe-4d28-a721-72caa42b0147 200 in 142ms (compile: 12ms, render: 130ms)
 PUT /api/user/state/public?client_id=7b5ed7d6-2bbe-4d28-a721-72caa42b0147 200 in 132ms (compile: 8ms, render: 124ms)
 PUT /api/user/state/public?client_id=7b5ed7d6-2bbe-4d28-a721-72caa42b0147 200 in 129ms (compile: 16ms, render: 113ms)
 PUT /api/user/state/public?client_id=7b5ed7d6-2bbe-4d28-a721-72caa42b0147 200 in 141ms (compile: 19ms, render: 122ms)
 PUT /api/user/state/public?client_id=7b5ed7d6-2bbe-4d28-a721-72caa42b0147 200 in 134ms (compile: 8ms, render: 126ms)
 PUT /api/user/state/public?client_id=7b5ed7d6-2bbe-4d28-a721-72caa42b0147 200 in 142ms (compile: 16ms, render: 125ms)
 PUT /api/user/state/public?client_id=7b5ed7d6-2bbe-4d28-a721-72caa42b0147 200 in 133ms (compile: 15ms, render: 118ms)
 PUT /api/user/state/public?client_id=7b5ed7d6-2bbe-4d28-a721-72caa42b0147 200 in 147ms (compile: 23ms, render: 124ms)
 PUT /api/user/state/public?client_id=7b5ed7d6-2bbe-4d28-a721-72caa42b0147 200 in 138ms (compile: 12ms, render: 126ms)
 PUT /api/user/state/public?client_id=7b5ed7d6-2bbe-4d28-a721-72caa42b0147 200 in 144ms (compile: 14ms, render: 130ms)
 PUT /api/user/state/public?client_id=7b5ed7d6-2bbe-4d28-a721-72caa42b0147 200 in 135ms (compile: 14ms, render: 122ms)
 PUT /api/user/state/public?client_id=7b5ed7d6-2bbe-4d28-a721-72caa42b0147 200 in 136ms (compile: 15ms, render: 121ms)
 PUT /api/user/state/public?client_id=7b5ed7d6-2bbe-4d28-a721-72caa42b0147 200 in 138ms (compile: 12ms, render: 126ms)
 PUT /api/user/state/public?client_id=7b5ed7d6-2bbe-4d28-a721-72caa42b0147 200 in 158ms (compile: 24ms, render: 133ms)
 PUT /api/user/state/public?client_id=7b5ed7d6-2bbe-4d28-a721-72caa42b0147 200 in 154ms (compile: 23ms, render: 130ms)
 PUT /api/user/state/public?client_id=7b5ed7d6-2bbe-4d28-a721-72caa42b0147 200 in 163ms (compile: 14ms, render: 149ms)
 PUT /api/user/state/public?client_id=7b5ed7d6-2bbe-4d28-a721-72caa42b0147 200 in 156ms (compile: 19ms, render: 137ms)
 PUT /api/user/state/public?client_id=7b5ed7d6-2bbe-4d28-a721-72caa42b0147 200 in 164ms (compile: 20ms, render: 144ms)
 PUT /api/user/state/public?client_id=7b5ed7d6-2bbe-4d28-a721-72caa42b0147 200 in 145ms (compile: 19ms, render: 126ms)
 PUT /api/user/state/public?client_id=7b5ed7d6-2bbe-4d28-a721-72caa42b0147 200 in 157ms (compile: 13ms, render: 144ms)
 PUT /api/user/state/public?client_id=7b5ed7d6-2bbe-4d28-a721-72caa42b0147 200 in 146ms (compile: 15ms, render: 131ms)
 PUT /api/user/state/public?client_id=7b5ed7d6-2bbe-4d28-a721-72caa42b0147 200 in 134ms (compile: 12ms, render: 122ms)
 PUT /api/user/state/public?client_id=7b5ed7d6-2bbe-4d28-a721-72caa42b0147 200 in 178ms (compile: 12ms, render: 166ms)
 PUT /api/user/state/public?client_id=7b5ed7d6-2bbe-4d28-a721-72caa42b0147 200 in 155ms (compile: 21ms, render: 135ms)
 PUT /api/user/state/public?client_id=7b5ed7d6-2bbe-4d28-a721-72caa42b0147 200 in 131ms (compile: 13ms, render: 118ms)
 PUT /api/user/state/public?client_id=7b5ed7d6-2bbe-4d28-a721-72caa42b0147 200 in 140ms (compile: 16ms, render: 124ms)
 PUT /api/user/state/public?client_id=7b5ed7d6-2bbe-4d28-a721-72caa42b0147 200 in 150ms (compile: 15ms, render: 136ms)
 PUT /api/user/state/public?client_id=7b5ed7d6-2bbe-4d28-a721-72caa42b0147 200 in 142ms (compile: 11ms, render: 130ms)

D:\TradingWeb\BE_ViewChart\modern-view-chart>